,PLAYER,POS,AGE,TEAM,G,GS,MP,FG,FGA,FG%,3P,3PA,3P%,2P,2PA,2P%,eFG%,FT,FTA,FT%,ORB,DRB,TRB,AST,STL,BLK,TOV,PF,PTS,SEASON,VALUE
0,Devin Harris,SG,29,ATL,58,34,24.5,3.3,7.6,0.438,1.3,4.0,0.335,2.0,3.7,0.549,0.525,1.9,2.7,0.727,0.1,1.9,2.0,3.4,1.1,0.2,1.5,1.8,9.9,2012-13,2.978230680460866
1,Al Horford,C,26,ATL,74,74,37.2,7.8,14.3,0.543,0.0,0.1,0.5,7.7,14.2,0.544,0.545,1.8,2.8,0.644,2.6,7.6,10.2,3.2,1.1,1.1,2.0,2.2,17.4,2012-13,6.173750042403192
2,John Jenkins,SG,21,ATL,61,2,14.8,2.1,4.8,0.446,0.9,2.3,0.384,1.3,2.6,0.5,0.536,1.0,1.1,0.843,0.3,1.3,1.5,0.9,0.2,0.2,0.7,0.6,6.1,2012-13,-1.2570350659006166
3,Ivan Johnson,PF,28,ATL,69,5,15.0,2.7,5.2,0.52,0.0,0.2,0.077,2.7,5.0,0.536,0.521,1.2,1.9,0.618,1.1,2.8,3.9,0.7,0.8,0.2,1.0,1.9,6.6,2012-13,-0.7354320511322388
4,Kyle Korver,SF,31,ATL,74,60,30.5,3.7,8.1,0.461,2.6,5.6,0.457,1.2,2.5,0.471,0.618,0.9,1.1,0.859,0.3,3.6,4.0,2.0,0.9,0.5,0.9,2.3,10.9,2012-13,5.605041521931959
5,Zaza Pachulia,C,28,ATL,52,15,21.8,2.2,4.6,0.473,0.0,0.1,0.0,2.2,4.6,0.479,0.473,1.5,2.0,0.757,2.5,3.9,6.5,1.5,0.7,0.2,1.3,2.5,5.9,2012-13,0.6402174781875096
6,Johan Petro,C,27,ATL,31,8,11.4,1.5,3.5,0.436,0.0,0.1,0.25,1.5,3.4,0.443,0.441,0.4,0.4,0.917,1.1,2.5,3.6,0.5,0.3,0.3,0.8,1.5,3.5,2012-13,-1.9521448108951116
7,Mike Scott,PF,24,ATL,40,1,9.4,1.8,3.7,0.476,0.0,0.0,0.0,1.8,3.7,0.479,0.476,1.1,1.4,0.768,1.0,1.8,2.8,0.3,0.1,0.1,0.5,0.8,4.6,2012-13,-3.012965186210338
8,Josh Smith,PF,27,ATL,76,76,35.3,7.2,15.6,0.465,0.8,2.6,0.303,6.4,12.9,0.498,0.491,2.2,4.2,0.517,1.8,6.7,8.4,4.2,1.2,1.8,3.0,2.3,17.5,2012-13,6.002250621448864
9,DeShawn Stevenson,SG,31,ATL,56,31,20.7,1.8,4.7,0.374,1.4,3.7,0.364,0.4,0.9,0.415,0.519,0.2,0.4,0.522,0.3,1.9,2.2,0.9,0.5,0.1,0.4,1.2,5.1,2012-13,-2.136271350818947
10,Jeff Teague,PG,24,ATL,80,78,32.9,5.5,12.2,0.451,1.1,3.1,0.359,4.4,9.1,0.482,0.496,2.5,2.8,0.881,0.3,1.9,2.3,7.2,1.5,0.4,2.9,2.3,14.6,2012-13,7.602962194888995
11,Anthony Tolliver,SF,27,ATL,62,11,15.5,1.3,3.5,0.38,0.7,2.1,0.338,0.6,1.3,0.446,0.484,0.7,0.8,0.863,0.5,2.0,2.5,0.5,0.2,0.2,0.6,1.1,4.1,2012-13,-2.3073436865412953
12,Lou Williams,SG,26,ATL,39,9,28.7,4.8,11.4,0.422,1.8,5.0,0.367,2.9,6.3,0.466,0.503,2.7,3.1,0.868,0.2,1.8,2.1,3.6,1.1,0.3,1.9,1.4,14.1,2012-13,5.220643328208695
13,Andray Blatche,C,26,BRK,82,8,19.0,4.2,8.2,0.512,0.0,0.3,0.136,4.2,8.0,0.524,0.514,1.8,2.6,0.685,2.0,3.1,5.1,1.0,1.0,0.7,1.5,2.0,10.3,2012-13,1.307292600592147
14,Keith Bogans,SG,32,BRK,74,23,19.0,1.5,3.8,0.38,1.1,3.3,0.343,0.3,0.5,0.615,0.528,0.1,0.2,0.647,0.2,1.4,1.6,1.0,0.4,0.1,0.7,1.5,4.2,2012-13,-2.446541033040054
15,MarShon Brooks,SG,24,BRK,73,2,12.5,2.1,4.6,0.463,0.2,0.8,0.273,1.9,3.8,0.5,0.485,0.9,1.3,0.734,0.4,1.0,1.4,1.0,0.5,0.2,0.9,1.3,5.4,2012-13,-2.1361607342105744
16,Josh Childress,SF,29,BRK,14,0,7.1,0.4,1.5,0.286,0.1,0.2,0.333,0.4,1.3,0.278,0.31,0.1,0.1,0.5,0.4,0.6,1.1,0.4,0.1,0.1,0.0,0.2,1.0,2012-13,-7.467449540059457
17,Reggie Evans,PF,32,BRK,80,56,24.6,1.6,3.3,0.479,0.0,0.0,0.0,1.6,3.3,0.479,0.479,1.4,2.8,0.509,3.3,7.9,11.1,0.5,0.9,0.2,1.4,2.5,4.5,2012-13,0.8824009639171914
18,Kris Humphries,PF,27,BRK,65,21,18.3,2.1,4.8,0.448,0.0,0.0,0.0,2.1,4.7,0.451,0.448,1.5,1.9,0.789,1.9,3.7,5.6,0.5,0.2,0.5,0.9,2.0,5.8,2012-13,-1.5140881692282138
19,Damion James,SF,25,BRK,2,0,0.0,0.0,0.0,0.0,0.0,0.0,0.0,0.0,0.0,0.0,0.0,0.0,0.0,0.0,0.0,0.5,0.5,0.0,0.0,0.0,0.0,0.0,0.0,2012-13,-14.003198651033177
20,Joe Johnson,SG,31,BRK,72,72,36.7,6.2,14.6,0.423,2.1,5.5,0.375,4.1,9.1,0.452,0.493,1.8,2.2,0.82,0.7,2.3,3.0,3.5,0.7,0.2,1.7,1.4,16.3,2012-13,5.221991173396326
21,Brook Lopez,C,24,BRK,74,74,30.4,7.7,14.8,0.521,0.0,0.0,0.0,7.7,14.8,0.522,0.521,4.0,5.3,0.758,2.8,4.1,6.9,0.9,0.4,2.1,1.8,2.1,19.4,2012-13,2.730779654200025
22,Tornike Shengelia,SF,21,BRK,19,0,4.9,0.5,1.2,0.435,0.1,0.1,0.5,0.5,1.1,0.429,0.457,0.5,0.8,0.563,0.5,0.7,1.2,0.2,0.2,0.1,0.6,0.6,1.6,2012-13,-5.362612625351183
23,Jerry Stackhouse,SF,38,BRK,37,0,14.7,1.8,4.6,0.384,0.8,2.4,0.337,1.0,2.2,0.434,0.471,0.5,0.6,0.87,0.1,0.8,0.9,0.9,0.2,0.1,0.6,0.8,4.9,2012-13,-2.350779625263695
24,Tyshawn Taylor,PG,22,BRK,38,0,5.8,0.8,2.3,0.368,0.2,0.3,0.462,0.7,1.9,0.351,0.402,0.4,0.7,0.556,0.1,0.4,0.5,0.6,0.3,0.0,0.7,0.7,2.2,2012-13,-5.648133045838513
25,Mirza Teletović,PF,27,BRK,53,0,9.4,1.3,3.5,0.384,0.7,2.0,0.343,0.6,1.5,0.442,0.484,0.2,0.2,0.818,0.6,1.2,1.8,0.4,0.2,0.2,0.4,1.0,3.5,2012-13,-2.9459786703779844
26,Gerald Wallace,SF,30,BRK,69,68,30.1,2.6,6.6,0.397,0.7,2.4,0.282,2.0,4.3,0.461,0.448,1.8,2.8,0.637,1.0,3.6,4.6,2.6,1.4,0.7,1.6,1.7,7.7,2012-13,2.067136326999598
27,C.J. Watson,PG,28,BRK,80,8,19.0,2.4,5.7,0.418,1.1,2.7,0.411,1.3,3.1,0.424,0.514,0.9,1.1,0.78,0.5,1.3,1.8,2.0,0.8,0.2,0.9,1.5,6.8,2012-13,0.6519481396409975
28,Deron Williams,PG,28,BRK,78,78,36.4,6.3,14.4,0.44,2.2,5.7,0.378,4.2,8.7,0.482,0.516,4.1,4.7,0.859,0.4,2.6,3.0,7.7,1.0,0.4,2.8,2.5,18.9,2012-13,9.22714971608176
29,Leandro Barbosa,PG,30,BOS,41,2,12.5,2.0,4.7,0.43,0.4,1.1,0.383,1.6,3.6,0.445,0.477,0.8,1.0,0.756,0.2,0.9,1.1,1.4,0.4,0.1,0.5,1.2,5.2,2012-13,-2.2170813450664646
30,Brandon Bass,PF,27,BOS,81,69,27.6,3.5,7.3,0.486,0.0,0.0,0.0,3.5,7.2,0.487,0.486,1.6,1.9,0.86,1.6,3.7,5.2,1.0,0.5,0.8,1.0,2.3,8.7,2012-13,0.5707184234367313
31,Avery Bradley,PG,22,BOS,50,50,28.7,3.8,9.6,0.402,0.8,2.5,0.317,3.0,7.0,0.432,0.444,0.7,1.0,0.755,0.6,1.6,2.2,2.1,1.3,0.4,1.4,2.6,9.2,2012-13,1.6986331841574662
32,Kevin Garnett,C,36,BOS,68,68,29.7,6.2,12.5,0.496,0.0,0.2,0.125,6.2,12.3,0.504,0.498,2.3,3.0,0.786,1.1,6.7,7.8,2.3,1.1,0.9,1.6,2.3,14.8,2012-13,4.515361080142298
33,Jeff Green,PF,26,BOS,81,17,27.8,4.6,10.0,0.467,0.9,2.2,0.385,3.8,7.7,0.49,0.51,2.6,3.3,0.808,0.7,3.2,3.9,1.6,0.7,0.8,1.6,2.2,12.8,2012-13,2.4732098594893204
34,Courtney Lee,SG,27,BOS,78,39,24.9,3.2,6.8,0.464,0.7,2.0,0.372,2.4,4.8,0.503,0.519,0.8,0.9,0.861,0.4,2.0,2.4,1.8,1.1,0.3,1.1,1.8,7.8,2012-13,1.9350431198684463
35,Fab Melo,C,22,BOS,6,0,6.0,0.5,1.0,0.5,0.0,0.0,0.0,0.5,1.0,0.5,0.5,0.2,0.7,0.25,0.0,0.5,0.5,0.0,0.3,0.3,0.2,1.2,1.2,2012-13,-6.729404519294181
36,Darko Miličić,C,27,BOS,1,0,5.0,0.0,1.0,0.0,0.0,0.0,0.0,0.0,1.0,0.0,0.0,0.0,0.0,0.0,0.0,1.0,1.0,0.0,0.0,0.0,2.0,1.0,0.0,2012-13,-13.803979475070799
37,Paul Pierce,SF,35,BOS,77,77,33.4,6.2,14.2,0.436,1.9,5.0,0.38,4.3,9.2,0.466,0.502,4.3,5.5,0.787,0.6,5.7,6.3,4.8,1.1,0.4,2.8,2.7,18.6,2012-13,8.243455424491078
38,Shavlik Randolph,PF,29,BOS,16,0,12.4,1.8,3.0,0.583,0.0,0.0,0.0,1.8,3.0,0.583,0.583,0.7,1.7,0.407,1.8,2.6,4.4,0.3,0.5,0.4,0.6,2.4,4.2,2012-13,-2.3453101366699576
39,Rajon Rondo,PG,26,BOS,38,38,37.4,5.9,12.2,0.484,0.3,1.3,0.24,5.6,10.9,0.513,0.497,1.6,2.4,0.645,1.1,4.4,5.6,11.1,1.8,0.2,3.9,2.5,13.7,2012-13,9.489236220022569
40,Jared Sullinger,PF,20,BOS,45,5,19.8,2.5,5.0,0.493,0.0,0.1,0.2,2.4,4.9,0.5,0.496,1.0,1.4,0.746,2.0,3.8,5.9,0.8,0.5,0.5,0.6,3.4,6.0,2012-13,-0.2785305774093161
41,Jason Terry,SG,35,BOS,79,24,26.9,3.6,8.2,0.434,1.6,4.2,0.372,2.0,4.0,0.498,0.529,1.4,1.7,0.87,0.2,1.8,2.0,2.5,0.8,0.1,1.3,1.4,10.1,2012-13,2.993084205780303
42,D.J. White,PF,26,BOS,12,0,7.2,1.0,1.9,0.522,0.0,0.0,0.0,1.0,1.9,0.522,0.522,0.4,0.8,0.556,0.3,0.8,1.1,0.3,0.1,0.5,0.2,0.4,2.4,2012-13,-4.7356796728363495
43,Chris Wilcox,C,30,BOS,61,7,13.6,1.8,2.5,0.719,0.0,0.0,0.0,1.8,2.5,0.724,0.719,0.6,1.0,0.672,0.9,2.0,3.0,0.4,0.5,0.5,0.6,2.0,4.2,2012-13,-0.08231382282493893
44,Terrence Williams,SF,25,BOS,24,0,13.3,2.0,4.0,0.495,0.2,0.6,0.333,1.8,3.4,0.524,0.521,0.4,0.9,0.429,0.2,1.7,1.8,1.6,0.5,0.1,0.9,0.5,4.6,2012-13,-3.0649004622090166
45,Marco Belinelli,SG,26,CHI,73,27,25.8,3.3,8.4,0.395,1.1,3.0,0.357,2.2,5.3,0.416,0.46,1.9,2.3,0.839,0.2,1.7,1.9,2.0,0.6,0.1,1.1,1.9,9.6,2012-13,0.8216611991314747
46,Carlos Boozer,PF,31,CHI,79,79,32.2,6.9,14.4,0.477,0.0,0.0,0.0,6.9,14.4,0.478,0.477,2.4,3.3,0.731,2.2,7.5,9.8,2.3,0.8,0.4,2.2,3.0,16.2,2012-13,4.402733848445055
47,Jimmy Butler,SF,23,CHI,82,20,26.0,2.9,6.2,0.467,0.5,1.3,0.381,2.4,5.0,0.489,0.506,2.3,2.8,0.803,1.7,2.3,4.0,1.4,1.0,0.4,0.8,1.2,8.6,2012-13,1.6949874443254398
48,Luol Deng,SF,27,CHI,75,75,38.7,6.2,14.6,0.426,1.0,3.1,0.322,5.2,11.5,0.455,0.461,3.1,3.8,0.816,2.2,4.2,6.3,3.0,1.1,0.4,1.9,1.4,16.5,2012-13,5.564891209681939
49,Taj Gibson,PF,27,CHI,65,5,22.4,3.3,6.8,0.485,0.0,0.1,0.0,3.3,6.7,0.49,0.485,1.4,2.0,0.679,1.9,3.4,5.3,0.9,0.4,1.4,1.2,2.6,8.0,2012-13,-0.7585066451473356
50,Richard Hamilton,SG,34,CHI,50,45,21.8,4.1,9.5,0.429,0.3,1.0,0.308,3.8,8.5,0.444,0.446,1.3,1.5,0.857,0.3,1.3,1.7,2.4,0.5,0.1,1.7,1.9,9.8,2012-13,0.008207038330849736
51,Kirk Hinrich,PG,32,CHI,60,60,29.4,2.7,7.0,0.377,1.2,3.0,0.39,1.5,4.0,0.367,0.461,1.2,1.6,0.714,0.3,2.4,2.6,5.2,1.1,0.4,1.7,3.2,7.7,2012-13,2.9763995302591613
52,Nazr Mohammed,C,35,CHI,63,12,11.0,1.0,2.9,0.367,0.0,0.0,0.0,1.0,2.8,0.371,0.367,0.5,0.7,0.723,1.2,1.9,3.1,0.4,0.3,0.5,0.4,1.5,2.6,2012-13,-4.085500090247733
53,Joakim Noah,C,27,CHI,66,64,36.8,4.6,9.5,0.481,0.0,0.1,0.0,4.6,9.5,0.485,0.481,2.7,3.6,0.751,3.9,7.2,11.1,4.0,1.2,2.1,2.7,2.8,11.9,2012-13,6.13522391797777
54,Vladimir Radmanović,PF,32,CHI,25,0,5.8,0.5,1.7,0.302,0.2,1.1,0.185,0.3,0.6,0.5,0.36,0.1,0.1,0.667,0.4,0.7,1.1,0.3,0.3,0.2,0.3,1.2,1.3,2012-13,-5.82511072884638
55,Nate Robinson,PG,28,CHI,82,23,25.4,4.9,11.2,0.433,1.7,4.2,0.405,3.1,7.0,0.45,0.51,1.6,2.1,0.799,0.4,1.9,2.2,4.4,1.0,0.1,1.8,2.5,13.1,2012-13,4.892585784011635
56,Marquis Teague,PG,19,CHI,48,0,8.2,0.9,2.4,0.381,0.1,0.5,0.174,0.8,1.9,0.433,0.398,0.2,0.3,0.563,0.1,0.9,0.9,1.3,0.2,0.1,0.7,1.0,2.1,2012-13,-5.329748617115181
57,Jeff Adrien,PF,26,CHA,52,5,13.7,1.4,3.2,0.429,0.0,0.0,0.0,1.4,3.2,0.434,0.429,1.3,1.9,0.65,1.3,2.5,3.8,0.7,0.3,0.5,0.6,1.5,4.0,2012-13,-3.1409798425173303
58,Bismack Biyombo,C,20,CHA,80,65,27.3,2.0,4.3,0.451,0.0,0.0,0.0,2.0,4.3,0.451,0.451,0.9,1.8,0.521,2.4,4.9,7.3,0.4,0.4,1.8,1.0,2.4,4.8,2012-13,-1.9922306928464133
59,Matt Carroll,SG,32,CHA,1,0,6.0,0.0,0.0,0.0,0.0,0.0,0.0,0.0,0.0,0.0,0.0,0.0,0.0,0.0,0.0,0.0,0.0,1.0,0.0,0.0,0.0,1.0,0.0,2012-13,-13.649557675840208
60,DeSagana Diop,C,31,CHA,22,1,10.3,0.4,1.2,0.296,0.0,0.0,0.0,0.4,1.2,0.308,0.296,0.0,0.0,0.0,0.5,1.9,2.3,0.6,0.2,0.7,0.4,0.9,0.7,2012-13,-9.374626668584362
61,Ben Gordon,SG,29,CHA,75,0,20.8,4.1,10.1,0.408,1.5,3.9,0.387,2.6,6.2,0.421,0.482,1.4,1.7,0.843,0.2,1.5,1.7,1.9,0.5,0.2,1.8,1.8,11.2,2012-13,1.5033869015588475
62,Brendan Haywood,C,33,CHA,61,17,19.0,1.5,3.5,0.431,0.0,0.0,0.0,1.5,3.5,0.433,0.431,0.5,1.1,0.455,2.0,2.7,4.8,0.5,0.3,0.8,0.8,2.0,3.5,2012-13,-3.9456632775515468
63,Gerald Henderson,SG,25,CHA,68,58,31.4,5.6,12.6,0.447,0.5,1.5,0.33,5.1,11.1,0.462,0.466,3.8,4.6,0.824,0.8,2.9,3.7,2.6,1.0,0.5,1.6,2.2,15.5,2012-13,3.401375855376098
64,Cory Higgins,SG,23,CHA,6,0,5.3,1.0,3.2,0.316,0.2,0.8,0.2,0.8,2.3,0.357,0.342,0.2,0.3,0.5,0.2,0.3,0.5,0.8,0.5,0.0,0.0,0.8,2.3,2012-13,-5.883567228794603
65,Michael Kidd-Gilchrist,SF,19,CHA,78,77,26.0,3.6,7.9,0.458,0.0,0.1,0.222,3.6,7.7,0.462,0.46,1.8,2.4,0.749,1.7,4.2,5.8,1.5,0.7,0.9,1.3,2.1,9.0,2012-13,0.7313342936061993
66,Byron Mullens,PF,23,CHA,53,41,26.9,4.1,10.6,0.385,1.2,3.9,0.317,2.8,6.7,0.425,0.444,1.2,1.9,0.646,1.3,5.0,6.4,1.5,0.6,0.6,1.4,2.1,10.6,2012-13,1.5577029821964208
67,Ramon Sessions,SG,26,CHA,61,0,27.1,4.5,11.1,0.408,0.5,1.8,0.308,4.0,9.3,0.427,0.433,4.8,5.7,0.839,0.4,2.3,2.8,3.8,0.8,0.1,1.7,1.5,14.4,2012-13,2.734226348907388
68,Jeff Taylor,SF,23,CHA,77,29,19.6,2.2,5.2,0.431,0.7,2.0,0.344,1.5,3.2,0.486,0.497,1.0,1.3,0.728,0.7,1.3,1.9,0.8,0.6,0.2,0.6,1.8,6.1,2012-13,-1.296525128149088
69,Tyrus Thomas,PF,26,CHA,26,2,13.8,1.8,5.2,0.353,0.1,0.3,0.375,1.7,4.9,0.352,0.364,1.0,1.2,0.839,0.6,1.7,2.3,0.7,0.5,0.6,0.7,2.0,4.8,2012-13,-2.7661817426763977
70,Kemba Walker,PG,22,CHA,82,82,34.9,6.4,15.2,0.423,1.3,4.0,0.322,5.1,11.1,0.459,0.466,3.6,4.5,0.798,0.7,2.7,3.5,5.7,2.0,0.4,2.4,1.9,17.7,2012-13,8.536938715347064
71,Reggie Williams,SF,26,CHA,40,0,9.5,1.4,3.3,0.432,0.6,1.8,0.306,0.9,1.5,0.583,0.515,0.3,0.5,0.476,0.2,1.1,1.3,1.0,0.3,0.0,0.5,0.5,3.7,2012-13,-4.005745696764928
72,Omri Casspi,SF,24,CLE,43,1,11.7,1.5,3.7,0.394,0.6,1.8,0.329,0.9,2.0,0.452,0.472,0.5,1.0,0.537,0.5,2.2,2.7,0.7,0.6,0.3,0.5,1.0,4.0,2012-13,-2.940719808120337
73,Alonzo Gee,SF,25,CLE,82,82,31.0,3.7,9.1,0.41,0.8,2.7,0.315,2.9,6.4,0.45,0.456,2.0,2.5,0.795,0.9,3.0,3.9,1.6,1.3,0.4,1.6,2.4,10.3,2012-13,2.5902108578122904
74,Daniel Gibson,PG,26,CLE,46,3,20.0,1.8,5.4,0.34,1.2,3.5,0.344,0.6,1.8,0.333,0.453,0.6,0.8,0.703,0.1,1.2,1.3,1.8,0.7,0.1,0.7,1.9,5.4,2012-13,-1.1832323434367784
75,Kyrie Irving,PG,20,CLE,59,59,34.7,8.2,18.1,0.452,1.8,4.7,0.391,6.4,13.4,0.474,0.503,4.2,4.9,0.855,0.6,3.1,3.7,5.9,1.5,0.4,3.2,2.5,22.5,2012-13,9.804446181101314
76,Kevin Jones,PF,23,CLE,32,0,10.4,1.3,3.3,0.402,0.0,0.0,0.0,1.3,3.3,0.402,0.402,0.3,0.5,0.6,1.2,1.3,2.4,0.3,0.3,0.2,0.3,0.8,3.0,2012-13,-4.637168813552949
77,C.J. Miles,SF,25,CLE,65,13,21.0,3.9,9.4,0.415,1.9,5.0,0.384,2.0,4.4,0.451,0.518,1.4,1.6,0.869,0.4,2.3,2.7,1.0,0.8,0.3,1.1,2.1,11.2,2012-13,2.895905557122701
78,Chris Quinn,SG,29,CLE,7,0,11.1,0.6,2.3,0.25,0.0,0.7,0.0,0.6,1.6,0.364,0.25,0.3,0.3,1.0,0.1,0.1,0.3,1.3,0.4,0.0,0.9,0.6,1.4,2012-13,-4.42686900868371
79,Samardo Samuels,C,24,CLE,18,1,10.9,1.2,3.3,0.367,0.0,0.1,0.0,1.2,3.3,0.373,0.367,0.8,1.3,0.583,0.6,1.0,1.6,0.4,0.2,0.2,0.3,1.7,3.2,2012-13,-5.535530012066362
80,Tristan Thompson,PF,21,CLE,82,82,31.3,4.8,9.7,0.488,0.0,0.0,0.0,4.8,9.7,0.49,0.488,2.2,3.5,0.608,3.7,5.7,9.4,1.3,0.7,0.9,1.5,2.9,11.7,2012-13,2.1110255618504485
81,Anderson Varejão,C,30,CLE,25,25,36.0,5.5,11.6,0.478,0.0,0.2,0.0,5.5,11.4,0.486,0.478,3.1,4.1,0.755,5.5,8.9,14.4,3.4,1.5,0.6,1.8,2.7,14.1,2012-13,8.192617725713486
82,Dion Waiters,SG,21,CLE,61,48,28.8,5.5,13.4,0.412,1.0,3.3,0.31,4.5,10.0,0.446,0.451,2.6,3.5,0.746,0.4,2.1,2.4,3.0,1.0,0.3,2.0,1.9,14.7,2012-13,2.9472045627737624
83,Luke Walton,PF,32,CLE,50,0,17.1,1.4,3.6,0.392,0.4,1.3,0.299,1.0,2.3,0.447,0.448,0.2,0.4,0.5,0.8,2.1,2.9,3.3,0.8,0.3,1.2,2.0,3.4,2012-13,-1.5916473581993136
84,Tyler Zeller,C,23,CLE,77,55,26.4,3.2,7.3,0.438,0.0,0.1,0.0,3.2,7.2,0.441,0.438,1.6,2.0,0.764,2.1,3.6,5.7,1.2,0.5,0.9,1.2,3.3,7.9,2012-13,-0.2540020243054769
85,Josh Akognon,PG,26,DAL,3,0,3.0,0.7,1.3,0.5,0.3,0.7,0.5,0.3,0.7,0.5,0.625,0.0,0.0,0.0,0.0,0.3,0.3,0.3,0.0,0.0,0.0,1.0,1.7,2012-13,-8.095193172506503
86,Rodrigue Beaubois,PG,24,DAL,45,0,12.2,1.4,3.9,0.369,0.5,1.6,0.292,1.0,2.3,0.423,0.429,0.7,0.8,0.789,0.2,1.1,1.3,1.9,0.4,0.1,0.7,1.2,4.0,2012-13,-2.3735871394782015
87,Elton Brand,C,33,DAL,72,18,21.2,3.1,6.6,0.473,0.0,0.0,0.0,3.1,6.6,0.474,0.473,0.9,1.3,0.71,1.8,4.2,6.0,1.0,0.7,1.3,0.8,2.7,7.2,2012-13,0.15470720785522507
88,Vince Carter,SF,36,DAL,81,3,25.8,4.6,10.6,0.435,2.0,4.9,0.406,2.6,5.6,0.461,0.53,2.2,2.8,0.816,0.7,3.4,4.1,2.4,0.9,0.5,1.3,2.8,13.4,2012-13,4.930679805372094
89,Darren Collison,PG,25,DAL,81,47,29.3,4.2,8.9,0.471,0.6,1.7,0.353,3.6,7.3,0.498,0.504,3.0,3.4,0.88,0.4,2.3,2.7,5.1,1.2,0.1,2.1,1.7,12.0,2012-13,4.8909143206823265
90,Jae Crowder,SF,22,DAL,78,16,17.3,1.8,4.7,0.384,0.8,2.5,0.328,1.0,2.2,0.446,0.47,0.6,0.9,0.644,0.4,1.9,2.4,1.2,0.8,0.2,0.6,1.6,5.0,2012-13,-1.3862781822427248
91,Jared Cunningham,SG,21,DAL,8,0,3.3,0.8,1.8,0.429,0.3,0.4,0.667,0.5,1.4,0.364,0.5,0.3,0.3,1.0,0.1,0.3,0.4,0.1,0.1,0.0,0.3,0.4,2.0,2012-13,-3.361985289870327
92,Eddy Curry,C,30,DAL,2,0,12.5,2.0,4.0,0.5,0.0,0.0,0.0,2.0,4.0,0.5,0.5,0.5,2.0,0.25,1.0,1.0,2.0,0.0,0.0,0.0,1.5,3.5,4.5,2012-13,-6.2151238446456585
93,Justin Dentmon,PG,27,DAL,2,0,2.0,0.0,1.0,0.0,0.0,0.0,0.0,0.0,1.0,0.0,0.0,0.0,0.0,0.0,0.0,0.0,0.0,0.0,0.0,0.0,0.0,0.0,0.0,2012-13,-14.202417826995555
94,Chris Douglas-Roberts,SG,26,DAL,6,0,10.5,0.8,2.3,0.357,0.0,0.7,0.0,0.8,1.7,0.5,0.357,1.2,1.7,0.7,0.0,0.8,0.8,0.7,0.3,0.0,0.2,0.7,2.8,2012-13,-5.021441345407038
95,Bernard James,C,27,DAL,46,11,9.9,1.2,2.2,0.515,0.0,0.0,0.0,1.2,2.2,0.525,0.515,0.5,0.9,0.61,1.1,1.7,2.8,0.1,0.3,0.8,0.4,1.4,2.8,2012-13,-3.428344208339966
96,Mike James,PG,37,DAL,45,23,19.2,2.2,6.0,0.373,1.1,2.8,0.384,1.2,3.2,0.363,0.461,0.5,0.6,0.793,0.2,1.4,1.6,3.1,0.6,0.1,1.2,2.1,6.1,2012-13,0.20994471825061467
97,Dominique Jones,PG,24,DAL,29,3,11.7,1.4,3.8,0.367,0.0,0.3,0.111,1.3,3.4,0.39,0.372,1.2,1.8,0.66,0.6,0.9,1.6,2.9,0.5,0.1,1.3,1.0,4.0,2012-13,-2.9208228271495402
98,Chris Kaman,C,30,DAL,66,52,20.7,4.7,9.3,0.507,0.0,0.0,0.0,4.7,9.3,0.508,0.507,1.0,1.3,0.788,1.5,4.2,5.6,0.8,0.4,0.8,1.6,2.1,10.5,2012-13,0.5543376781057467
99,Shawn Marion,PF,34,DAL,67,67,30.0,5.3,10.3,0.514,0.3,1.1,0.315,5.0,9.2,0.538,0.531,1.2,1.5,0.782,2.2,5.7,7.8,2.4,1.1,0.7,1.5,1.7,12.1,2012-13,4.691598432244086
100,O.J. Mayo,SG,25,DAL,82,82,35.5,5.6,12.5,0.449,1.7,4.3,0.407,3.9,8.3,0.471,0.519,2.3,2.8,0.82,0.4,3.1,3.5,4.4,1.1,0.3,2.6,2.4,15.3,2012-13,6.310553807962647
101,Troy Murphy,PF,32,DAL,14,1,18.3,1.6,4.4,0.361,0.8,2.5,0.314,0.8,1.9,0.423,0.451,0.7,0.8,0.909,0.5,3.0,3.5,0.5,0.7,0.4,0.5,2.1,4.6,2012-13,-0.4797632541206119
102,Dirk Nowitzki,PF,34,DAL,53,47,31.3,6.5,13.7,0.471,1.2,3.0,0.414,5.2,10.8,0.487,0.516,3.1,3.6,0.86,0.7,6.2,6.8,2.5,0.7,0.7,1.3,1.8,17.3,2012-13,5.708409906852144
103,Brandan Wright,C,25,DAL,64,16,18.0,3.8,6.3,0.597,0.0,0.0,0.0,3.8,6.3,0.601,0.597,0.9,1.5,0.615,1.3,2.7,4.1,0.6,0.4,1.2,0.5,1.2,8.5,2012-13,-0.5130660368273581
104,Chris Wright,SG,23,DAL,3,0,1.3,0.3,0.7,0.5,0.0,0.0,0.0,0.3,0.7,0.5,0.5,0.0,0.0,0.0,0.0,0.0,0.0,0.0,0.0,0.0,0.3,0.0,0.7,2012-13,-9.01319329061264
105,Corey Brewer,SF,26,DEN,82,2,24.4,4.6,10.8,0.425,1.1,3.7,0.296,3.5,7.0,0.493,0.476,1.8,2.6,0.69,0.7,2.2,2.9,1.5,1.4,0.3,1.2,1.9,12.1,2012-13,2.7440707751618643
106,Wilson Chandler,PF,25,DEN,43,8,25.1,4.9,10.6,0.462,1.2,2.9,0.413,3.7,7.7,0.48,0.519,2.0,2.6,0.793,1.0,4.0,5.1,1.3,1.0,0.3,1.4,2.8,13.0,2012-13,3.82692171988993
107,Kenneth Faried,PF,23,DEN,80,80,28.1,4.8,8.6,0.552,0.0,0.0,0.0,4.8,8.6,0.552,0.552,2.0,3.3,0.613,3.3,5.9,9.2,1.0,1.0,1.0,1.4,2.9,11.5,2012-13,3.1867868702938917
108,Evan Fournier,SG,20,DEN,38,4,11.3,2.0,4.0,0.493,0.6,1.4,0.407,1.4,2.6,0.541,0.566,0.8,1.0,0.769,0.2,0.8,0.9,1.2,0.5,0.0,0.8,1.7,5.3,2012-13,-1.1548846546336689
109,Danilo Gallinari,SF,24,DEN,71,71,32.5,5.1,12.3,0.418,1.9,5.1,0.373,3.2,7.2,0.45,0.495,4.0,4.9,0.822,0.9,4.3,5.2,2.5,0.9,0.5,1.6,1.8,16.2,2012-13,5.642580632927239
110,Jordan Hamilton,SF,22,DEN,40,1,9.9,2.1,5.0,0.418,0.7,1.8,0.37,1.4,3.2,0.445,0.485,0.3,0.7,0.5,0.8,1.6,2.4,0.6,0.4,0.2,0.5,0.6,5.2,2012-13,-3.1536676468774045
111,Andre Iguodala,SG,29,DEN,80,80,34.7,5.0,11.0,0.451,1.1,3.6,0.317,3.8,7.4,0.515,0.502,1.9,3.4,0.574,1.0,4.3,5.3,5.4,1.7,0.7,2.6,1.6,13.0,2012-13,6.3590602404331635
112,Kosta Koufos,C,23,DEN,81,81,22.4,3.6,6.3,0.581,0.0,0.0,0.0,3.6,6.3,0.582,0.581,0.7,1.3,0.558,2.6,4.3,6.9,0.4,0.5,1.3,0.7,3.0,8.0,2012-13,0.16822569808236865
113,Ty Lawson,PG,25,DEN,73,71,34.4,6.1,13.3,0.461,1.2,3.2,0.366,5.0,10.1,0.491,0.505,3.2,4.3,0.756,0.5,2.2,2.7,6.9,1.5,0.1,2.5,1.8,16.7,2012-13,7.574856062359677
114,JaVale McGee,C,25,DEN,79,0,18.1,3.8,6.7,0.575,0.0,0.0,1.0,3.8,6.7,0.574,0.576,1.4,2.4,0.591,2.0,2.8,4.8,0.3,0.4,2.0,1.1,2.3,9.1,2012-13,-0.639385727004626
115,Andre Miller,PG,36,DEN,82,11,26.2,3.7,7.7,0.479,0.2,0.8,0.266,3.5,6.9,0.504,0.493,2.0,2.4,0.84,0.7,2.2,2.9,5.9,0.9,0.1,2.1,1.9,9.6,2012-13,3.5632355795129382
116,Quincy Miller,PF,20,DEN,7,0,3.7,0.6,1.7,0.333,0.0,0.1,0.0,0.6,1.6,0.364,0.333,0.1,0.3,0.5,0.1,0.1,0.3,0.4,0.1,0.0,0.1,0.4,1.3,2012-13,-7.406064808608942
117,Timofey Mozgov,C,26,DEN,41,1,8.9,1.1,2.1,0.506,0.0,0.0,0.0,1.1,2.1,0.518,0.506,0.5,0.6,0.769,1.2,1.4,2.6,0.2,0.1,0.4,0.6,1.4,2.6,2012-13,-3.2027279724078808
118,Anthony Randolph,PF,23,DEN,39,0,8.4,1.4,2.9,0.491,0.0,0.2,0.0,1.4,2.7,0.528,0.491,0.8,1.2,0.689,0.7,1.7,2.4,0.3,0.5,0.5,0.9,1.1,3.7,2012-13,-2.6867463702936303
119,Julyan Stone,PG,24,DEN,4,0,7.0,0.5,0.5,1.0,0.0,0.0,0.0,0.5,0.5,1.0,1.0,0.8,1.0,0.75,0.5,0.3,0.8,0.5,0.3,0.0,0.5,1.0,1.8,2012-13,1.4577516889178839
120,Will Bynum,PG,30,DET,65,0,18.8,3.9,8.3,0.469,0.4,1.2,0.316,3.5,7.1,0.494,0.491,1.6,2.0,0.809,0.4,1.1,1.5,3.6,0.7,0.1,1.9,2.0,9.8,2012-13,1.3513189706233069
121,Andre Drummond,C,19,DET,60,10,20.7,3.5,5.7,0.608,0.0,0.0,0.5,3.5,5.7,0.609,0.61,1.0,2.7,0.371,2.8,4.8,7.6,0.5,1.0,1.6,1.0,2.4,7.9,2012-13,0.916894005341784
122,Kim English,SG,24,DET,41,0,9.9,1.0,2.7,0.375,0.3,1.2,0.28,0.7,1.5,0.452,0.438,0.5,0.7,0.724,0.2,0.7,0.9,0.6,0.4,0.1,0.5,1.1,2.9,2012-13,-4.032109791698497
123,Jonas Jerebko,PF,25,DET,49,2,18.2,2.9,6.4,0.449,0.5,1.7,0.301,2.4,4.8,0.502,0.489,1.4,1.8,0.773,1.4,2.4,3.8,0.9,0.8,0.2,0.9,1.8,7.7,2012-13,0.3800431856592624
124,Brandon Knight,PG,21,DET,75,75,31.5,4.8,11.7,0.407,1.6,4.4,0.367,3.2,7.3,0.43,0.475,2.2,3.0,0.733,0.7,2.6,3.3,4.0,0.8,0.1,2.7,2.1,13.3,2012-13,3.9310686432565154
125,Viacheslav Kravtsov,C,25,DET,25,0,9.0,1.3,1.8,0.717,0.0,0.0,0.0,1.3,1.8,0.717,0.717,0.4,1.5,0.297,1.0,0.8,1.8,0.4,0.2,0.4,0.6,1.3,3.1,2012-13,-3.4294196999896527
126,Corey Maggette,SF,33,DET,18,0,14.3,1.5,4.2,0.355,0.3,1.2,0.238,1.2,3.1,0.4,0.388,2.0,2.7,0.75,0.3,1.1,1.4,1.1,0.3,0.1,0.9,2.3,5.3,2012-13,-3.4140474388836113
127,Khris Middleton,SG,21,DET,27,0,17.6,2.3,5.2,0.44,0.5,1.7,0.311,1.8,3.6,0.5,0.489,1.0,1.2,0.844,0.1,1.7,1.9,1.0,0.6,0.1,0.4,2.0,6.1,2012-13,-0.7874544427578029
128,Greg Monroe,C,22,DET,81,81,33.2,6.3,13.1,0.486,0.0,0.0,0.0,6.3,13.0,0.488,0.486,3.3,4.8,0.689,2.9,6.7,9.6,3.5,1.3,0.7,2.9,2.3,16.0,2012-13,5.9603833047190085
129,Kyle Singler,SF,24,DET,82,74,28.0,3.4,7.8,0.428,0.9,2.4,0.35,2.5,5.4,0.464,0.483,1.2,1.5,0.806,1.3,2.7,4.0,0.9,0.7,0.5,1.2,2.6,8.8,2012-13,0.9932531479305982
130,Rodney Stuckey,SG,26,DET,76,24,28.6,4.0,9.8,0.406,0.7,2.4,0.302,3.3,7.4,0.44,0.443,2.8,3.6,0.783,0.6,2.2,2.8,3.6,0.7,0.2,1.8,1.7,11.5,2012-13,1.8551605360418266
131,Charlie Villanueva,PF,28,DET,69,0,15.8,2.5,6.7,0.377,1.3,3.8,0.347,1.2,3.0,0.415,0.474,0.4,0.7,0.551,0.7,2.8,3.5,0.8,0.4,0.6,0.6,1.4,6.8,2012-13,-1.5601620535904006
132,Harrison Barnes,SF,20,GSW,81,81,25.4,3.4,7.8,0.439,0.6,1.8,0.359,2.8,6.0,0.464,0.481,1.8,2.3,0.758,0.7,3.5,4.1,1.2,0.6,0.2,1.2,1.7,9.2,2012-13,0.45294082345473463
133,Kent Bazemore,SG,23,GSW,61,0,4.4,0.7,1.9,0.371,0.2,0.6,0.294,0.5,1.3,0.402,0.414,0.4,0.7,0.614,0.1,0.3,0.4,0.4,0.3,0.1,0.3,0.4,2.0,2012-13,-5.500613605577497
134,Andris Biedriņš,C,26,GSW,53,9,9.3,0.2,0.4,0.476,0.0,0.0,0.0,0.2,0.4,0.476,0.476,0.1,0.2,0.308,0.6,2.2,2.9,0.3,0.3,0.8,0.3,1.9,0.5,2012-13,-5.673638546647737
135,Andrew Bogut,C,28,GSW,32,32,24.6,2.6,5.8,0.451,0.0,0.0,1.0,2.6,5.7,0.448,0.454,0.6,1.2,0.5,2.1,5.5,7.7,2.1,0.6,1.7,1.1,2.7,5.8,2012-13,-0.36546432012850977
136,Stephen Curry,PG,24,GSW,78,78,38.2,8.0,17.8,0.451,3.5,7.7,0.453,4.5,10.1,0.449,0.549,3.4,3.7,0.9,0.8,3.3,4.0,6.9,1.6,0.2,3.1,2.5,22.9,2012-13,13.557313127867562
137,Festus Ezeli,C,23,GSW,78,41,14.4,0.9,2.2,0.438,0.0,0.0,0.0,0.9,2.2,0.438,0.438,0.6,1.0,0.531,1.8,2.2,4.0,0.3,0.3,0.9,0.8,2.0,2.4,2012-13,-4.105914624471092
138,Draymond Green,SF,22,GSW,79,1,13.4,1.1,3.3,0.327,0.2,0.8,0.209,0.9,2.4,0.368,0.354,0.6,0.7,0.818,0.7,2.6,3.3,0.7,0.5,0.3,0.6,2.0,2.9,2012-13,-2.936320427011939
139,Jarrett Jack,SG,29,GSW,79,4,29.7,4.9,10.8,0.452,1.0,2.6,0.404,3.9,8.3,0.466,0.499,2.1,2.5,0.843,0.3,2.8,3.1,5.6,0.8,0.1,2.0,1.7,12.9,2012-13,4.793738357742485
140,Richard Jefferson,SF,32,GSW,56,1,10.1,1.1,2.4,0.456,0.3,0.8,0.311,0.9,1.6,0.527,0.507,0.7,0.9,0.717,0.1,1.4,1.5,0.6,0.3,0.1,0.4,0.8,3.1,2012-13,-3.2011761078755017
141,Carl Landry,PF,29,GSW,81,2,23.2,4.0,7.4,0.54,0.0,0.0,0.333,4.0,7.4,0.541,0.541,2.8,3.4,0.817,2.2,3.7,6.0,0.8,0.4,0.4,1.4,2.3,10.8,2012-13,1.2543301082332128
142,David Lee,PF,29,GSW,79,79,36.8,7.6,14.7,0.519,0.0,0.1,0.0,7.6,14.6,0.521,0.519,3.2,4.1,0.797,2.8,8.5,11.2,3.5,0.8,0.3,2.6,3.1,18.5,2012-13,6.813347163245253
143,Brandon Rush,SF,27,GSW,2,0,12.5,3.0,4.5,0.667,0.0,1.0,0.0,3.0,3.5,0.857,0.667,1.0,1.5,0.667,0.0,0.5,0.5,1.0,0.0,0.0,1.5,2.5,7.0,2012-13,-1.9293504162253865
144,Klay Thompson,SG,22,GSW,82,82,35.8,6.2,14.7,0.422,2.6,6.4,0.401,3.6,8.3,0.437,0.509,1.6,1.9,0.841,0.4,3.3,3.7,2.2,1.0,0.5,1.9,2.9,16.6,2012-13,6.371449849907464
145,Patrick Beverley,PG,24,HOU,41,0,17.4,1.9,4.6,0.418,0.9,2.3,0.375,1.0,2.3,0.462,0.513,0.8,1.0,0.829,1.1,1.6,2.7,2.9,0.9,0.5,1.1,2.0,5.6,2012-13,1.4740049875743462
146,Carlos Delfino,SF,30,HOU,67,5,25.2,3.7,9.3,0.405,2.4,6.3,0.375,1.4,3.0,0.467,0.532,0.7,0.8,0.857,0.3,3.0,3.3,2.0,1.0,0.1,1.1,1.7,10.6,2012-13,4.6215173687528495
147,James Harden,SG,23,HOU,78,78,38.3,7.5,17.1,0.438,2.3,6.2,0.368,5.2,10.9,0.477,0.504,8.6,10.2,0.851,0.8,4.1,4.9,5.8,1.8,0.5,3.8,2.3,25.9,2012-13,12.117742184589869
148,Terrence Jones,PF,21,HOU,19,0,14.5,2.3,4.9,0.457,0.3,1.0,0.263,2.0,3.9,0.507,0.484,0.7,0.9,0.765,1.5,1.9,3.4,0.8,0.6,1.0,0.7,1.1,5.5,2012-13,-0.951864291020104
149,Jeremy Lin,PG,24,HOU,82,82,32.2,4.8,10.9,0.441,1.1,3.1,0.339,3.8,7.8,0.483,0.49,2.6,3.4,0.785,0.4,2.6,3.0,6.1,1.6,0.4,2.9,2.5,13.4,2012-13,6.679019463266872
150,Scott Machado,PG,22,HOU,6,0,3.5,0.5,1.0,0.5,0.0,0.2,0.0,0.5,0.8,0.6,0.5,0.3,0.3,1.0,0.0,0.2,0.2,1.0,0.3,0.0,1.3,0.0,1.3,2012-13,-2.347652705446719
151,Donatas Motiejūnas,PF,22,HOU,44,14,12.2,2.2,4.8,0.455,0.5,1.9,0.289,1.7,3.0,0.562,0.512,0.7,1.2,0.627,0.8,1.3,2.1,0.7,0.2,0.2,0.8,1.7,5.7,2012-13,-2.843071023104402
152,Tim Ohlbrecht,C,24,HOU,3,0,4.0,0.3,1.0,0.333,0.0,0.0,0.0,0.3,1.0,0.333,0.333,0.3,0.3,1.0,0.0,0.3,0.3,0.3,0.3,0.0,1.3,0.3,1.0,2012-13,-4.440051906156922
153,Chandler Parsons,SF,24,HOU,76,76,36.3,6.0,12.4,0.486,2.0,5.2,0.385,4.0,7.2,0.559,0.567,1.5,2.0,0.729,1.0,4.3,5.3,3.5,1.0,0.4,1.9,1.9,15.5,2012-13,6.687142953149541
154,Greg Smith,C,22,HOU,70,10,15.9,2.4,3.9,0.62,0.0,0.0,0.0,2.4,3.9,0.623,0.62,1.2,1.9,0.623,1.6,3.0,4.6,0.4,0.3,0.6,0.6,2.5,6.0,2012-13,-0.8321802770549329
155,D.J. Augustin,PG,25,IND,76,5,16.1,1.4,3.9,0.35,0.9,2.5,0.353,0.5,1.4,0.346,0.464,1.1,1.3,0.838,0.3,0.9,1.2,2.2,0.4,0.0,0.9,0.8,4.7,2012-13,-1.4548551728023862
156,Jeff Ayres,PF,25,IND,37,0,10.0,1.6,3.4,0.484,0.1,0.1,0.5,1.6,3.3,0.484,0.492,0.6,0.6,0.913,0.8,2.0,2.8,0.4,0.2,0.3,0.6,1.2,3.9,2012-13,-1.8660556462445683
157,Paul George,SF,22,IND,79,79,37.6,6.2,14.9,0.419,2.2,5.9,0.362,4.1,8.9,0.457,0.491,2.8,3.5,0.807,1.1,6.5,7.6,4.1,1.8,0.6,2.9,2.9,17.4,2012-13,10.134577658520154
158,Danny Granger,SF,29,IND,5,0,14.8,2.0,7.0,0.286,0.4,2.0,0.2,1.6,5.0,0.32,0.314,1.0,1.6,0.625,0.6,1.2,1.8,0.6,0.4,0.2,0.8,1.2,5.4,2012-13,-4.4884006526389735
159,Gerald Green,SF,27,IND,60,7,18.0,2.6,7.1,0.366,1.0,3.1,0.314,1.6,3.9,0.407,0.435,0.9,1.1,0.8,0.5,1.8,2.4,0.8,0.3,0.4,0.9,1.1,7.0,2012-13,-1.4471836512309597
160,Ben Hansbrough,PG,25,IND,28,0,7.1,0.5,1.6,0.333,0.2,0.8,0.261,0.3,0.8,0.409,0.4,0.8,1.0,0.778,0.1,0.6,0.6,0.8,0.3,0.1,0.6,0.8,2.0,2012-13,-4.725075746657507
161,Tyler Hansbrough,PF,27,IND,81,8,16.9,2.2,5.0,0.432,0.0,0.0,0.0,2.2,5.0,0.436,0.432,2.7,3.7,0.72,2.0,2.6,4.6,0.4,0.4,0.2,1.0,1.9,7.0,2012-13,-1.8174256860951463
162,Roy Hibbert,C,26,IND,79,79,28.7,4.9,10.9,0.448,0.0,0.1,0.25,4.9,10.8,0.449,0.449,2.1,2.8,0.741,3.7,4.6,8.3,1.4,0.5,2.6,2.1,3.5,11.9,2012-13,1.600709282022109
163,George Hill,PG,26,IND,76,76,34.5,5.1,11.5,0.443,1.7,4.6,0.368,3.4,6.8,0.494,0.518,2.3,2.8,0.817,0.6,3.1,3.7,4.7,1.1,0.3,1.5,1.8,14.2,2012-13,6.279576269382757
164,Orlando Johnson,SG,23,IND,51,0,12.1,1.4,3.5,0.4,0.7,1.8,0.383,0.7,1.7,0.419,0.5,0.5,0.6,0.719,0.4,1.8,2.2,0.9,0.2,0.2,0.6,1.0,4.0,2012-13,-2.776047086147905
165,Ian Mahinmi,C,26,IND,80,2,16.5,1.9,4.1,0.453,0.0,0.0,0.0,1.9,4.1,0.456,0.453,1.3,2.1,0.608,1.4,2.5,3.9,0.3,0.5,0.8,1.2,2.5,5.0,2012-13,-2.661826025342492
166,Miles Plumlee,C,24,IND,14,0,3.9,0.4,1.5,0.238,0.0,0.0,0.0,0.4,1.5,0.238,0.238,0.2,0.3,0.75,0.9,0.7,1.6,0.1,0.0,0.2,0.2,0.4,0.9,2012-13,-7.006238491379584
167,Lance Stephenson,SG,22,IND,78,72,29.2,3.5,7.7,0.46,0.8,2.4,0.33,2.7,5.3,0.52,0.512,1.0,1.5,0.652,0.6,3.3,3.9,2.9,1.0,0.2,1.4,2.1,8.8,2012-13,2.1093923974957702
168,David West,PF,32,IND,73,73,33.4,6.9,13.8,0.498,0.1,0.3,0.211,6.8,13.6,0.503,0.5,3.3,4.3,0.768,2.0,5.7,7.7,2.9,1.0,0.9,2.2,2.0,17.1,2012-13,5.073855745375674
169,Sam Young,SG,27,IND,56,3,12.4,1.0,2.6,0.392,0.3,0.9,0.308,0.8,1.7,0.438,0.446,0.4,0.8,0.535,0.5,1.7,2.2,0.8,0.3,0.1,0.6,1.1,2.8,2012-13,-4.467921126405031
170,Matt Barnes,SF,32,LAC,80,4,25.7,3.9,8.4,0.462,1.4,4.1,0.342,2.5,4.4,0.574,0.544,1.1,1.5,0.744,1.4,3.2,4.6,1.5,1.0,0.8,1.1,2.9,10.3,2012-13,3.2909367021153666
171,Chauncey Billups,SG,36,LAC,22,22,19.0,2.4,6.0,0.402,1.5,4.1,0.367,0.9,1.9,0.476,0.527,2.0,2.2,0.938,0.1,1.4,1.5,2.2,0.5,0.0,1.2,1.1,8.4,2012-13,1.517402234352634
172,Eric Bledsoe,PG,23,LAC,76,12,20.4,3.3,7.5,0.445,0.4,1.0,0.397,2.9,6.4,0.453,0.473,1.4,1.8,0.791,1.0,1.9,3.0,3.1,1.4,0.7,1.8,1.5,8.5,2012-13,2.6937765025000777
173,Caron Butler,SF,32,LAC,78,78,24.1,3.9,9.2,0.424,1.6,4.2,0.388,2.3,5.0,0.454,0.513,1.0,1.2,0.833,0.5,2.3,2.9,1.0,0.7,0.1,0.9,1.8,10.4,2012-13,2.0539685867536726
174,Jamal Crawford,SG,32,LAC,76,0,29.3,5.9,13.4,0.438,2.0,5.2,0.376,3.9,8.2,0.477,0.511,2.8,3.3,0.871,0.3,1.4,1.7,2.5,1.0,0.2,1.9,0.9,16.5,2012-13,5.139957789893261
175,Willie Green,SG,31,LAC,72,60,16.5,2.5,5.4,0.461,1.0,2.3,0.428,1.5,3.1,0.486,0.553,0.3,0.4,0.719,0.2,1.1,1.3,0.8,0.4,0.2,0.4,1.3,6.3,2012-13,-1.2476265167500653
176,Blake Griffin,PF,23,LAC,80,80,32.5,7.2,13.4,0.538,0.1,0.4,0.179,7.2,13.1,0.548,0.541,3.5,5.3,0.66,2.3,6.0,8.3,3.7,1.2,0.6,2.3,2.9,18.0,2012-13,6.213594192397592
177,Grant Hill,SF,40,LAC,29,0,15.1,1.3,3.4,0.388,0.1,0.4,0.273,1.2,3.0,0.402,0.403,0.5,0.8,0.583,0.2,1.5,1.7,0.9,0.4,0.2,0.9,1.3,3.2,2012-13,-4.400706312612036
178,Ryan Hollins,C,28,LAC,60,0,11.1,1.2,1.9,0.614,0.0,0.0,0.0,1.2,1.9,0.614,0.614,1.1,1.5,0.75,0.8,1.5,2.3,0.2,0.1,0.6,0.7,2.2,3.4,2012-13,-2.182954318345358
179,DeAndre Jordan,C,24,LAC,82,82,24.5,3.8,6.0,0.643,0.0,0.0,0.0,3.8,6.0,0.643,0.643,1.2,3.0,0.386,2.6,4.7,7.2,0.3,0.6,1.4,1.2,2.3,8.8,2012-13,0.3321637474022101
180,Lamar Odom,PF,33,LAC,82,2,19.7,1.8,4.5,0.399,0.2,1.1,0.2,1.6,3.4,0.464,0.423,0.2,0.5,0.476,1.4,4.4,5.9,1.7,0.8,0.7,1.0,2.6,4.0,2012-13,-1.5271783128789738
181,Chris Paul,PG,27,LAC,70,70,33.4,5.9,12.2,0.481,1.1,3.3,0.328,4.8,8.9,0.538,0.526,4.1,4.6,0.885,0.8,3.0,3.7,9.7,2.4,0.1,2.3,2.0,16.9,2012-13,12.336572900593389
182,DaJuan Summers,PF,25,LAC,2,0,3.5,0.5,2.0,0.25,0.0,0.0,0.0,0.5,2.0,0.25,0.25,0.0,0.0,0.0,0.0,1.0,1.0,0.5,0.0,0.0,0.0,0.0,1.0,2012-13,-10.814720247429644
183,Ronny Turiaf,C,30,LAC,65,0,10.8,0.8,1.5,0.505,0.0,0.0,0.0,0.8,1.5,0.505,0.505,0.4,1.0,0.365,0.7,1.6,2.3,0.5,0.3,0.5,0.4,1.2,1.9,2012-13,-4.955219599644826
184,Steve Blake,PG,32,LAL,45,13,26.1,2.5,6.0,0.422,1.6,3.8,0.421,0.9,2.2,0.424,0.556,0.6,0.8,0.771,0.5,2.5,2.9,3.8,0.8,0.1,1.4,1.8,7.3,2012-13,2.920877874505913
185,Kobe Bryant,SG,34,LAL,78,78,38.6,9.5,20.4,0.463,1.7,5.2,0.324,7.8,15.2,0.51,0.504,6.7,8.0,0.839,0.8,4.7,5.6,6.0,1.4,0.3,3.7,2.2,27.3,2012-13,11.139170587135794
186,Earl Clark,PF,25,LAL,59,36,23.1,2.9,6.5,0.44,0.6,1.8,0.337,2.3,4.8,0.479,0.486,0.9,1.3,0.697,1.4,4.1,5.5,1.1,0.6,0.7,1.1,1.7,7.3,2012-13,0.3003760929251547
187,Chris Duhon,PG,30,LAL,46,9,17.8,1.0,2.7,0.382,0.7,2.0,0.363,0.3,0.7,0.438,0.516,0.1,0.3,0.462,0.2,1.2,1.5,2.9,0.4,0.0,0.9,1.2,2.9,2012-13,-3.222579479118461
188,Devin Ebanks,SF,23,LAL,19,3,10.4,1.3,3.8,0.329,0.3,1.2,0.273,0.9,2.7,0.353,0.37,0.6,0.7,0.786,0.5,1.6,2.2,0.5,0.2,0.1,0.6,1.2,3.4,2012-13,-4.074989724089033
189,Pau Gasol,PF,32,LAL,49,42,33.8,5.5,11.8,0.466,0.2,0.6,0.286,5.3,11.2,0.475,0.473,2.6,3.6,0.702,2.3,6.3,8.6,4.1,0.5,1.2,2.1,1.9,13.7,2012-13,3.8186819560578664
190,Andrew Goudelock,SG,24,LAL,1,0,6.0,0.0,2.0,0.0,0.0,0.0,0.0,0.0,2.0,0.0,0.0,0.0,0.0,0.0,1.0,0.0,1.0,0.0,0.0,0.0,0.0,0.0,0.0,2012-13,-13.803979475070799
191,Jordan Hill,PF,25,LAL,29,1,15.8,2.7,5.3,0.497,0.0,0.1,0.0,2.7,5.3,0.503,0.497,1.4,2.1,0.656,2.8,2.9,5.7,0.4,0.3,0.7,0.9,1.9,6.7,2012-13,-1.3388880729084351
192,Dwight Howard,C,27,LAL,76,76,35.8,6.2,10.7,0.578,0.0,0.1,0.167,6.2,10.6,0.581,0.579,4.7,9.5,0.492,3.3,9.1,12.4,1.4,1.1,2.4,3.0,3.8,17.1,2012-13,5.55841066878447
193,Antawn Jamison,PF,36,LAL,76,6,21.5,3.5,7.6,0.464,1.1,3.1,0.361,2.4,4.5,0.535,0.537,1.2,1.8,0.691,1.4,3.3,4.8,0.7,0.4,0.3,0.7,1.6,9.4,2012-13,0.6893141212015077
194,Darius Johnson-Odom,SG,23,LAL,4,0,1.5,0.0,1.0,0.0,0.0,0.3,0.0,0.0,0.8,0.0,0.0,0.0,0.0,0.0,0.3,0.8,1.0,0.3,0.0,0.0,0.0,0.0,0.0,2012-13,-13.638121429724194
195,Jodie Meeks,SG,25,LAL,78,10,21.3,2.6,6.8,0.387,1.6,4.4,0.357,1.1,2.4,0.441,0.502,1.1,1.2,0.896,0.5,1.7,2.2,0.9,0.7,0.1,0.7,1.3,7.9,2012-13,1.2206535835484802
196,Darius Morris,PG,22,LAL,48,17,14.2,1.5,3.9,0.388,0.5,1.4,0.364,1.0,2.5,0.402,0.452,0.5,0.8,0.649,0.5,0.7,1.2,1.6,0.4,0.0,0.9,1.2,4.0,2012-13,-3.1205803312687133
197,Steve Nash,PG,38,LAL,50,50,32.5,4.7,9.5,0.497,1.1,2.6,0.438,3.6,6.9,0.519,0.557,2.1,2.3,0.922,0.5,2.3,2.8,6.7,0.6,0.1,2.5,1.4,12.7,2012-13,5.8100786040888535
198,Robert Sacre,C,23,LAL,32,3,6.3,0.6,1.5,0.375,0.0,0.0,0.0,0.6,1.5,0.375,0.375,0.2,0.3,0.636,0.3,0.8,1.1,0.2,0.0,0.3,0.3,1.2,1.3,2012-13,-6.287854217208311
199,Metta World Peace,SF,33,LAL,75,66,33.7,4.4,11.0,0.403,1.9,5.5,0.342,2.5,5.5,0.464,0.488,1.7,2.3,0.734,1.3,3.6,5.0,1.5,1.6,0.6,1.3,2.6,12.4,2012-13,5.30087499869777
200,Tony Allen,SG,31,MEM,79,79,26.7,3.6,8.1,0.445,0.0,0.3,0.125,3.6,7.8,0.458,0.447,1.7,2.4,0.717,1.5,3.1,4.6,1.2,1.5,0.6,1.2,2.7,8.9,2012-13,1.5926761912211302
201,Darrell Arthur,PF,24,MEM,59,3,16.4,2.7,6.1,0.451,0.1,0.3,0.278,2.7,5.8,0.46,0.458,0.6,0.8,0.717,1.2,1.7,2.9,0.6,0.4,0.6,0.7,2.1,6.1,2012-13,-2.2210058342884635
202,Jerryd Bayless,PG,24,MEM,80,4,22.1,3.3,7.8,0.419,0.9,2.5,0.353,2.4,5.3,0.45,0.476,1.3,1.5,0.836,0.3,1.9,2.2,3.3,0.7,0.2,1.5,2.1,8.7,2012-13,1.6508362497210614
203,Mike Conley,PG,25,MEM,80,80,34.5,5.2,11.8,0.44,1.3,3.7,0.362,3.9,8.1,0.476,0.497,2.9,3.5,0.83,0.5,2.3,2.8,6.1,2.2,0.3,2.4,2.1,14.6,2012-13,8.71087072715209
204,Keyon Dooling,PG,32,MEM,7,0,11.7,1.4,3.0,0.476,0.7,1.7,0.417,0.7,1.3,0.556,0.595,0.9,1.0,0.857,0.0,0.1,0.1,1.1,0.1,0.0,0.7,1.1,4.4,2012-13,-2.164724018907042
205,Marc Gasol,C,28,MEM,80,80,35.0,5.4,10.9,0.494,0.0,0.2,0.071,5.4,10.7,0.501,0.494,3.4,4.0,0.848,2.3,5.5,7.8,4.0,1.0,1.7,2.0,3.2,14.1,2012-13,5.404713069891894
206,Quincy Pondexter,SF,24,MEM,59,1,21.1,2.2,5.1,0.428,1.0,2.6,0.395,1.2,2.5,0.463,0.528,1.0,1.3,0.787,0.7,1.5,2.2,1.0,0.6,0.1,0.7,1.6,6.4,2012-13,-0.282314437936421
207,Zach Randolph,PF,31,MEM,76,75,34.3,6.2,13.5,0.46,0.0,0.3,0.087,6.2,13.2,0.469,0.461,3.0,3.9,0.75,4.1,7.2,11.2,1.4,0.8,0.4,2.0,2.4,15.4,2012-13,4.244936601842725
208,Josh Selby,PG,21,MEM,10,0,5.9,0.6,2.2,0.273,0.1,0.6,0.167,0.5,1.6,0.313,0.295,0.7,1.1,0.636,0.0,0.5,0.5,0.4,0.2,0.0,0.7,0.7,2.0,2012-13,-6.715715774454765
209,Tony Wroten,SG,19,MEM,35,0,7.8,0.9,2.5,0.384,0.1,0.5,0.25,0.8,2.0,0.414,0.407,0.6,0.8,0.724,0.4,0.4,0.8,1.2,0.2,0.1,0.8,1.0,2.6,2012-13,-4.45988026687796
210,Ray Allen,SG,37,MIA,79,0,25.8,3.7,8.2,0.449,1.8,4.2,0.419,1.9,4.0,0.48,0.555,1.8,2.0,0.886,0.5,2.2,2.7,1.7,0.8,0.2,1.3,1.6,10.9,2012-13,3.5113953816255306
211,Chris Andersen,C,34,MIA,42,0,14.9,1.7,2.9,0.577,0.0,0.1,0.667,1.6,2.9,0.575,0.585,1.5,2.2,0.677,1.4,2.7,4.1,0.4,0.4,1.0,0.6,2.1,4.9,2012-13,-1.1559547877791685
212,Joel Anthony,C,30,MIA,62,3,9.1,0.6,1.1,0.515,0.0,0.0,0.0,0.6,1.1,0.515,0.515,0.3,0.5,0.607,0.7,1.1,1.9,0.2,0.2,0.7,0.4,0.8,1.4,2012-13,-4.229846260775751
213,Shane Battier,SF,34,MIA,72,20,24.8,2.1,5.0,0.42,1.9,4.4,0.43,0.2,0.6,0.348,0.608,0.4,0.5,0.842,0.5,1.8,2.3,1.0,0.6,0.8,0.5,2.1,6.6,2012-13,1.3533458161640697
214,Chris Bosh,C,28,MIA,74,74,33.2,6.6,12.3,0.535,0.3,1.0,0.284,6.3,11.3,0.557,0.546,3.3,4.1,0.798,1.8,5.0,6.8,1.7,0.9,1.4,1.7,2.3,16.6,2012-13,4.565324726111738
215,Mario Chalmers,PG,26,MIA,77,77,26.9,2.9,6.9,0.429,1.6,3.9,0.409,1.4,3.0,0.456,0.545,1.2,1.5,0.795,0.2,2.0,2.2,3.5,1.5,0.2,1.5,2.5,8.6,2012-13,4.504142482223557
216,Norris Cole,PG,24,MIA,80,4,19.9,2.2,5.3,0.421,0.4,1.2,0.357,1.8,4.1,0.44,0.462,0.7,1.0,0.65,0.2,1.4,1.6,2.1,0.7,0.1,1.3,1.9,5.6,2012-13,-1.5211441338188503
217,Josh Harrellson,C,23,MIA,6,0,5.2,0.7,1.5,0.444,0.2,0.8,0.2,0.5,0.7,0.75,0.5,0.2,0.3,0.5,0.5,0.7,1.2,0.0,0.2,0.2,0.5,0.7,1.7,2012-13,-5.543776664051148
218,Udonis Haslem,PF,32,MIA,75,59,18.9,1.7,3.3,0.514,0.0,0.0,0.0,1.7,3.3,0.514,0.514,0.4,0.6,0.711,1.3,4.1,5.4,0.5,0.4,0.2,0.6,2.3,3.9,2012-13,-1.224201517355525
219,Juwan Howard,PF,39,MIA,7,2,7.3,1.4,2.7,0.526,0.0,0.0,0.0,1.4,2.7,0.526,0.526,0.1,0.1,1.0,0.0,1.1,1.1,0.9,0.0,0.0,0.6,1.3,3.0,2012-13,-2.155496933127717
220,LeBron James,PF,28,MIA,76,76,37.9,10.1,17.8,0.565,1.4,3.3,0.406,8.7,14.5,0.602,0.603,5.3,7.0,0.753,1.3,6.8,8.0,7.3,1.7,0.9,3.0,1.4,26.8,2012-13,13.537984613823177
221,James Jones,SF,32,MIA,38,0,5.8,0.6,1.6,0.344,0.4,1.4,0.302,0.1,0.2,0.625,0.475,0.1,0.1,0.5,0.0,0.6,0.6,0.3,0.1,0.2,0.1,0.4,1.6,2012-13,-6.574910986225952
222,Rashard Lewis,PF,33,MIA,55,9,14.4,1.9,4.5,0.414,0.9,2.4,0.389,0.9,2.1,0.441,0.516,0.5,0.8,0.622,0.3,1.9,2.2,0.5,0.4,0.3,0.6,1.2,5.2,2012-13,-2.389325970574654
223,Mike Miller,SF,32,MIA,59,17,15.3,1.7,3.9,0.433,1.2,3.0,0.417,0.5,0.9,0.482,0.591,0.1,0.2,0.727,0.3,2.4,2.7,1.7,0.4,0.1,0.6,1.1,4.8,2012-13,-0.4060992591896776
224,Dwyane Wade,SG,31,MIA,69,69,34.7,8.2,15.8,0.521,0.2,1.0,0.258,8.0,14.9,0.537,0.528,4.5,6.2,0.725,1.2,3.7,5.0,5.1,1.9,0.8,2.8,2.0,21.2,2012-13,8.168465557971249
225,Samuel Dalembert,C,31,MIL,47,23,16.3,2.9,5.4,0.542,0.0,0.0,1.0,2.9,5.4,0.54,0.543,0.8,1.2,0.691,2.2,3.6,5.9,0.4,0.4,1.1,1.1,1.9,6.7,2012-13,-0.39236550077759436
226,Marquis Daniels,SF,32,MIL,59,33,18.4,2.2,5.9,0.376,0.3,1.2,0.278,1.9,4.7,0.401,0.405,0.7,0.9,0.741,0.8,1.7,2.5,1.1,0.9,0.2,0.8,1.3,5.5,2012-13,-1.4068435093886653
227,Mike Dunleavy,SF,32,MIL,75,3,25.9,3.7,8.3,0.442,1.7,4.0,0.428,2.0,4.3,0.455,0.545,1.4,1.7,0.82,0.4,3.5,3.9,1.9,0.5,0.5,1.2,1.8,10.5,2012-13,2.776815996735874
228,Monta Ellis,SG,27,MIL,82,82,37.5,7.3,17.5,0.416,1.1,4.0,0.287,6.1,13.5,0.454,0.448,3.5,4.6,0.773,0.5,3.3,3.9,6.0,2.1,0.4,3.1,2.0,19.2,2012-13,8.860464967442018
229,Drew Gooden,C,31,MIL,16,0,9.4,1.3,3.8,0.328,0.1,0.3,0.2,1.2,3.5,0.339,0.336,0.7,1.0,0.688,0.8,1.1,1.9,0.4,0.3,0.4,0.6,1.3,3.3,2012-13,-4.8643097830273545
230,John Henson,PF,22,MIL,63,9,13.1,2.6,5.3,0.482,0.0,0.0,0.0,2.6,5.3,0.486,0.482,0.9,1.7,0.533,1.8,2.9,4.7,0.5,0.3,0.7,0.7,1.3,6.0,2012-13,-2.605767018103199
231,Ersan İlyasova,PF,25,MIL,73,54,27.6,5.1,11.0,0.462,1.3,2.9,0.444,3.8,8.1,0.469,0.521,1.7,2.2,0.796,2.1,5.0,7.1,1.6,0.9,0.5,1.0,2.5,13.2,2012-13,4.764146358413556
232,Brandon Jennings,PG,23,MIL,80,80,36.2,6.2,15.6,0.399,2.2,5.8,0.375,4.1,9.8,0.412,0.468,2.9,3.5,0.819,0.7,2.3,3.1,6.5,1.6,0.1,2.5,1.9,17.5,2012-13,9.09136061127818
233,Luc Mbah a Moute,SF,26,MIL,58,45,22.9,2.6,6.5,0.401,0.2,0.6,0.351,2.4,5.9,0.406,0.418,1.2,2.2,0.571,1.5,2.9,4.4,0.9,0.7,0.2,1.2,1.4,6.7,2012-13,-1.7858432957850967
234,Joel Przybilla,C,33,MIL,12,1,5.7,0.1,0.3,0.25,0.0,0.0,0.0,0.1,0.3,0.25,0.25,0.0,0.2,0.0,0.4,1.3,1.8,0.3,0.1,0.2,0.3,0.8,0.2,2012-13,-10.524187672997874
235,Larry Sanders,C,24,MIL,71,55,27.3,4.3,8.5,0.506,0.0,0.0,0.0,4.3,8.5,0.507,0.506,1.2,1.9,0.618,3.2,6.3,9.5,1.2,0.7,2.8,1.2,3.3,9.8,2012-13,1.984658388492694
236,Ekpe Udoh,C,25,MIL,76,9,17.3,1.5,3.5,0.435,0.0,0.0,0.0,1.5,3.5,0.437,0.435,1.2,1.6,0.748,1.5,1.8,3.3,0.6,0.5,1.1,0.6,1.8,4.3,2012-13,-2.3109263421309088
237,J.J. Barea,PG,28,MIN,74,2,23.1,4.3,10.2,0.417,1.3,3.8,0.346,3.0,6.5,0.458,0.481,1.4,1.8,0.784,0.5,2.3,2.8,4.0,0.4,0.0,2.0,1.8,11.3,2012-13,2.37445459156367
238,Chase Budinger,SF,24,MIN,23,1,22.1,3.4,8.3,0.414,1.1,3.5,0.321,2.3,4.8,0.482,0.482,1.4,1.8,0.762,0.7,2.4,3.1,1.1,0.6,0.3,1.0,1.3,9.4,2012-13,0.5546871685939182
239,Will Conroy,PG,30,MIN,4,0,5.0,0.0,2.3,0.0,0.0,0.8,0.0,0.0,1.5,0.0,0.0,0.3,0.5,0.5,0.3,0.0,0.3,0.0,0.0,0.0,0.0,0.3,0.3,2012-13,-11.408167379130528
240,Dante Cunningham,PF,25,MIN,80,9,25.1,3.9,8.4,0.468,0.0,0.1,0.0,3.9,8.3,0.472,0.468,0.8,1.3,0.65,1.8,3.3,5.1,0.8,1.1,0.5,0.7,1.9,8.7,2012-13,0.5047173429533773
241,Mickaël Gelabale,SF,29,MIN,36,13,17.9,2.0,3.9,0.518,0.4,1.4,0.308,1.6,2.4,0.644,0.576,0.6,0.7,0.875,0.9,1.9,2.8,0.7,0.4,0.1,0.4,1.3,5.0,2012-13,-0.44861836805204947
242,Lazar Hayward,SF,26,MIN,4,0,7.8,0.5,2.5,0.2,0.0,1.0,0.0,0.5,1.5,0.333,0.2,1.5,1.5,1.0,0.0,1.0,1.0,0.8,0.5,0.0,0.0,0.8,2.5,2012-13,-4.502672674232563
243,Josh Howard,SF,32,MIN,11,4,18.8,2.8,7.0,0.403,0.5,1.5,0.313,2.4,5.5,0.426,0.435,0.6,1.1,0.583,0.8,2.5,3.3,0.4,0.9,0.3,0.9,1.6,6.7,2012-13,-1.5109824361614028
244,Andrei Kirilenko,SF,31,MIN,64,64,31.8,4.4,8.8,0.507,0.5,1.9,0.292,3.9,6.9,0.566,0.538,2.9,3.9,0.752,1.6,4.1,5.7,2.8,1.5,1.0,1.9,1.3,12.4,2012-13,5.114406155014304
245,Malcolm Lee,SG,22,MIN,16,12,18.1,1.8,4.8,0.382,0.5,1.5,0.333,1.3,3.3,0.404,0.434,0.8,1.3,0.6,0.9,1.5,2.4,1.3,0.8,0.4,0.6,1.9,4.9,2012-13,-2.050739317077852
246,Kevin Love,PF,24,MIN,18,18,34.3,5.8,16.6,0.352,1.1,5.1,0.217,4.7,11.4,0.413,0.386,5.6,7.9,0.704,3.6,10.4,14.0,2.3,0.7,0.5,2.2,1.9,18.3,2012-13,6.475995371785547
247,Nikola Peković,C,27,MIN,62,62,31.6,6.2,12.0,0.52,0.0,0.0,0.0,6.2,12.0,0.52,0.52,3.9,5.2,0.744,3.7,5.1,8.8,0.9,0.7,0.8,1.6,2.3,16.3,2012-13,3.524075569310164
248,Luke Ridnour,SG,31,MIN,82,82,30.2,4.5,9.9,0.453,0.8,2.6,0.311,3.7,7.3,0.503,0.493,1.7,2.0,0.848,0.5,2.0,2.5,3.8,1.0,0.2,1.6,2.3,11.5,2012-13,3.4964424555899303
249,Brandon Roy,SG,28,MIN,5,5,24.4,2.2,7.0,0.314,0.0,1.8,0.0,2.2,5.2,0.423,0.314,1.4,2.0,0.7,0.6,2.2,2.8,4.6,0.6,0.0,1.4,1.0,5.8,2012-13,-1.2745633938606955
250,Ricky Rubio,PG,22,MIN,57,47,29.7,3.2,9.0,0.36,0.5,1.6,0.293,2.8,7.4,0.374,0.386,3.7,4.6,0.799,0.8,3.2,4.0,7.3,2.4,0.1,3.0,2.5,10.7,2012-13,7.424505711729823
251,Alexey Shved,SG,24,MIN,77,16,23.9,3.1,8.2,0.372,1.1,3.7,0.295,2.0,4.5,0.435,0.439,1.4,1.9,0.72,0.5,1.7,2.3,3.7,0.7,0.4,1.9,1.5,8.6,2012-13,1.1104328098115737
252,Greg Stiemsma,C,27,MIN,76,19,15.9,1.7,3.7,0.457,0.0,0.0,0.0,1.7,3.7,0.457,0.457,0.7,0.9,0.768,0.8,2.6,3.4,0.4,0.6,1.2,0.8,2.4,4.0,2012-13,-1.880834039359824
253,Derrick Williams,PF,21,MIN,78,56,24.6,4.3,10.1,0.43,0.8,2.5,0.332,3.5,7.6,0.463,0.471,2.5,3.5,0.706,1.2,4.3,5.5,0.6,0.6,0.5,1.3,1.6,12.0,2012-13,1.125161866448751
254,Al-Farouq Aminu,SF,22,NOH,76,71,27.2,3.0,6.2,0.475,0.1,0.3,0.211,2.9,6.0,0.486,0.479,1.3,1.8,0.737,1.8,5.9,7.7,1.4,1.2,0.7,1.5,2.0,7.3,2012-13,2.522624107870368
255,Ryan Anderson,PF,24,NOH,81,22,30.9,5.8,13.8,0.423,2.6,6.9,0.382,3.2,6.9,0.464,0.519,1.9,2.2,0.844,2.4,4.0,6.4,1.2,0.5,0.4,1.2,2.2,16.2,2012-13,5.708211037498285
256,Anthony Davis,PF,19,NOH,64,60,28.8,5.5,10.6,0.516,0.0,0.1,0.0,5.5,10.5,0.521,0.516,2.6,3.5,0.751,2.6,5.6,8.2,1.0,1.2,1.8,1.4,2.5,13.5,2012-13,3.9665016336082903
257,Eric Gordon,SG,24,NOH,42,40,30.1,5.6,13.9,0.402,1.3,4.1,0.324,4.3,9.8,0.436,0.45,4.5,5.3,0.842,0.2,1.6,1.8,3.3,1.1,0.2,2.8,1.8,17.0,2012-13,4.372727479607489
258,Xavier Henry,SF,21,NOH,50,2,12.5,1.3,3.2,0.41,0.1,0.2,0.364,1.2,3.0,0.413,0.422,1.2,1.8,0.63,0.4,1.4,1.8,0.3,0.3,0.1,0.6,1.4,3.9,2012-13,-4.3241006995763085
259,Robin Lopez,C,24,NOH,82,82,26.0,4.7,8.8,0.534,0.0,0.0,0.0,4.7,8.8,0.534,0.534,2.0,2.5,0.778,2.8,2.9,5.6,0.8,0.4,1.6,1.3,2.0,11.3,2012-13,0.9207755937485007
260,Roger Mason,SG,32,NOH,69,13,17.7,1.9,4.4,0.433,1.0,2.3,0.415,1.0,2.1,0.452,0.541,0.6,0.6,0.907,0.2,1.8,1.9,1.1,0.4,0.2,0.7,1.5,5.3,2012-13,-0.3228656297166885
261,Darius Miller,SF,22,NOH,52,2,13.3,0.8,2.1,0.407,0.4,1.1,0.393,0.4,1.0,0.423,0.509,0.2,0.2,1.0,0.2,1.3,1.5,0.8,0.3,0.2,0.4,1.7,2.3,2012-13,-2.0989141775111033
262,Austin Rivers,SG,20,NOH,61,26,23.2,2.4,6.4,0.372,0.5,1.4,0.326,1.9,5.0,0.385,0.408,1.0,1.8,0.546,0.3,1.5,1.8,2.1,0.4,0.1,1.2,2.0,6.2,2012-13,-2.9067022146724923
263,Brian Roberts,PG,27,NOH,78,5,17.0,2.7,6.6,0.417,0.8,2.0,0.386,2.0,4.6,0.43,0.475,0.9,1.0,0.909,0.2,1.0,1.2,2.8,0.5,0.0,0.9,1.4,7.1,2012-13,0.4413183271528004
264,Henry Sims,C,22,NOH,2,0,2.5,1.0,1.5,0.667,0.0,0.0,0.0,1.0,1.5,0.667,0.667,0.0,0.0,0.0,1.0,0.0,1.0,0.0,0.0,0.0,0.5,0.5,2.0,2012-13,-6.687641879560065
265,Jason Smith,C,26,NOH,51,0,17.2,3.3,6.7,0.49,0.0,0.1,0.0,3.3,6.6,0.496,0.49,1.7,2.0,0.843,1.3,2.4,3.6,0.7,0.3,0.9,1.1,2.4,8.2,2012-13,-0.827870338159865
266,Lance Thomas,SF,24,NOH,59,9,10.9,0.9,1.8,0.5,0.0,0.0,0.0,0.9,1.8,0.5,0.5,0.7,1.0,0.729,0.7,1.2,1.9,0.3,0.2,0.1,0.2,1.3,2.5,2012-13,-3.4870399430318284
267,Greivis VÃ¡squez,PG,26,NOH,78,78,34.4,5.6,13.0,0.433,1.1,3.1,0.342,4.6,9.9,0.462,0.474,1.6,2.0,0.805,0.6,3.8,4.3,9.0,0.8,0.1,3.2,2.4,13.9,2012-13,7.092222480241527
268,Carmelo Anthony,PF,28,NYK,67,67,37.0,10.0,22.2,0.449,2.3,6.2,0.379,7.6,16.0,0.476,0.502,6.3,7.6,0.83,2.0,4.9,6.9,2.6,0.8,0.5,2.6,3.1,28.7,2012-13,9.377507604798781
269,Marcus Camby,PF,38,NYK,24,4,10.4,0.7,2.2,0.321,0.0,0.0,0.0,0.7,2.2,0.321,0.321,0.3,0.8,0.421,1.0,2.3,3.3,0.6,0.3,0.6,0.6,1.2,1.8,2012-13,-6.089009196457035
270,Tyson Chandler,C,30,NYK,66,66,32.8,3.9,6.1,0.638,0.0,0.0,0.0,3.9,6.1,0.638,0.638,2.7,3.9,0.694,4.1,6.6,10.7,0.9,0.6,1.1,1.3,2.8,10.4,2012-13,3.9128072348293843
271,Chris Copeland,PF,28,NYK,56,13,15.4,3.3,6.8,0.479,1.1,2.5,0.421,2.2,4.3,0.513,0.557,1.1,1.5,0.759,0.6,1.5,2.1,0.5,0.3,0.2,0.9,1.9,8.7,2012-13,-0.344004761231955
272,Raymond Felton,PG,28,NYK,68,68,34.0,5.5,13.0,0.427,1.4,3.8,0.36,4.2,9.2,0.455,0.48,1.5,1.9,0.789,0.8,2.1,2.9,5.5,1.4,0.2,2.3,1.9,13.9,2012-13,6.272658452485033
273,Solomon Jones,PF,28,NYK,2,1,13.0,0.0,0.5,0.0,0.0,0.0,0.0,0.0,0.5,0.0,0.0,0.0,0.0,0.0,0.5,1.0,1.5,0.0,0.0,0.5,1.5,1.5,0.0,2012-13,-13.60476029910842
274,Jason Kidd,SG,39,NYK,76,48,26.9,2.0,5.4,0.372,1.5,4.3,0.351,0.5,1.1,0.452,0.511,0.5,0.6,0.833,0.7,3.6,4.3,3.3,1.6,0.3,1.0,1.6,6.0,2012-13,4.457102689668253
275,Kenyon Martin,C,35,NYK,18,11,23.9,3.1,5.2,0.602,0.0,0.0,0.0,3.1,5.2,0.602,0.602,0.9,2.2,0.425,1.9,3.4,5.3,0.4,0.9,0.9,0.9,3.6,7.2,2012-13,-0.18772831564089587
276,Steve Novak,SF,29,NYK,81,1,20.3,2.2,5.3,0.414,1.8,4.3,0.425,0.4,1.0,0.367,0.587,0.4,0.4,0.909,0.2,1.7,1.9,0.4,0.3,0.1,0.1,1.2,6.6,2012-13,0.3188114697277955
277,Pablo Prigioni,PG,35,NYK,78,18,16.2,1.3,2.8,0.455,0.7,1.7,0.396,0.6,1.1,0.547,0.575,0.3,0.3,0.88,0.5,1.3,1.8,3.0,0.9,0.0,1.1,1.6,3.5,2012-13,1.1301104072609123
278,Quentin Richardson,SF,32,NYK,1,0,29.0,1.0,11.0,0.091,1.0,4.0,0.25,0.0,7.0,0.0,0.136,2.0,2.0,1.0,5.0,5.0,10.0,1.0,0.0,0.0,2.0,1.0,5.0,2012-13,-1.0917690873915125
279,Iman Shumpert,SG,22,NYK,45,45,22.1,2.4,6.1,0.396,1.1,2.8,0.402,1.3,3.3,0.392,0.489,0.8,1.0,0.766,0.7,2.3,3.0,1.7,1.0,0.2,0.8,2.2,6.8,2012-13,1.1238307467776099
280,J.R. Smith,SG,27,NYK,80,0,33.5,6.6,15.6,0.422,1.9,5.5,0.356,4.7,10.2,0.458,0.484,3.0,3.9,0.762,0.8,4.5,5.3,2.7,1.3,0.3,1.7,2.8,18.1,2012-13,6.776036484854904
281,Amar'e Stoudemire,PF,30,NYK,29,0,23.5,5.3,9.2,0.577,0.0,0.0,0.0,5.3,9.2,0.577,0.577,3.6,4.5,0.808,2.1,2.9,5.0,0.4,0.3,0.7,1.7,3.1,14.2,2012-13,1.3526801161553605
282,Kurt Thomas,PF,40,NYK,39,17,10.1,1.2,2.1,0.542,0.0,0.0,1.0,1.1,2.1,0.537,0.548,0.2,0.3,0.462,0.6,1.7,2.3,0.5,0.3,0.4,0.2,1.3,2.5,2012-13,-3.963204165922093
283,Rasheed Wallace,C,38,NYK,21,0,14.1,2.6,6.8,0.387,1.0,3.3,0.319,1.6,3.5,0.452,0.465,0.7,1.0,0.7,0.5,3.4,4.0,0.3,0.6,0.7,0.5,1.9,7.0,2012-13,-0.7139885554596018
284,James White,SF,30,NYK,57,16,7.6,0.9,2.0,0.431,0.2,0.7,0.341,0.6,1.3,0.48,0.491,0.2,0.3,0.579,0.1,0.8,0.8,0.5,0.2,0.1,0.3,0.8,2.2,2012-13,-5.05341077595874
285,Nick Collison,C,32,OKC,81,2,19.5,2.2,3.7,0.595,0.0,0.0,0.0,2.2,3.6,0.603,0.595,0.7,1.0,0.769,1.5,2.6,4.1,1.5,0.6,0.4,0.9,2.4,5.1,2012-13,0.6086069065151507
286,Kevin Durant,SF,24,OKC,81,81,38.5,9.0,17.7,0.51,1.7,4.1,0.416,7.3,13.6,0.539,0.559,8.4,9.3,0.905,0.6,7.3,7.9,4.6,1.4,1.3,3.5,1.8,28.1,2012-13,12.24875297257414
287,Serge Ibaka,PF,23,OKC,80,80,31.1,5.6,9.7,0.573,0.3,0.7,0.351,5.3,9.0,0.591,0.586,1.8,2.4,0.749,2.8,4.9,7.7,0.5,0.4,3.0,1.6,2.7,13.2,2012-13,2.6307937427416093
288,Reggie Jackson,PG,22,OKC,70,0,14.2,2.1,4.6,0.458,0.3,1.5,0.231,1.8,3.2,0.566,0.495,0.7,0.9,0.839,0.3,2.1,2.4,1.7,0.4,0.2,0.8,1.2,5.3,2012-13,-0.9468990763905271
289,Perry Jones,SF,21,OKC,38,1,7.4,1.0,2.6,0.394,0.0,0.1,0.0,1.0,2.6,0.402,0.394,0.3,0.4,0.667,0.3,1.3,1.6,0.3,0.1,0.2,0.4,0.6,2.3,2012-13,-5.268822784174324
290,Jeremy Lamb,SF,20,OKC,23,0,6.4,1.0,3.0,0.353,0.4,1.3,0.3,0.7,1.7,0.395,0.419,0.6,0.6,1.0,0.2,0.6,0.8,0.2,0.1,0.1,0.3,0.6,3.1,2012-13,-3.5664293809992107
291,DeAndre Liggins,SG,24,OKC,39,1,7.4,0.5,1.2,0.447,0.2,0.5,0.368,0.4,0.7,0.5,0.521,0.2,0.5,0.5,0.3,1.0,1.4,0.4,0.5,0.1,0.4,0.8,1.5,2012-13,-4.565392995684057
292,Kevin Martin,SG,29,OKC,77,0,27.7,4.5,10.1,0.45,2.1,4.8,0.426,2.5,5.3,0.472,0.551,2.8,3.2,0.89,0.4,1.9,2.3,1.4,0.9,0.1,1.3,1.8,14.0,2012-13,4.459640746533159
293,Daniel Orton,C,22,OKC,13,0,8.0,0.9,2.0,0.462,0.0,0.0,0.0,0.9,2.0,0.462,0.462,0.7,1.3,0.529,1.0,1.0,2.0,0.3,0.3,0.2,0.3,1.0,2.5,2012-13,-4.6521128704206856
294,Kendrick Perkins,C,28,OKC,78,78,25.1,1.8,4.0,0.457,0.0,0.0,0.0,1.8,4.0,0.458,0.457,0.6,0.9,0.611,1.4,4.6,6.0,1.4,0.6,1.1,1.4,2.9,4.2,2012-13,-1.0783891407166486
295,Thabo Sefolosha,SG,28,OKC,81,81,27.5,2.8,5.8,0.481,1.3,3.2,0.419,1.4,2.6,0.558,0.597,0.7,0.9,0.826,0.7,3.2,3.9,1.5,1.3,0.5,0.8,2.2,7.6,2012-13,3.6763423719145196
296,Hasheem Thabeet,C,25,OKC,66,4,11.7,1.0,1.6,0.604,0.0,0.0,0.0,1.0,1.6,0.604,0.604,0.5,0.8,0.604,1.0,1.9,3.0,0.2,0.5,0.9,0.6,2.2,2.4,2012-13,-2.040837309197143
297,Russell Westbrook,PG,24,OKC,82,82,34.9,8.2,18.7,0.438,1.2,3.7,0.323,7.0,15.1,0.466,0.47,5.6,7.0,0.8,1.4,3.9,5.2,7.4,1.8,0.3,3.3,2.3,23.2,2012-13,10.71083153211599
298,Arron Afflalo,SF,27,ORL,64,64,36.0,6.2,14.1,0.439,1.1,3.8,0.3,5.1,10.4,0.489,0.478,3.0,3.5,0.857,0.5,3.3,3.7,3.2,0.6,0.2,2.2,2.1,16.5,2012-13,3.996974203298235
299,Glen Davis,PF,27,ORL,34,33,31.3,6.3,14.1,0.448,0.0,0.1,0.0,6.3,14.0,0.45,0.448,2.5,3.4,0.718,1.6,5.6,7.2,2.1,0.9,0.6,1.9,2.6,15.1,2012-13,2.9222992830580425
300,Maurice Harkless,SF,19,ORL,76,59,26.0,3.4,7.4,0.461,0.4,1.5,0.274,3.0,5.9,0.51,0.489,1.0,1.7,0.57,1.6,2.8,4.4,0.7,1.2,0.8,0.9,1.9,8.2,2012-13,0.4183326623041246
301,Al Harrington,C,32,ORL,10,0,11.9,2.0,5.7,0.351,0.8,3.0,0.267,1.2,2.7,0.444,0.421,0.3,0.4,0.75,0.6,2.1,2.7,1.0,0.4,0.1,0.7,1.8,5.1,2012-13,-2.0491509780750334
302,DeQuan Jones,SF,22,ORL,63,17,12.7,1.5,3.5,0.436,0.1,0.6,0.257,1.4,2.9,0.47,0.456,0.5,0.8,0.667,0.3,1.4,1.7,0.3,0.3,0.3,0.5,0.9,3.7,2012-13,-3.9432077897157525
303,E'Twaun Moore,SG,23,ORL,75,21,22.4,3.2,8.0,0.396,0.9,2.6,0.34,2.3,5.3,0.424,0.452,0.6,0.8,0.797,0.6,1.6,2.2,2.7,0.7,0.3,1.4,1.6,7.8,2012-13,0.718214927099597
304,Jameer Nelson,PG,30,ORL,56,56,35.3,5.5,13.9,0.392,2.2,6.3,0.341,3.3,7.6,0.435,0.47,1.6,1.8,0.873,0.4,3.3,3.7,7.4,1.3,0.1,2.8,2.9,14.7,2012-13,8.84731111026909
305,Andrew Nicholson,PF,23,ORL,75,28,16.7,3.4,6.5,0.527,0.0,0.0,0.0,3.4,6.5,0.527,0.527,1.0,1.3,0.798,0.9,2.5,3.4,0.6,0.3,0.4,1.1,1.8,7.8,2012-13,-0.8968253931874915
306,Kyle O'Quinn,C,22,ORL,57,5,11.2,1.8,3.5,0.513,0.0,0.0,0.0,1.8,3.4,0.515,0.513,0.5,0.8,0.667,1.1,2.5,3.7,0.9,0.2,0.5,0.6,1.9,4.1,2012-13,-2.34042915286591
307,Hedo Türkoğlu,SF,33,ORL,11,1,17.2,1.3,4.8,0.264,0.1,2.2,0.042,1.2,2.6,0.448,0.274,0.3,0.5,0.5,0.4,2.0,2.4,2.1,0.6,0.1,1.1,1.0,2.9,2012-13,-4.747526466704708
308,Nikola Vučević,C,22,ORL,77,77,33.2,6.0,11.5,0.519,0.0,0.0,0.0,6.0,11.5,0.52,0.519,1.1,1.6,0.683,3.5,8.4,11.9,1.9,0.8,1.0,1.8,2.8,13.1,2012-13,4.62817240574541
309,Lavoy Allen,C,23,PHI,79,37,21.1,2.6,5.7,0.454,0.0,0.0,0.0,2.6,5.7,0.455,0.454,0.5,0.8,0.717,2.0,3.0,5.0,0.9,0.3,0.7,0.7,2.3,5.8,2012-13,-1.6207151767332286
310,Kwame Brown,C,30,PHI,22,11,12.2,0.8,1.7,0.459,0.0,0.0,0.0,0.8,1.7,0.459,0.459,0.3,0.9,0.368,1.0,2.3,3.4,0.4,0.3,0.5,0.4,1.7,1.9,2012-13,-5.02219857605911
311,Spencer Hawes,C,24,PHI,82,40,27.2,4.6,9.9,0.464,0.4,1.1,0.356,4.2,8.8,0.477,0.483,1.5,1.9,0.777,2.1,5.1,7.2,2.2,0.3,1.4,1.6,2.8,11.0,2012-13,1.9369442065274802
312,Jrue Holiday,PG,22,PHI,78,78,37.5,7.1,16.5,0.431,1.2,3.2,0.368,5.9,13.3,0.446,0.466,2.3,3.1,0.752,1.1,3.1,4.2,8.0,1.6,0.4,3.7,2.2,17.7,2012-13,8.865707410709543
313,Justin Holiday,SG,23,PHI,9,0,15.8,1.8,5.3,0.333,0.4,1.8,0.25,1.3,3.6,0.375,0.375,0.7,0.9,0.75,0.0,1.6,1.6,1.7,0.3,0.7,1.0,0.8,4.7,2012-13,-3.1842450272029774
314,Royal Ivey,SG,31,PHI,53,5,13.2,1.2,2.7,0.431,0.7,1.7,0.42,0.5,1.1,0.446,0.559,0.2,0.3,0.563,0.3,0.8,1.1,0.6,0.4,0.1,0.4,1.4,3.2,2012-13,-3.5736321769990553
315,Arnett Moultrie,PF,22,PHI,47,0,11.5,1.7,2.9,0.582,0.0,0.0,0.0,1.7,2.9,0.582,0.582,0.4,0.6,0.643,1.6,1.5,3.1,0.2,0.4,0.2,0.4,0.9,3.7,2012-13,-2.010763280958326
316,Jason Richardson,SG,32,PHI,33,33,28.4,4.1,10.2,0.402,1.7,5.1,0.341,2.4,5.1,0.462,0.487,0.6,1.0,0.606,0.6,3.3,3.8,1.5,1.2,0.5,0.8,1.7,10.5,2012-13,2.5844090359163667
317,Evan Turner,SF,24,PHI,82,82,35.3,5.4,12.8,0.419,0.7,1.9,0.365,4.7,10.9,0.428,0.446,1.9,2.5,0.74,0.7,5.6,6.3,4.3,0.9,0.2,2.3,2.4,13.3,2012-13,4.326046195638366
318,Damien Wilkins,SG,33,PHI,61,21,18.0,2.4,5.2,0.459,0.3,0.8,0.333,2.1,4.3,0.483,0.486,1.3,1.8,0.743,0.5,1.2,1.7,1.5,0.6,0.3,0.8,1.6,6.4,2012-13,-1.1735617325261234
319,Dorell Wright,SF,27,PHI,79,8,22.6,3.0,7.6,0.396,1.7,4.6,0.374,1.3,3.0,0.429,0.508,1.5,1.8,0.851,0.5,3.3,3.8,1.9,0.8,0.4,0.8,1.2,9.2,2012-13,2.880846933434129
320,Nick Young,SG,27,PHI,59,17,23.9,3.8,9.2,0.413,1.3,3.6,0.357,2.5,5.6,0.449,0.482,1.8,2.2,0.82,0.4,1.8,2.2,1.4,0.6,0.2,0.8,1.4,10.6,2012-13,1.1745039632705787
321,Thaddeus Young,PF,24,PHI,76,76,34.6,6.7,12.6,0.531,0.0,0.1,0.125,6.7,12.5,0.535,0.532,1.4,2.5,0.574,2.4,5.1,7.5,1.6,1.8,0.7,1.2,2.5,14.8,2012-13,4.847176139714424
322,Michael Beasley,SF,24,PHO,75,20,20.7,4.1,10.2,0.405,0.6,1.9,0.313,3.5,8.3,0.426,0.434,1.3,1.7,0.746,0.7,3.1,3.8,1.5,0.4,0.5,1.9,1.4,10.1,2012-13,-0.1998449037637594
323,Shannon Brown,SG,27,PHO,59,22,23.8,4.1,9.7,0.42,0.7,2.4,0.277,3.4,7.3,0.467,0.454,1.7,2.1,0.784,0.7,1.8,2.5,1.8,1.0,0.3,1.3,1.6,10.5,2012-13,1.3891374162981274
324,Goran Dragić,PG,26,PHO,77,77,33.5,5.2,11.8,0.443,1.1,3.6,0.319,4.1,8.2,0.497,0.491,3.2,4.2,0.748,0.8,2.3,3.1,7.4,1.6,0.3,2.8,2.8,14.7,2012-13,7.500371278424852
325,Jared Dudley,SF,27,PHO,79,50,27.5,4.0,8.5,0.468,1.3,3.4,0.391,2.6,5.0,0.52,0.547,1.6,2.1,0.796,1.0,2.1,3.1,2.6,0.9,0.1,1.3,1.6,10.9,2012-13,3.3656901736446594
326,Diante Garrett,PG,24,PHO,19,0,7.8,0.8,2.6,0.327,0.2,0.8,0.2,0.7,1.8,0.382,0.357,0.3,0.5,0.5,0.3,0.5,0.8,1.6,0.5,0.0,0.8,0.3,2.1,2012-13,-5.246759919086372
327,Marcin Gortat,C,28,PHO,61,61,30.8,4.8,9.3,0.521,0.0,0.0,0.0,4.8,9.2,0.524,0.521,1.5,2.3,0.652,2.1,6.4,8.5,1.2,0.7,1.6,1.6,2.1,11.1,2012-13,2.152681922337026
328,Wesley Johnson,SF,25,PHO,50,21,19.1,3.2,7.9,0.407,1.0,3.1,0.323,2.2,4.8,0.461,0.47,0.5,0.7,0.771,0.4,2.0,2.5,0.7,0.4,0.4,1.0,1.1,8.0,2012-13,-0.7897942476006335
329,Kendall Marshall,PG,21,PHO,48,3,14.6,1.2,3.1,0.371,0.5,1.5,0.315,0.7,1.6,0.423,0.447,0.2,0.3,0.571,0.1,0.8,0.9,3.0,0.5,0.1,1.2,1.0,3.0,2012-13,-3.0009777448364883
330,Markieff Morris,PF,23,PHO,82,32,22.4,3.2,8.0,0.407,0.5,1.6,0.336,2.7,6.3,0.426,0.442,1.1,1.5,0.732,1.6,3.2,4.8,1.3,0.9,0.8,1.3,2.5,8.2,2012-13,0.6783596101509163
331,Jermaine O'Neal,C,34,PHO,55,4,18.7,3.3,6.7,0.482,0.0,0.0,0.0,3.3,6.7,0.482,0.482,1.7,2.1,0.835,1.5,3.8,5.3,0.8,0.3,1.4,1.3,2.3,8.3,2012-13,-0.19996505346304239
332,Luis Scola,PF,32,PHO,82,67,26.6,5.3,11.2,0.472,0.0,0.2,0.188,5.2,11.0,0.477,0.474,2.2,2.8,0.787,1.9,4.7,6.6,2.2,0.8,0.4,1.5,3.1,12.8,2012-13,2.6969183459951824
333,P.J. Tucker,SG,27,PHO,79,45,24.2,2.7,5.6,0.473,0.3,0.9,0.314,2.4,4.7,0.503,0.498,0.8,1.1,0.744,1.7,2.8,4.4,1.4,0.8,0.2,0.8,1.8,6.4,2012-13,0.449612963152278
334,Luke Zeller,C,25,PHO,16,0,3.6,0.6,1.6,0.346,0.1,0.3,0.2,0.5,1.3,0.381,0.365,0.0,0.0,0.0,0.1,0.6,0.6,0.2,0.0,0.0,0.0,0.3,1.2,2012-13,-9.9814455648466
335,LaMarcus Aldridge,PF,27,POR,74,74,37.7,8.6,17.8,0.484,0.0,0.2,0.143,8.6,17.6,0.488,0.485,3.8,4.7,0.81,2.4,6.7,9.1,2.6,0.8,1.2,1.9,2.5,21.1,2012-13,5.665710130320416
336,Luke Babbitt,PF,23,POR,62,0,11.8,1.4,3.8,0.368,1.0,2.9,0.348,0.4,0.9,0.429,0.5,0.2,0.2,0.769,0.2,2.0,2.2,0.5,0.2,0.1,0.4,1.3,3.9,2012-13,-2.626586689955254
337,Will Barton,SG,22,POR,73,5,12.2,1.6,4.2,0.382,0.1,0.9,0.138,1.5,3.3,0.447,0.396,0.7,0.9,0.769,0.5,1.5,2.0,0.8,0.5,0.1,0.8,0.8,4.0,2012-13,-3.049155944194802
338,Nicolas Batum,SF,24,POR,73,73,38.5,4.8,11.4,0.423,2.3,6.1,0.372,2.6,5.3,0.481,0.522,2.4,2.9,0.848,1.3,4.3,5.6,4.9,1.2,1.1,2.6,1.9,14.3,2012-13,8.25467007480027
339,Victor Claver,SF,24,POR,49,16,16.6,1.5,3.9,0.392,0.5,1.8,0.287,1.0,2.1,0.48,0.458,0.3,0.6,0.467,0.6,1.8,2.4,0.9,0.5,0.2,0.9,1.5,3.8,2012-13,-3.7512211603580976
340,Joel Freeland,PF,25,POR,51,1,9.4,1.1,2.8,0.408,0.0,0.0,0.0,1.1,2.8,0.408,0.408,0.4,0.5,0.667,0.8,1.5,2.3,0.3,0.3,0.2,0.4,1.3,2.6,2012-13,-4.337917453126892
341,J.J. Hickson,C,24,POR,80,80,29.0,5.2,9.3,0.562,0.0,0.0,0.0,5.2,9.3,0.563,0.562,2.3,3.4,0.679,3.3,7.0,10.4,1.1,0.6,0.6,1.8,2.0,12.7,2012-13,3.4741380021526354
342,Jared Jeffries,PF,31,POR,38,0,9.2,0.4,1.4,0.296,0.0,0.1,0.0,0.4,1.4,0.308,0.296,0.3,0.6,0.522,0.7,0.9,1.6,0.4,0.2,0.2,0.4,1.5,1.2,2012-13,-6.937725255710978
343,Meyers Leonard,C,20,POR,69,9,17.5,2.2,4.0,0.545,0.0,0.1,0.429,2.1,3.9,0.548,0.551,1.0,1.3,0.809,1.2,2.5,3.7,0.5,0.2,0.6,0.7,2.4,5.5,2012-13,-1.2388650595168333
344,Damian Lillard,PG,22,POR,82,82,38.6,6.7,15.7,0.429,2.3,6.1,0.368,4.5,9.6,0.469,0.501,3.3,3.9,0.844,0.5,2.6,3.1,6.5,0.9,0.2,3.0,2.1,19.0,2012-13,8.354176274369847
345,Wesley Matthews,SG,26,POR,69,69,34.8,5.1,11.7,0.436,2.4,6.2,0.398,2.7,5.6,0.478,0.54,2.2,2.7,0.797,0.5,2.3,2.8,2.5,1.3,0.3,1.6,2.5,14.8,2012-13,6.14556588378725
346,Sasha Pavlović,SG,29,POR,39,1,13.5,1.1,3.1,0.353,0.5,1.5,0.3,0.6,1.5,0.407,0.429,0.0,0.2,0.167,0.2,1.3,1.4,0.8,0.6,0.1,0.4,1.5,2.6,2012-13,-6.1622641336279855
347,Ronnie Price,PG,29,POR,39,0,13.1,1.0,3.1,0.325,0.3,1.0,0.256,0.7,2.1,0.358,0.367,0.4,0.6,0.708,0.3,0.8,1.1,1.9,0.7,0.1,0.9,1.6,2.7,2012-13,-3.1765599098883466
348,Nolan Smith,PG,24,POR,40,0,7.2,1.1,2.9,0.368,0.2,0.7,0.214,0.9,2.2,0.419,0.395,0.5,0.7,0.714,0.2,0.5,0.7,0.9,0.2,0.0,0.7,0.7,2.8,2012-13,-4.693345971106299
349,DeMarcus Cousins,C,22,SAC,75,74,30.5,6.4,13.8,0.465,0.1,0.3,0.182,6.4,13.5,0.471,0.467,4.2,5.6,0.738,3.0,7.0,9.9,2.7,1.4,0.7,3.0,3.6,17.1,2012-13,6.259958829525079
350,Tyreke Evans,SG,23,SAC,65,61,31.0,5.6,11.8,0.478,0.7,2.0,0.338,4.9,9.7,0.508,0.508,3.2,4.2,0.775,0.9,3.6,4.4,3.5,1.4,0.4,2.0,2.0,15.2,2012-13,5.3922572516575356
351,Jimmer Fredette,SG,23,SAC,69,0,14.0,2.5,5.9,0.421,0.9,2.3,0.417,1.6,3.7,0.423,0.5,1.2,1.4,0.859,0.3,0.8,1.0,1.3,0.4,0.0,1.0,0.9,7.2,2012-13,-0.7485982553517867
352,Chuck Hayes,C,29,SAC,74,1,16.3,1.1,2.6,0.442,0.0,0.0,0.0,1.1,2.6,0.444,0.442,0.4,0.6,0.625,1.5,2.5,4.0,1.5,0.4,0.2,0.6,1.5,2.7,2012-13,-2.626984292583338
353,Tyler Honeycutt,SF,22,SAC,9,0,3.6,0.3,1.2,0.273,0.0,0.2,0.0,0.3,1.0,0.333,0.273,0.2,0.2,1.0,0.3,0.8,1.1,0.2,0.0,0.1,0.6,0.2,0.9,2012-13,-5.485759017213567
354,James Johnson,SF,25,SAC,54,11,16.3,2.2,5.2,0.413,0.0,0.4,0.095,2.1,4.9,0.439,0.417,0.7,1.2,0.597,0.9,1.8,2.7,1.1,0.8,0.9,1.3,1.8,5.1,2012-13,-2.4585184191375515
355,Travis Outlaw,SF,28,SAC,38,2,11.7,1.9,4.7,0.418,0.4,1.3,0.28,1.6,3.3,0.472,0.458,1.0,1.4,0.731,0.4,1.2,1.6,0.6,0.3,0.2,0.5,0.9,5.3,2012-13,-2.9223085057594096
356,John Salmons,SF,33,SAC,76,72,30.0,3.2,8.1,0.399,1.3,3.5,0.371,1.9,4.5,0.42,0.48,1.1,1.4,0.773,0.4,2.3,2.7,3.0,0.7,0.3,1.1,1.9,8.8,2012-13,1.7707527953447304
357,Isaiah Thomas,PG,23,SAC,79,62,26.9,4.6,10.5,0.44,1.5,4.1,0.358,3.2,6.5,0.491,0.509,3.2,3.6,0.882,0.4,1.7,2.0,4.0,0.8,0.0,1.8,2.1,13.9,2012-13,4.486869120631236
358,Jason Thompson,PF,26,SAC,82,81,27.9,4.6,9.1,0.502,0.0,0.0,0.0,4.6,9.0,0.504,0.502,1.7,2.5,0.694,2.1,4.6,6.7,1.0,0.6,0.7,1.2,2.8,10.9,2012-13,1.0884352862347326
359,Marcus Thornton,SG,25,SAC,72,8,24.0,4.6,10.8,0.429,2.0,5.3,0.372,2.7,5.5,0.484,0.52,1.5,1.8,0.881,0.7,1.8,2.5,1.3,0.8,0.1,0.9,1.5,12.7,2012-13,3.6097476402600996
360,Aron Baynes,C,26,SAS,16,0,8.8,1.1,2.3,0.5,0.0,0.1,0.0,1.1,2.2,0.514,0.5,0.4,0.8,0.583,0.8,1.3,2.0,0.3,0.1,0.4,0.7,1.4,2.7,2012-13,-4.403759241027329
361,DeJuan Blair,PF,23,SAS,61,16,14.0,2.3,4.4,0.524,0.0,0.0,0.0,2.3,4.4,0.526,0.524,0.7,1.1,0.629,1.1,2.7,3.8,0.7,0.6,0.2,0.8,1.8,5.4,2012-13,-1.3510869208184773
362,Matt Bonner,PF,32,SAS,68,4,13.4,1.6,3.4,0.487,0.8,1.8,0.442,0.9,1.6,0.536,0.602,0.2,0.2,0.733,0.4,1.5,1.9,0.5,0.3,0.3,0.2,1.3,4.2,2012-13,-1.7481130054666774
363,Nando De Colo,SG,25,SAS,72,6,12.8,1.5,3.3,0.436,0.4,1.1,0.378,1.0,2.2,0.465,0.5,0.5,0.6,0.795,0.3,1.6,1.9,1.9,0.6,0.1,1.1,1.2,3.8,2012-13,-1.1557030776643886
364,Boris Diaw,PF,30,SAS,75,20,22.8,2.4,4.4,0.539,0.4,1.0,0.385,2.0,3.4,0.587,0.584,0.6,0.9,0.723,0.9,2.5,3.4,2.4,0.7,0.4,1.1,1.9,5.8,2012-13,0.9754320519913688
365,Tim Duncan,C,36,SAS,69,69,30.1,7.1,14.1,0.502,0.0,0.1,0.286,7.1,14.0,0.504,0.503,3.6,4.3,0.817,1.8,8.1,9.9,2.7,0.7,2.7,2.1,1.7,17.8,2012-13,5.430628282722018
366,Manu Ginóbili,SG,35,SAS,60,0,23.2,3.8,9.0,0.425,1.4,3.9,0.353,2.4,5.1,0.48,0.502,2.7,3.4,0.796,0.5,2.9,3.4,4.6,1.3,0.2,2.2,1.9,11.8,2012-13,5.380954941152154
367,Danny Green,SG,25,SAS,80,80,27.5,3.7,8.3,0.448,2.2,5.2,0.429,1.5,3.1,0.48,0.581,0.8,1.0,0.848,0.5,2.6,3.1,1.8,1.2,0.7,1.2,1.6,10.5,2012-13,4.956443192331605
368,Stephen Jackson,SF,34,SAS,55,6,19.5,2.2,6.0,0.373,0.8,3.1,0.271,1.4,2.9,0.481,0.442,0.9,1.3,0.7,0.4,2.4,2.8,1.5,0.7,0.3,1.4,1.6,6.2,2012-13,-0.8885543586483309
369,Cory Joseph,PG,21,SAS,28,9,13.9,1.8,3.9,0.464,0.2,0.8,0.286,1.6,3.2,0.506,0.491,0.6,0.8,0.857,0.4,1.4,1.9,1.9,0.5,0.1,0.8,0.9,4.5,2012-13,-0.9483698135667101
370,Kawhi Leonard,SF,21,SAS,58,57,31.2,4.5,9.1,0.494,1.1,3.0,0.374,3.4,6.1,0.554,0.556,1.8,2.2,0.825,1.1,4.9,6.0,1.6,1.7,0.6,1.1,1.7,11.9,2012-13,6.087682744809867
371,Patty Mills,PG,24,SAS,58,2,11.3,1.9,4.2,0.469,0.9,2.2,0.4,1.1,1.9,0.55,0.577,0.3,0.3,0.842,0.2,0.7,0.9,1.1,0.4,0.1,0.7,0.9,5.1,2012-13,-0.8840871916464335
372,Gary Neal,SG,28,SAS,68,17,21.8,3.6,8.8,0.412,1.3,3.7,0.355,2.3,5.1,0.454,0.487,0.9,1.1,0.865,0.2,1.9,2.1,1.9,0.4,0.0,1.0,1.4,9.5,2012-13,0.9810179382480761
373,Tony Parker,PG,30,SAS,66,66,32.9,7.9,15.1,0.522,0.4,1.0,0.353,7.5,14.0,0.534,0.534,4.2,5.0,0.845,0.3,2.7,3.0,7.6,0.8,0.1,2.6,1.4,20.3,2012-13,7.023140299077581
374,Tiago Splitter,PF,28,SAS,81,58,24.7,3.9,7.0,0.56,0.0,0.0,0.0,3.9,6.9,0.561,0.56,2.6,3.5,0.73,1.8,4.6,6.4,1.6,0.8,0.8,1.2,2.0,10.3,2012-13,2.42303320183091
375,Quincy Acy,PF,22,TOR,29,0,11.8,1.4,2.6,0.56,0.0,0.1,0.5,1.4,2.5,0.562,0.567,1.1,1.3,0.816,1.0,1.6,2.7,0.4,0.4,0.5,0.6,1.8,4.0,2012-13,-1.3211547437758062
376,Alan Anderson,SF,30,TOR,65,2,23.0,3.6,9.5,0.383,1.5,4.4,0.333,2.2,5.1,0.426,0.46,1.9,2.3,0.857,0.5,1.8,2.3,1.6,0.7,0.1,1.2,2.0,10.7,2012-13,1.7616277577476467
377,Andrea Bargnani,PF,27,TOR,35,25,28.7,4.9,12.2,0.399,1.1,3.5,0.309,3.8,8.7,0.436,0.444,1.9,2.2,0.844,0.7,2.9,3.7,1.1,0.6,0.7,1.5,1.8,12.7,2012-13,1.6717765819655057
378,DeMar DeRozan,SG,23,TOR,82,82,36.7,6.7,15.0,0.445,0.4,1.5,0.283,6.3,13.5,0.463,0.459,4.3,5.2,0.831,0.6,3.3,3.9,2.5,0.9,0.3,1.8,2.1,18.1,2012-13,3.536981819799907
379,Landry Fields,SF,24,TOR,51,22,20.3,2.0,4.4,0.457,0.0,0.3,0.143,2.0,4.1,0.478,0.462,0.7,1.0,0.642,1.2,2.9,4.1,1.2,0.6,0.2,0.8,1.2,4.7,2012-13,-1.6926082222660133
380,Aaron Gray,C,28,TOR,42,16,12.2,1.1,2.1,0.533,0.0,0.0,0.0,1.1,2.1,0.533,0.533,0.5,1.0,0.523,1.1,2.0,3.2,0.8,0.2,0.1,0.9,2.0,2.8,2012-13,-3.3834968532758025
381,Amir Johnson,PF,25,TOR,81,38,28.7,4.1,7.5,0.554,0.1,0.2,0.385,4.1,7.3,0.558,0.559,1.7,2.3,0.727,2.8,4.7,7.5,1.5,1.0,1.4,1.4,3.7,10.0,2012-13,3.2809532214979567
382,Linas Kleiza,SF,28,TOR,20,3,18.8,2.4,7.2,0.333,1.0,3.3,0.303,1.4,3.9,0.359,0.403,1.6,1.9,0.842,0.5,2.1,2.6,0.8,0.2,0.1,0.7,2.3,7.4,2012-13,-1.6365918691219992
383,Kyle Lowry,PG,26,TOR,68,52,29.7,3.7,9.2,0.401,1.5,4.1,0.362,2.2,5.1,0.433,0.482,2.8,3.5,0.795,0.8,3.9,4.7,6.4,1.4,0.4,2.3,3.2,11.6,2012-13,6.987584228508737
384,John Lucas III,PG,30,TOR,63,0,13.1,2.0,5.3,0.386,0.9,2.4,0.377,1.1,2.9,0.393,0.472,0.3,0.4,0.72,0.1,0.9,1.0,1.7,0.4,0.0,0.4,0.8,5.3,2012-13,-1.9557489536726942
385,Mickaël Piétrus,SF,30,TOR,19,16,20.3,1.8,5.2,0.347,1.1,3.4,0.313,0.7,1.8,0.412,0.449,0.6,0.9,0.667,0.3,1.6,1.9,0.5,0.6,0.3,0.8,1.7,5.3,2012-13,-2.1769570432995584
386,Terrence Ross,SG,21,TOR,73,2,17.0,2.5,6.3,0.407,0.9,2.7,0.332,1.7,3.6,0.464,0.478,0.4,0.6,0.714,0.5,1.5,2.0,0.7,0.6,0.2,0.7,1.7,6.4,2012-13,-1.273249655974177
387,Alec Burks,SG,21,UTA,64,0,17.8,2.5,6.1,0.42,0.5,1.4,0.359,2.0,4.6,0.439,0.463,1.4,2.0,0.713,0.6,1.7,2.3,1.4,0.5,0.2,1.2,1.8,7.0,2012-13,-1.360059527125065
388,DeMarre Carroll,SF,26,UTA,66,12,16.8,2.3,4.9,0.46,0.3,1.1,0.286,2.0,3.8,0.508,0.491,1.1,1.5,0.765,1.3,1.5,2.8,0.9,0.9,0.4,0.5,1.8,6.0,2012-13,-0.3307788592157045
389,Jeremy Evans,PF,25,UTA,37,0,5.8,0.7,1.2,0.614,0.0,0.0,0.0,0.7,1.2,0.628,0.614,0.6,0.9,0.636,0.7,0.9,1.6,0.3,0.2,0.4,0.2,0.8,2.0,2012-13,-3.030740369090102
390,Derrick Favors,PF,21,UTA,77,8,23.2,3.6,7.4,0.482,0.0,0.1,0.0,3.6,7.3,0.487,0.482,2.3,3.4,0.688,2.4,4.7,7.1,1.0,0.9,1.7,1.7,3.2,9.4,2012-13,1.4246388630189375
391,Randy Foye,SG,29,UTA,82,72,27.4,3.6,9.0,0.397,2.2,5.3,0.41,1.4,3.7,0.378,0.518,1.4,1.8,0.819,0.2,1.3,1.5,2.0,0.8,0.3,1.1,2.3,10.8,2012-13,2.904384636487136
392,Gordon Hayward,SF,22,UTA,72,27,29.2,4.7,10.7,0.435,1.4,3.4,0.415,3.3,7.3,0.444,0.501,3.4,4.1,0.827,0.7,2.4,3.1,3.0,0.8,0.5,1.7,1.7,14.1,2012-13,3.9195829924963803
393,Al Jefferson,C,28,UTA,78,78,33.1,7.8,15.8,0.494,0.0,0.2,0.118,7.8,15.6,0.5,0.495,2.1,2.8,0.77,2.0,7.2,9.2,2.1,1.0,1.1,1.3,2.2,17.8,2012-13,5.176274813458678
394,Enes Kanter,C,20,UTA,70,2,15.4,2.9,5.4,0.544,0.0,0.0,1.0,2.9,5.4,0.542,0.545,1.3,1.7,0.795,1.9,2.4,4.3,0.4,0.4,0.5,1.4,1.7,7.2,2012-13,-0.3736904240119201
395,Paul Millsap,PF,27,UTA,78,78,30.4,5.5,11.2,0.49,0.2,0.5,0.333,5.3,10.7,0.498,0.498,3.4,4.6,0.742,2.3,4.8,7.1,2.6,1.3,1.0,1.8,3.0,14.6,2012-13,4.8308165868663675
396,Kevin Murphy,SG,22,UTA,17,0,3.1,0.4,1.6,0.25,0.1,0.3,0.2,0.4,1.4,0.261,0.268,0.0,0.0,0.0,0.0,0.2,0.2,0.1,0.1,0.0,0.2,0.2,0.9,2012-13,-10.994704429935426
397,Jamaal Tinsley,PG,34,UTA,66,32,18.5,1.3,3.5,0.368,0.6,1.9,0.307,0.7,1.6,0.439,0.451,0.3,0.4,0.692,0.3,1.5,1.7,4.4,1.0,0.2,1.6,1.6,3.5,2012-13,0.07592407382723931
398,Earl Watson,PG,33,UTA,48,4,17.3,0.8,2.5,0.308,0.1,0.6,0.179,0.7,1.9,0.348,0.329,0.4,0.5,0.68,0.5,1.3,1.8,4.0,0.8,0.2,1.4,2.0,2.0,2012-13,-2.255431788753528
399,Marvin Williams,SF,26,UTA,73,51,23.7,2.7,6.4,0.423,0.7,2.3,0.325,2.0,4.2,0.477,0.481,1.1,1.4,0.778,0.8,2.8,3.6,1.1,0.5,0.5,0.8,1.3,7.2,2012-13,-0.30008906332247165
400,Mo Williams,PG,30,UTA,46,46,30.8,5.0,11.6,0.43,1.3,3.3,0.383,3.7,8.2,0.449,0.485,1.6,1.8,0.882,0.5,1.9,2.4,6.2,1.0,0.2,2.7,2.3,12.9,2012-13,5.734637344589304
401,Trevor Ariza,SF,27,WAS,56,15,26.3,3.4,8.1,0.417,1.4,3.7,0.364,2.0,4.3,0.463,0.501,1.4,1.7,0.821,0.8,4.0,4.8,2.0,1.3,0.4,1.5,1.3,9.5,2012-13,4.133043584506906
402,Bradley Beal,SG,19,WAS,56,46,31.2,5.0,12.3,0.41,1.6,4.2,0.386,3.4,8.1,0.424,0.477,2.2,2.8,0.786,0.8,3.0,3.8,2.4,0.9,0.5,1.6,2.0,13.9,2012-13,3.890794639596371
403,Trevor Booker,PF,25,WAS,48,14,18.5,2.3,4.6,0.491,0.0,0.1,0.0,2.3,4.5,0.502,0.491,0.8,1.5,0.556,2.0,2.9,5.0,0.8,0.7,0.3,0.6,2.0,5.3,2012-13,-1.3246397633086946
404,Nenê Hilário,PF,30,WAS,61,49,27.2,4.7,9.7,0.48,0.0,0.0,0.0,4.7,9.7,0.481,0.48,3.2,4.4,0.729,1.7,5.0,6.7,2.9,0.9,0.6,2.3,2.8,12.6,2012-13,3.092293865061729
405,Cartier Martin,SF,28,WAS,41,3,16.9,2.3,6.1,0.381,1.4,3.6,0.397,0.9,2.6,0.358,0.496,0.5,0.7,0.714,0.3,2.2,2.4,0.5,0.5,0.1,0.8,1.4,6.6,2012-13,-0.927912346126748
406,Emeka Okafor,C,30,WAS,79,77,26.0,4.2,8.7,0.477,0.0,0.0,0.0,4.2,8.7,0.477,0.477,1.4,2.4,0.571,2.5,6.2,8.8,1.2,0.6,1.0,1.4,1.8,9.7,2012-13,0.9198269016841228
407,A.J. Price,PG,26,WAS,57,22,22.4,2.8,7.2,0.39,1.2,3.5,0.35,1.6,3.7,0.427,0.475,0.9,1.1,0.79,0.4,1.6,2.0,3.6,0.6,0.1,1.1,1.3,7.7,2012-13,1.2433758208463577
408,Kevin Séraphin,C,23,WAS,79,8,21.8,4.2,9.1,0.461,0.0,0.0,0.0,4.2,9.1,0.461,0.461,0.8,1.1,0.693,1.4,3.0,4.4,0.7,0.3,0.7,1.6,2.7,9.1,2012-13,-1.4250729462342302
409,Chris Singleton,PF,23,WAS,57,11,16.2,1.6,4.2,0.382,0.1,0.6,0.194,1.5,3.6,0.415,0.396,0.7,1.2,0.571,0.9,2.3,3.2,0.6,0.7,0.4,0.8,2.2,4.1,2012-13,-3.245293778729159
410,Garrett Temple,SG,26,WAS,51,36,22.7,2.1,5.1,0.407,0.5,1.6,0.325,1.5,3.5,0.444,0.457,0.5,0.7,0.703,0.6,1.8,2.4,2.3,1.0,0.3,1.2,1.8,5.1,2012-13,-0.21295338057553637
411,Jan Veselý,PF,22,WAS,51,4,11.8,1.1,2.2,0.5,0.0,0.0,0.0,1.1,2.2,0.504,0.5,0.2,0.8,0.308,0.8,1.5,2.4,0.5,0.3,0.3,0.5,2.1,2.5,2012-13,-5.155569560100441
412,John Wall,PG,22,WAS,49,42,32.7,6.6,15.0,0.441,0.2,0.9,0.267,6.4,14.1,0.452,0.449,5.0,6.2,0.804,0.7,3.3,4.0,7.6,1.3,0.8,3.2,2.4,18.5,2012-13,6.898091684038298
413,Martell Webster,SF,26,WAS,76,62,28.9,3.7,8.4,0.442,1.8,4.3,0.422,1.9,4.0,0.463,0.551,2.2,2.6,0.848,0.7,3.2,3.9,1.9,0.6,0.2,1.2,2.2,11.4,2012-13,3.4653274942662526
414,Aaron Brooks,PG,28,HOU,53,20,18.766037735849057,2.6830188679245284,5.979245283018868,0.4487219943199748,0.9075471698113208,2.5622641509433963,0.3541973490427099,1.7754716981132077,3.416981132075472,0.5196024295969078,0.5246134427264122,0.7811320754716982,0.9547169811320756,0.8181818181818181,0.2735849056603773,1.228301886792453,1.5150943396226415,2.1150943396226416,0.5339622641509434,0.2264150943396226,1.2943396226415094,1.7415094339622643,7.128301886792453,2012-13,0.27755549551359726
415,Anthony Morrow,SG,27,ATL,41,1,9.307317073170733,1.5853658536585364,3.5219512195121947,0.4501385041551247,0.3926829268292682,1.0609756097560974,0.3701149425287356,1.1341463414634148,2.460975609756097,0.4608523290386522,0.5058864265927978,0.4926829268292683,0.5512195121951219,0.8938053097345133,0.2756097560975609,0.4926829268292683,0.7268292682926829,0.3170731707317073,0.3341463414634146,0.0,0.2,1.068292682926829,3.997560975609756,2012-13,-2.418184433098362
416,Austin Daye,SF,24,DET,55,0,12.30181818181818,1.6309090909090909,3.7745454545454544,0.4320809248554913,0.7309090909090908,1.8127272727272723,0.40320962888666,0.8999999999999999,2.0054545454545454,0.4487760652765185,0.5289017341040463,0.4872727272727272,0.6309090909090909,0.7723342939481268,0.2872727272727273,1.9181818181818184,2.205454545454545,0.7872727272727271,0.2563636363636363,0.4127272727272727,0.5,1.518181818181818,4.48,2012-13,-1.9697621532432998
417,Beno Udrih,SG,30,MIL,66,9,22.040909090909093,3.1863636363636365,7.204545454545455,0.4422712933753943,0.5045454545454546,1.5863636363636364,0.3180515759312321,2.681818181818182,5.65909090909091,0.4738955823293172,0.4772870662460567,1.2545454545454546,1.5363636363636366,0.8165680473372781,0.4818181818181818,1.640909090909091,2.122727272727273,4.563636363636364,0.6045454545454546,0.0590909090909091,1.6454545454545455,1.3681818181818182,8.131818181818183,2012-13,1.537440665735878
418,Charles Jenkins,SG,23,GSW,59,1,7.48135593220339,0.8016949152542373,2.0847457627118646,0.3845528455284552,0.0,0.0,0.0,0.8016949152542373,2.005084745762712,0.3998309382924768,0.3845528455284552,0.2,0.3796610169491525,0.5267857142857143,0.1406779661016949,0.3813559322033898,0.5016949152542374,0.7423728813559323,0.2610169491525423,0.0203389830508474,0.3593220338983051,0.3796610169491525,1.8627118644067795,2012-13,-6.004918438265652
419,Chris Johnson,SF,22,MEM,38,0,10.194736842105264,1.5578947368421054,2.6263157894736846,0.5931863727454909,0.1684210526315789,0.4842105263157894,0.3478260869565218,1.3894736842105264,2.1631578947368424,0.6423357664233577,0.625250501002004,0.5736842105263157,0.9315789473684212,0.6158192090395479,0.6789473684210525,1.194736842105263,1.873684210526316,0.3,0.2631578947368421,0.7105263157894737,0.4,1.3894736842105264,3.836842105263158,2012-13,-2.50713854582776
420,Cole Aldrich,C,24,HOU,45,0,8.633333333333333,1.0,1.7666666666666666,0.5660377358490566,0.0,0.0,0.0,1.0,1.7666666666666666,0.5660377358490566,0.5660377358490566,0.2333333333333333,0.4333333333333333,0.5384615384615385,0.6666666666666666,2.0,2.6666666666666665,0.2,0.1,0.5,0.5333333333333333,1.3666666666666667,2.2333333333333334,2012-13,-3.8431342136604685
421,Daequan Cook,SG,25,CHI,49,1,9.020408163265309,1.030612244897959,3.430612244897959,0.3004164187983343,0.5653061224489795,1.8326530612244896,0.3084632516703786,0.5326530612244897,1.5306122448979589,0.348,0.3828078524687686,0.1673469387755102,0.2673469387755102,0.6259541984732825,0.1653061224489795,1.0693877551020408,1.2346938775510203,0.3979591836734694,0.1979591836734693,0.1673469387755102,0.3326530612244898,0.5306122448979591,2.793877551020408,2012-13,-5.3603592088850744
422,Dahntay Jones,SF,32,ATL,78,19,13.02307692307692,1.035897435897436,2.835897435897436,0.3652802893309222,0.1641025641025641,0.5923076923076923,0.2770562770562771,0.8717948717948718,2.243589743589744,0.3885714285714285,0.3942133815551537,1.1205128205128208,1.4205128205128208,0.7888086642599278,0.3358974358974359,0.9564102564102566,1.2923076923076924,0.6358974358974359,0.2717948717948718,0.0641025641025641,0.4717948717948718,1.5358974358974362,3.3564102564102565,2012-13,-4.028025814068344
423,Derek Fisher,PG,38,DAL,33,9,17.4,1.6545454545454548,4.872727272727273,0.3395522388059702,0.8818181818181818,2.4545454545454546,0.3592592592592593,0.7454545454545454,2.4454545454545453,0.3048327137546468,0.4300373134328358,1.0636363636363635,1.1454545454545455,0.9285714285714284,0.0727272727272727,1.0454545454545454,1.1181818181818182,1.436363636363636,0.6,0.0545454545454545,0.9090909090909092,1.681818181818182,5.327272727272726,2012-13,-0.9983181498989759
424,Dexter Pittman,C,24,MEM,11,0,2.9363636363636365,0.3545454545454546,1.0454545454545454,0.3391304347826088,0.0,0.0,0.0,0.3545454545454546,1.0454545454545454,0.3391304347826088,0.3391304347826088,0.0,0.2545454545454546,0.0,0.6181818181818182,0.4818181818181818,1.1,0.0,0.0,0.0,0.2454545454545454,0.7454545454545454,0.7363636363636363,2012-13,-10.196913395045236
425,Dominic McGuire,SF,27,IND,26,10,14.861538461538462,0.923076923076923,2.123076923076923,0.4347826086956521,0.0,0.0,0.0,0.923076923076923,2.123076923076923,0.4347826086956521,0.4347826086956521,0.0923076923076923,0.3769230769230769,0.2448979591836735,0.7192307692307691,2.276923076923077,2.996153846153846,0.7884615384615383,0.4846153846153845,0.3923076923076922,0.4961538461538461,1.465384615384615,1.9384615384615385,2012-13,-5.43096335799735
426,Donald Sloan,SG,25,CLE,23,0,11.478260869565217,1.217391304347826,3.391304347826087,0.3589743589743589,0.3478260869565217,0.8695652173913043,0.4,0.8695652173913043,2.608695652173913,0.3333333333333333,0.4102564102564102,0.8695652173913043,1.1304347826086956,0.7692307692307693,0.1739130434782608,1.1304347826086956,1.217391304347826,1.6913043478260867,0.2608695652173913,0.0,0.6478260869565217,0.782608695652174,3.5652173913043472,2012-13,-3.351697213614919
427,Doron Lamb,SG,21,MIL,47,0,12.302127659574468,1.246808510638298,3.436170212765957,0.3628482972136224,0.3021276595744681,0.8021276595744681,0.376657824933687,0.9936170212765956,2.685106382978723,0.3700475435816165,0.4068111455108359,0.402127659574468,0.7510638297872341,0.5354107648725211,0.151063829787234,0.8042553191489361,0.95531914893617,0.6957446808510638,0.2999999999999999,0.0,0.5468085106382978,1.097872340425532,3.297872340425532,2012-13,-5.2207167862669115
428,Earl Barron,C,31,NYK,12,2,13.258333333333333,1.5166666666666666,4.283333333333333,0.3540856031128405,0.0,0.0,0.0,1.5166666666666666,4.283333333333333,0.3540856031128405,0.3540856031128405,0.2666666666666666,0.625,0.4266666666666666,1.875,3.2916666666666665,5.074999999999999,0.4416666666666666,0.4583333333333333,0.5416666666666666,0.9083333333333332,2.0083333333333333,3.208333333333333,2012-13,-4.487767581267418
429,Ed Davis,PF,23,MEM,81,28,20.155555555555555,3.2111111111111112,5.944444444444445,0.5401869158878505,0.0,0.0,0.0,3.2111111111111112,5.944444444444445,0.5401869158878505,0.5401869158878505,1.2777777777777777,2.077777777777777,0.6149732620320856,1.8777777777777775,3.844444444444444,5.677777777777778,0.7555555555555555,0.5111111111111111,1.022222222222222,0.7777777777777778,2.3666666666666667,7.655555555555555,2012-13,-0.27413683892643514
430,Eric Maynor,PG,25,OKC,64,0,15.071875,1.675,4.365625,0.3836793128131711,0.5265625,1.4953124999999998,0.3521421107628005,1.1484375,2.9125,0.3943133047210301,0.4439871152469578,0.7109375,0.9796875,0.7256778309409888,0.1,0.6109375,0.7109375,2.84375,0.3421875,0.0,1.221875,0.8375,4.5296875,2012-13,-2.2652299071433784
431,Francisco García,SF,31,HOU,58,20,17.76896551724138,2.024137931034483,5.162068965517241,0.3921175684702739,1.1551724137931036,3.0724137931034488,0.3759820426487093,0.8689655172413794,2.089655172413793,0.4158415841584159,0.5040080160320641,0.3,0.4000000000000001,0.7499999999999998,0.1689655172413793,1.406896551724138,1.5758620689655174,1.1,0.8000000000000002,0.6758620689655174,0.5620689655172414,1.5448275862068968,5.572413793103449,2012-13,-0.4945391614859712
432,Gustavo Ayón,C,27,MIL,55,3,13.365454545454543,1.7090909090909092,3.0309090909090908,0.563887222555489,0.0,0.0,0.0,1.7090909090909092,3.0309090909090908,0.563887222555489,0.563887222555489,0.3345454545454546,0.921818181818182,0.3629191321499014,1.0745454545454547,2.518181818181818,3.649090909090909,1.3127272727272727,0.4090909090909091,0.3,0.8781818181818183,1.9218181818181816,3.752727272727273,2012-13,-2.797580938424406
433,Hakim Warrick,PF,30,CHA,28,14,17.510714285714286,2.35,5.857142857142857,0.4012195121951219,0.0,0.0964285714285714,0.0,2.35,5.760714285714286,0.4079355238685678,0.4012195121951219,2.0964285714285715,3.157142857142857,0.6640271493212669,0.7714285714285715,2.4107142857142856,3.182142857142857,0.8678571428571429,0.4214285714285714,0.1928571428571428,1.0607142857142855,1.35,6.892857142857143,2012-13,-2.69928744382052
434,Hamed Haddadi,C,27,MEM,30,0,10.723333333333333,1.1233333333333335,2.7333333333333334,0.4109756097560976,0.0,0.0,0.0,1.1233333333333335,2.7333333333333334,0.4109756097560976,0.4109756097560976,0.4966666666666667,0.9366666666666666,0.5302491103202848,1.4233333333333331,2.29,3.67,0.4133333333333333,0.2133333333333333,0.8966666666666666,1.0366666666666666,1.9933333333333332,2.8433333333333333,2012-13,-4.569108408387654
435,Ish Smith,PG,24,MIL,52,3,9.915384615384616,1.1,3.0461538461538464,0.3611111111111111,0.1615384615384615,0.5307692307692308,0.3043478260869565,0.9384615384615383,2.5846153846153843,0.3630952380952381,0.3876262626262626,0.0692307692307692,0.1384615384615384,0.5,0.2384615384615384,0.9692307692307692,1.176923076923077,1.6923076923076923,0.4307692307692308,0.2,0.7384615384615385,0.5230769230769231,2.4,2012-13,-4.861179814039291
436,J.J. Redick,SG,28,MIL,78,13,30.494871794871795,4.876923076923077,11.24102564102564,0.4338503649635037,2.0846153846153848,5.784615384615385,0.3603723404255319,2.792307692307692,5.492307692307692,0.5084033613445378,0.5265739051094891,2.1923076923076925,2.456410256410257,0.8924843423799583,0.2358974358974359,1.984615384615385,2.2205128205128206,3.7897435897435914,0.4923076923076923,0.1,1.776923076923077,1.5076923076923077,14.094871794871796,2012-13,4.663892804827579
437,James Anderson,SG,23,HOU,121,84,23.64793388429752,3.137190082644628,6.128099173553719,0.5119352663519892,0.1851239669421487,0.4983471074380166,0.3714759535655057,2.9760330578512395,5.629752066115702,0.5286259541984732,0.5270397842211733,1.5570247933884298,2.6818181818181817,0.5805855161787365,2.448760330578512,6.075206611570247,8.52396694214876,0.9479338842975208,0.5272727272727273,0.7859504132231405,1.624793388429752,2.031404958677686,8.084297520661156,2012-13,0.8929772877896575
438,Jannero Pargo,PG,33,ATL,32,0,15.828124999999998,2.4562500000000003,6.6312500000000005,0.3704052780395853,1.2062499999999998,3.63125,0.3321858864027538,1.25,3.0218750000000005,0.4136504653567734,0.4613572101790763,0.35625,0.4125,0.8636363636363638,0.303125,0.7875,1.090625,2.096875,0.5375,0.078125,1.2937500000000002,1.26875,6.4750000000000005,2012-13,-0.11827809520654589
439,Jarvis Varnado,PF,24,BOS,13,0,4.461538461538462,0.2153846153846154,0.5538461538461539,0.3888888888888889,0.0,0.0,0.0,0.2153846153846154,0.5538461538461539,0.3888888888888889,0.3888888888888889,0.1538461538461538,0.3076923076923077,0.5,0.1384615384615384,0.5230769230769231,0.7230769230769232,0.2615384615384615,0.0769230769230769,0.1846153846153846,0.4461538461538462,0.7538461538461538,0.6461538461538462,2012-13,-6.919732636956161
440,Jason Collins,C,34,BOS,38,9,10.094736842105265,0.2842105263157894,0.7473684210526315,0.380281690140845,0.0,0.0,0.0,0.2842105263157894,0.7473684210526315,0.380281690140845,0.380281690140845,0.6368421052631579,0.8052631578947369,0.7908496732026143,0.6210526315789473,1.031578947368421,1.5526315789473684,0.2157894736842105,0.2999999999999999,0.2789473684210526,0.4684210526315789,2.221052631578947,1.121052631578947,2012-13,-4.5828377984664606
441,Jason Maxiell,PG,31,DET,100,99,26.732,3.276,6.916,0.4736842105263158,0.5040000000000001,0.98,0.5142857142857143,2.744,5.936,0.4622641509433963,0.5101214574898786,1.188,1.72,0.6906976744186046,1.424,3.38,4.804,2.424,0.5960000000000001,0.964,1.2960000000000005,2.148,8.216000000000001,2012-13,1.0762813330327181
442,Jeremy Pargo,PG,26,CLE,39,11,16.823076923076925,2.5333333333333337,6.423076923076923,0.3944111776447106,0.6282051282051282,1.9051282051282048,0.3297442799461642,1.9051282051282048,4.517948717948719,0.4216799091940976,0.443313373253493,1.0641025641025643,1.5641025641025643,0.6803278688524591,0.2282051282051282,1.035897435897436,1.2641025641025645,2.384615384615385,0.3564102564102564,0.0641025641025641,1.2846153846153847,1.1923076923076923,6.758974358974359,2012-13,-1.8370994169432315
443,Jeremy Tyler,C,21,ATL,21,0,3.2857142857142856,0.4761904761904761,1.1428571428571428,0.4166666666666667,0.0,0.0,0.0,0.4761904761904761,1.1428571428571428,0.4166666666666667,0.4166666666666667,0.1904761904761904,0.2857142857142857,0.6666666666666666,0.2857142857142857,0.7142857142857142,1.0,0.0952380952380952,0.0952380952380952,0.0952380952380952,0.2857142857142857,0.4761904761904761,1.0476190476190477,2012-13,-5.631987095343986
444,Jon Leuer,C,23,CLE,28,0,6.707142857142857,0.8964285714285716,1.8785714285714288,0.4771863117870722,0.0,0.0964285714285714,0.0,0.8964285714285716,1.7821428571428573,0.5030060120240482,0.4771863117870722,0.2,0.4964285714285714,0.4028776978417266,0.4642857142857143,0.8321428571428573,1.3321428571428573,0.3285714285714286,0.2,0.0,0.3285714285714286,0.7250000000000001,1.9928571428571429,2012-13,-5.729680475328545
445,Jonas Valančiūnas,PG,31,TOR,107,87,25.750467289719623,3.678504672897196,7.1196261682243,0.5166710422683118,0.7570093457943925,1.7242990654205606,0.4390243902439025,2.921495327102804,5.437383177570093,0.5372980405637676,0.5698346022578104,1.811214953271028,2.2429906542056077,0.8075,1.2850467289719625,3.158878504672897,4.485981308411215,3.5177570093457944,0.4261682242990653,0.7953271028037383,1.5841121495327102,2.2850467289719627,9.825233644859813,2012-13,2.8873844601741805
446,Jordan Crawford,SG,24,BOS,70,14,24.425714285714285,4.282857142857143,10.334285714285716,0.4144318495991153,1.207142857142857,3.5371428571428574,0.341276252019386,3.075714285714286,6.835714285714286,0.4499477533960292,0.4728366049212054,1.8457142857142856,2.3071428571428574,0.7999999999999999,0.6228571428571429,2.361428571428572,2.9457142857142857,3.237142857142857,0.5228571428571429,0.1,2.03,1.5157142857142856,11.618571428571428,2012-13,2.266961940223359
447,Josh McRoberts,PF,25,CHA,67,22,22.171641791044777,2.3537313432835822,5.097014925373134,0.4617862371888727,0.3611940298507463,1.222388059701493,0.2954822954822954,1.9313432835820896,3.874626865671642,0.4984591679506933,0.4972181551976574,0.9656716417910448,1.2432835820895525,0.7767106842737095,1.388059701492537,3.4253731343283578,4.813432835820896,2.0880597014925373,0.4328358208955224,0.4164179104477611,1.01044776119403,1.949253731343284,5.995522388059702,2012-13,0.23441823467156114
448,Kris Joseph,SF,24,BRK,10,0,5.4,0.18,1.4,0.1285714285714285,0.0,0.3,0.0,0.18,1.1,0.1636363636363636,0.1285714285714285,0.5,0.8200000000000001,0.6097560975609756,0.12,0.62,0.6799999999999999,0.12,0.32,0.0,0.18,0.3,0.92,2012-13,-8.471740141250706
449,Lou Amundson,PF,30,CHI,39,0,9.55897435897436,0.8205128205128205,2.0615384615384613,0.3980099502487562,0.0,0.0,0.0,0.8205128205128205,2.0615384615384613,0.3980099502487562,0.3980099502487562,0.2871794871794871,0.9282051282051282,0.3093922651933701,1.241025641025641,1.4923076923076923,2.7333333333333334,0.2871794871794871,0.4358974358974359,0.2923076923076922,0.4923076923076923,1.358974358974359,1.928205128205128,2012-13,-5.959999613014314
450,Maalik Wayns,PG,21,LAC,27,1,7.522222222222222,0.9666666666666668,3.2444444444444445,0.2979452054794521,0.2222222222222222,1.1555555555555554,0.1923076923076923,0.7222222222222222,2.088888888888889,0.3457446808510638,0.3321917808219178,0.6222222222222222,0.7,0.888888888888889,0.0,0.2222222222222222,0.2222222222222222,1.0444444444444445,0.1888888888888888,0.0,0.5333333333333333,0.9888888888888888,2.833333333333333,2012-13,-4.582469692378103
451,Malcolm Thomas,PF,24,CHI,12,0,4.7250000000000005,0.4083333333333333,0.8416666666666668,0.4851485148514851,0.0,0.0,0.0,0.4083333333333333,0.8416666666666668,0.4851485148514851,0.4851485148514851,0.425,0.6833333333333333,0.6219512195121951,0.4083333333333333,0.9416666666666668,1.35,0.3416666666666667,0.175,0.1416666666666667,0.2583333333333333,0.6666666666666667,1.2416666666666667,2012-13,-4.680287036538715
452,Marcus Morris,PF,23,HOU,77,23,19.816883116883115,2.901298701298701,6.832467532467533,0.4246340999809922,1.1311688311688313,3.0324675324675323,0.3730192719486082,1.7701298701298702,3.8,0.4658236500341764,0.5074130393461319,0.8402597402597403,1.5194805194805194,0.552991452991453,1.0506493506493506,2.571428571428572,3.622077922077922,0.8402597402597403,0.5896103896103896,0.2701298701298701,1.0,2.050649350649351,7.733766233766233,2012-13,-0.6483941567827555
453,Marreese Speights,C,25,CLE,79,3,16.474683544303797,3.2924050632911395,7.384810126582279,0.4458347617415152,0.050632911392405,0.1,0.5063291139240507,3.2417721518987346,7.284810126582279,0.4450043440486533,0.4492629413781282,1.6936708860759495,2.2430379746835443,0.7550790067720091,1.8506329113924047,3.046835443037975,4.89746835443038,0.59873417721519,0.3493670886075949,0.7,1.0481012658227848,2.249367088607596,8.377215189873418,2012-13,-1.0539617521490925
454,Patrick Patterson,PF,23,HOU,71,41,24.98732394366197,4.492957746478873,8.78732394366197,0.5112998878025325,0.7,1.8309859154929575,0.3823076923076923,3.792957746478873,6.890140845070422,0.5504905968928864,0.5511299887802532,0.6985915492957747,0.8647887323943662,0.8078175895765474,1.6338028169014085,3.133802816901409,4.733802816901409,1.167605633802817,0.4338028169014085,0.5661971830985915,0.8661971830985915,1.9338028169014083,10.383098591549295,2012-13,1.667309917730562
455,Ronnie Brewer,SF,27,NYK,60,34,14.240000000000002,1.1666666666666663,3.286666666666667,0.3549695740365111,0.4066666666666667,1.2433333333333334,0.3270777479892761,0.7833333333333334,2.066666666666667,0.3790322580645161,0.4168356997971602,0.23,0.6133333333333334,0.375,0.67,1.5933333333333335,2.3633333333333337,0.8533333333333334,0.6766666666666666,0.0766666666666666,0.3,0.5533333333333333,2.97,2012-13,-4.537275047665437
456,Rudy Gay,SF,26,MEM,75,74,35.82000000000001,6.964,16.708,0.4168063203255926,1.132,3.4960000000000004,0.3237986270022883,5.788,13.256,0.4366324683162341,0.4506823078764664,3.208,3.920000000000001,0.8183673469387754,1.3000000000000005,4.82,6.120000000000001,2.688,1.476,0.7,2.632,2.452,18.212,2012-13,6.606422462128535
457,Sebastian Telfair,PG,27,PHO,59,2,16.616949152542375,1.867796610169492,5.267796610169492,0.3545688545688545,0.8779661016949153,2.5661016949152544,0.3421400264200792,0.9898305084745764,2.6796610169491526,0.3693864642631246,0.4379021879021879,0.9559322033898304,1.1338983050847458,0.8430493273542601,0.2559322033898305,1.2,1.4338983050847458,2.610169491525424,0.6220338983050847,0.1779661016949152,1.111864406779661,1.733898305084746,5.625423728813559,2012-13,-0.4210688392718462
458,Shaun Livingston,PG,27,CLE,66,16,22.066666666666663,2.513636363636364,5.236363636363636,0.4800347222222222,0.0,0.0515151515151515,0.0,2.513636363636364,5.1848484848484855,0.4848042080654587,0.4800347222222222,1.271212121212121,1.493939393939394,0.8509127789046651,0.4712121212121212,1.951515151515152,2.422727272727273,3.2393939393939397,0.7484848484848485,0.4712121212121212,1.1484848484848484,1.893939393939394,6.298484848484849,2012-13,0.7236148777712532
459,Shelvin Mack,PG,22,ATL,31,3,13.416129032258064,1.912903225806452,4.061290322580645,0.4710087370929309,0.5870967741935483,1.6290322580645162,0.3603960396039603,1.3258064516129031,2.532258064516129,0.5235668789808917,0.5432883240667196,0.2806451612903226,0.5193548387096774,0.5403726708074534,0.0903225806451613,1.2032258064516128,1.293548387096774,2.203225806451613,0.5258064516129032,0.0,1.0870967741935482,1.258064516129032,4.616129032258065,2012-13,-1.949114459515326
460,Tayshaun Prince,SF,32,DET,82,81,32.084146341463416,4.393902439024391,10.032926829268296,0.4379482192779871,0.4548780487804879,1.154878048780488,0.3938753959873284,3.939024390243903,8.878048780487806,0.4436813186813186,0.4606174790324541,1.1487804878048782,1.603658536585366,0.7163498098859316,0.9097560975609758,3.564634146341464,4.419512195121952,2.409756097560976,0.5902439024390245,0.3,1.0646341463414637,1.0451219512195122,10.391463414634147,2012-13,0.9965889501373413
461,Terrel Harris,SG,25,MIA,20,0,6.83,0.235,1.36,0.1727941176470588,0.0,0.36,0.0,0.235,0.935,0.2513368983957219,0.1727941176470588,0.38,0.515,0.7378640776699029,0.21,1.09,1.3,0.43,0.13,0.13,0.86,0.8550000000000001,0.75,2012-13,-7.398129046769425
462,Thomas Robinson,PF,21,HOU,70,0,15.112857142857145,1.9457142857142855,4.609999999999999,0.4220638363805392,0.0,0.0271428571428571,0.0,1.9457142857142855,4.609999999999999,0.4220638363805392,0.4220638363805392,0.8,1.5628571428571427,0.5118829981718465,1.7457142857142856,2.791428571428571,4.537142857142857,0.6457142857142856,0.5814285714285714,0.3728571428571428,1.272857142857143,1.7914285714285714,4.718571428571428,2012-13,-2.899355643277365
463,Tobias Harris,SF,20,MIL,55,34,23.627272727272725,4.256363636363636,9.303636363636365,0.4574946257572796,0.6436363636363636,1.9781818181818185,0.3253676470588235,3.612727272727273,7.376363636363636,0.4897707665762879,0.4920852061754935,1.88,2.4709090909090907,0.7608535688005886,1.3363636363636364,3.8545454545454554,5.190909090909091,1.2854545454545456,0.5945454545454545,0.84,1.189090909090909,2.18,10.987272727272726,2012-13,1.515224046901044
464,Toney Douglas,PG,26,HOU,71,0,18.135211267605637,2.6140845070422536,6.580281690140844,0.3972602739726028,1.1380281690140843,3.0521126760563377,0.3728657129672358,1.5070422535211268,3.528169014084507,0.4271457085828343,0.4837328767123288,1.0450704225352112,1.1830985915492958,0.8833333333333333,0.5,1.492957746478873,1.9239436619718309,2.116901408450704,0.9859154929577464,0.0,1.1,2.038028169014084,7.480281690140845,2012-13,1.7019675455151746
465,Wayne Ellington,SG,25,CLE,78,21,21.284615384615385,2.8769230769230765,6.8025641025641015,0.4229174519411986,1.1948717948717946,3.0820512820512818,0.3876871880199666,1.6820512820512818,3.7205128205128206,0.4521019986216402,0.5107425555974369,0.8871794871794871,0.9846153846153848,0.9010416666666664,0.2948717948717949,1.833333333333333,2.128205128205128,1.3435897435897437,0.5948717948717949,0.0487179487179487,0.7461538461538462,1.0487179487179483,7.887179487179487,2012-13,0.9767753404196586
