PLAYER,POS,AGE,TEAM,G,GS,MP,FG,FGA,FG%,3P,3PA,3P%,2P,2PA,2P%,eFG%,FT,FTA,FT%,ORB,DRB,TRB,AST,STL,BLK,TOV,PF,PTS,SEASON,VALUE
DeAndre' Bembry,SG,25,ATL,43,4,21.3,2.4,5.3,0.456,0.3,1.5,0.231,2.1,3.8,0.546,0.489,0.6,1.1,0.542,0.8,2.7,3.5,1.9,1.3,0.4,1.4,2.0,5.8,2019-20,-0.07285433162492455
Charlie Brown,SG,22,ATL,10,0,4.0,0.6,1.9,0.316,0.3,0.9,0.333,0.3,1.0,0.3,0.395,0.5,0.5,1.0,0.2,0.2,0.4,0.2,0.2,0.2,0.3,0.3,2.0,2019-20,-6.473022756319299
Vince Carter,PF,43,ATL,60,0,14.6,1.8,5.1,0.352,1.0,3.4,0.302,0.8,1.7,0.451,0.452,0.4,0.5,0.793,0.3,1.8,2.1,0.8,0.4,0.4,0.6,1.5,5.0,2019-20,-2.605397448171609
John Collins,PF,22,ATL,41,41,33.2,8.6,14.8,0.583,1.4,3.6,0.401,7.2,11.2,0.642,0.632,2.9,3.7,0.8,2.8,7.3,10.1,1.5,0.8,1.6,1.8,3.4,21.6,2019-20,10.015461479900631
Bruno Fernando,C,21,ATL,56,13,12.7,1.8,3.6,0.518,0.1,0.7,0.135,1.8,2.9,0.605,0.53,0.5,0.9,0.569,1.2,2.3,3.5,0.9,0.3,0.3,0.8,1.9,4.3,2019-20,-3.3715503908623594
Brandon Goodwin,PG,24,ATL,34,1,12.6,2.2,5.6,0.4,0.8,2.6,0.299,1.5,3.0,0.485,0.468,0.8,0.9,0.933,0.3,1.8,2.1,1.5,0.4,0.1,0.9,1.3,6.1,2019-20,-3.153156937430847
Kevin Huerter,SG,21,ATL,56,48,31.4,4.5,10.9,0.413,2.3,6.0,0.38,2.2,4.9,0.453,0.517,0.9,1.1,0.828,0.6,3.4,4.1,3.8,0.9,0.5,1.6,2.5,12.2,2019-20,4.509337448510036
De'Andre Hunter,SF,22,ATL,63,62,32.0,4.4,10.8,0.41,1.7,4.8,0.355,2.7,6.0,0.454,0.489,1.7,2.3,0.764,0.7,3.8,4.5,1.8,0.7,0.3,1.6,2.9,12.3,2019-20,1.504269682895913
Damian Jones,C,24,ATL,55,27,16.1,2.2,3.2,0.68,0.0,0.2,0.222,2.2,3.1,0.704,0.685,1.1,1.5,0.738,1.3,2.4,3.7,0.6,0.5,0.7,0.5,2.7,5.6,2019-20,-0.5270385769095339
Chandler Parsons,PF,31,ATL,5,0,10.8,1.0,3.6,0.278,0.8,2.8,0.286,0.2,0.8,0.25,0.389,0.0,0.0,0.0,0.2,1.2,1.4,0.6,0.8,0.2,0.6,0.6,2.8,2019-20,-3.688525838443769
Cam Reddish,SF,20,ATL,58,34,26.7,3.7,9.6,0.384,1.4,4.3,0.332,2.2,5.2,0.428,0.459,1.7,2.2,0.802,0.6,3.1,3.7,1.5,1.1,0.5,1.7,2.3,10.5,2019-20,1.4879302898921596
Evan Turner,SG,31,ATL,19,0,13.2,1.3,3.5,0.373,0.0,0.3,0.0,1.3,3.3,0.403,0.373,0.6,0.7,0.857,0.4,1.6,2.0,2.0,0.5,0.4,1.4,1.1,3.3,2019-20,-4.404332643380854
Tyrone Wallace,SG,25,ATL,14,0,11.4,1.0,3.1,0.318,0.1,1.1,0.067,0.9,2.1,0.448,0.33,0.8,1.2,0.647,0.2,1.4,1.6,0.9,0.5,0.1,0.7,1.4,2.9,2019-20,-5.417210749506356
Trae Young,PG,21,ATL,60,60,35.3,9.1,20.8,0.437,3.4,9.5,0.361,5.7,11.4,0.501,0.519,8.0,9.3,0.86,0.5,3.7,4.3,9.3,1.1,0.1,4.8,1.7,29.6,2019-20,9.016969677045418
Jarrett Allen,C,21,BRK,70,64,26.5,4.3,6.6,0.649,0.0,0.1,0.0,4.3,6.6,0.658,0.649,2.4,3.9,0.633,3.1,6.5,9.6,1.6,0.6,1.3,1.1,2.3,11.1,2019-20,5.097400596749915
Justin Anderson,SG,26,BRK,10,1,10.7,1.0,3.8,0.263,0.6,2.9,0.207,0.4,0.9,0.444,0.342,0.2,0.4,0.5,0.1,2.0,2.1,0.8,0.0,0.6,0.4,1.3,2.8,2019-20,-4.4325474408553305
Wilson Chandler,PF,32,BRK,35,3,21.0,2.1,5.2,0.404,1.1,3.5,0.306,1.1,1.8,0.597,0.505,0.6,0.7,0.87,0.3,3.8,4.1,1.1,0.5,0.3,1.0,2.3,5.9,2019-20,-1.4778330320123747
Nicolas Claxton,C,20,BRK,15,0,12.5,1.8,3.2,0.563,0.1,0.5,0.143,1.7,2.7,0.634,0.573,0.7,1.4,0.524,1.3,1.7,2.9,1.1,0.1,0.5,0.6,0.9,4.4,2019-20,-3.0534263896244758
Jamal Crawford,SG,39,BRK,1,0,6.0,2.0,4.0,0.5,1.0,2.0,0.5,1.0,2.0,0.5,0.625,0.0,0.0,0.0,0.0,0.0,0.0,3.0,0.0,0.0,0.0,1.0,5.0,2019-20,-2.9112569084219166
Spencer Dinwiddie,PG,26,BRK,64,49,31.2,6.6,16.0,0.415,1.9,6.3,0.308,4.7,9.7,0.485,0.476,5.4,7.0,0.778,0.5,3.0,3.5,6.8,0.6,0.3,2.7,2.8,20.6,2019-20,4.82813058211243
Henry Ellenson,C,23,BRK,5,0,3.0,0.2,1.4,0.143,0.0,0.8,0.0,0.2,0.6,0.333,0.143,0.0,0.0,0.0,0.4,0.8,1.2,0.2,0.0,0.0,0.0,0.2,0.4,2019-20,-8.432495592960617
Joe Harris,SF,28,BRK,69,69,30.8,5.5,11.4,0.486,2.5,5.9,0.424,3.0,5.5,0.553,0.596,0.9,1.3,0.719,0.9,3.4,4.3,2.1,0.6,0.2,1.5,2.3,14.5,2019-20,3.097480116582636
Kyrie Irving,PG,27,BRK,20,20,32.9,10.0,20.8,0.478,2.8,7.1,0.394,7.2,13.7,0.522,0.546,4.7,5.1,0.922,1.1,4.1,5.2,6.4,1.4,0.5,2.6,2.7,27.4,2019-20,11.546377020824863
DeAndre Jordan,C,31,BRK,56,6,22.0,3.4,5.1,0.666,0.0,0.0,0.0,3.4,5.1,0.666,0.666,1.5,2.2,0.68,2.5,7.5,10.0,1.9,0.3,0.9,1.3,2.0,8.3,2019-20,2.6806662028813597
Rodions Kurucs,PF,21,BRK,47,9,14.6,1.7,3.8,0.446,0.7,1.9,0.367,1.0,1.9,0.529,0.54,0.5,0.8,0.632,0.5,2.4,2.9,1.1,0.5,0.1,1.0,1.9,4.6,2019-20,-3.2764574568605473
Caris LeVert,SG,25,BRK,45,31,29.6,6.9,16.3,0.425,1.8,4.9,0.364,5.1,11.4,0.451,0.48,3.1,4.4,0.711,1.1,3.1,4.2,4.4,1.2,0.2,2.6,1.8,18.7,2019-20,4.773723199923326
Jeremiah Martin,PG,23,BRK,9,0,11.0,2.7,5.9,0.453,0.6,2.0,0.278,2.1,3.9,0.543,0.5,1.2,1.6,0.786,0.1,1.0,1.1,2.0,0.8,0.2,0.4,0.8,7.1,2019-20,-0.9906149519107985
David Nwaba,SF,27,BRK,20,0,13.4,1.9,3.6,0.521,0.6,1.4,0.429,1.3,2.2,0.581,0.606,0.9,1.4,0.667,0.4,1.9,2.3,0.4,0.6,0.6,0.4,1.6,5.2,2019-20,-1.1930106311438806
Theo Pinson,SG,24,BRK,33,0,11.1,1.4,4.7,0.29,0.5,2.4,0.188,0.9,2.3,0.4,0.339,0.5,0.5,0.938,0.3,1.3,1.6,1.7,0.5,0.1,1.0,1.1,3.6,2019-20,-4.619309930368846
Taurean Prince,PF,25,BRK,64,61,29.0,4.3,11.5,0.376,2.3,6.7,0.339,2.1,4.8,0.429,0.475,1.1,1.4,0.798,0.8,5.2,6.0,1.8,0.9,0.4,2.0,2.5,12.1,2019-20,3.135486378830173
Iman Shumpert,SF,29,BRK,13,0,18.5,1.6,4.9,0.328,0.6,2.5,0.242,1.0,2.4,0.419,0.391,0.3,0.5,0.571,0.7,1.9,2.6,0.9,0.9,0.2,0.8,1.6,4.2,2019-20,-2.5537741978644464
Garrett Temple,SG,33,BRK,62,35,27.9,3.6,9.5,0.378,2.0,6.2,0.329,1.5,3.2,0.473,0.486,1.1,1.4,0.805,0.5,3.0,3.5,2.5,0.8,0.5,1.0,1.7,10.3,2019-20,2.87141553477427
Lance Thomas,PF,31,BRK,7,4,14.0,1.1,3.3,0.348,0.6,1.9,0.308,0.6,1.4,0.4,0.435,0.6,0.6,1.0,0.3,1.6,1.9,0.9,0.0,0.0,0.9,1.6,3.4,2019-20,-6.2992887469637004
Jaylen Brown,SG,23,BOS,57,57,33.9,7.5,15.6,0.481,2.3,5.9,0.382,5.2,9.6,0.543,0.554,3.1,4.3,0.724,1.1,5.3,6.4,2.1,1.1,0.4,2.2,2.9,20.3,2019-20,6.265718191581087
Carsen Edwards,SG,21,BOS,37,0,9.5,1.1,3.5,0.328,0.6,2.1,0.316,0.5,1.4,0.346,0.422,0.4,0.5,0.684,0.2,1.1,1.3,0.6,0.3,0.1,0.4,0.9,3.3,2019-20,-5.062716539046583
Tacko Fall,C,24,BOS,7,0,4.7,1.6,2.0,0.786,0.0,0.0,0.0,1.6,2.0,0.786,0.786,0.1,0.4,0.333,0.1,2.0,2.1,0.1,0.1,0.6,0.4,1.0,3.3,2019-20,-2.830062279457242
Javonte Green,SG,26,BOS,48,2,9.8,1.3,2.6,0.5,0.2,0.7,0.273,1.1,1.9,0.581,0.536,0.6,0.9,0.667,0.5,1.4,1.9,0.5,0.5,0.2,0.5,0.9,3.4,2019-20,-3.8927106122333908
Gordon Hayward,SF,29,BOS,52,52,33.5,6.7,13.5,0.5,1.6,4.3,0.383,5.1,9.2,0.554,0.561,2.4,2.8,0.855,1.1,5.6,6.7,4.1,0.7,0.4,1.8,1.8,17.5,2019-20,5.537637148456855
Enes Kanter,C,27,BOS,58,7,16.9,3.4,6.0,0.572,0.0,0.1,0.143,3.4,5.9,0.581,0.573,1.2,1.7,0.707,2.8,4.6,7.4,1.0,0.4,0.7,1.0,1.7,8.1,2019-20,0.658932934774251
Romeo Langford,SG,20,BOS,32,2,11.6,0.9,2.5,0.35,0.2,0.8,0.185,0.7,1.7,0.434,0.381,0.6,0.8,0.72,0.5,0.8,1.3,0.4,0.3,0.3,0.3,1.0,2.5,2019-20,-5.182663120299517
Semi Ojeleye,PF,25,BOS,69,6,14.7,1.2,2.8,0.408,0.7,1.8,0.378,0.5,1.0,0.464,0.531,0.4,0.5,0.875,0.4,1.7,2.1,0.5,0.3,0.1,0.3,1.2,3.4,2019-20,-4.148412224997713
Vincent Poirier,C,26,BOS,22,0,5.9,0.8,1.6,0.472,0.0,0.1,0.5,0.7,1.5,0.471,0.486,0.3,0.3,0.857,0.6,1.4,2.0,0.4,0.1,0.4,0.4,1.1,1.9,2019-20,-5.138265446192928
Marcus Smart,SG,25,BOS,60,40,32.0,4.3,11.4,0.375,2.3,6.6,0.347,2.0,4.8,0.415,0.476,2.1,2.5,0.836,0.7,3.1,3.8,4.9,1.7,0.5,1.7,2.7,12.9,2019-20,7.163976121246904
Jayson Tatum,PF,21,BOS,66,66,34.3,8.4,18.6,0.45,2.9,7.1,0.403,5.5,11.5,0.48,0.527,3.8,4.7,0.812,1.0,6.0,7.0,3.0,1.4,0.9,2.3,2.1,23.4,2019-20,10.71656977493449
Daniel Theis,C,27,BOS,65,64,24.1,3.7,6.6,0.566,0.5,1.5,0.333,3.2,5.1,0.633,0.603,1.3,1.8,0.763,2.2,4.4,6.6,1.7,0.6,1.3,0.8,3.4,9.2,2019-20,4.111059080555803
Kemba Walker,PG,29,BOS,56,56,31.1,6.8,15.9,0.425,3.2,8.4,0.381,3.5,7.4,0.476,0.526,3.7,4.3,0.864,0.6,3.2,3.9,4.8,0.9,0.5,2.1,1.6,20.4,2019-20,7.663131293522574
Brad Wanamaker,PG,30,BOS,71,1,19.3,2.3,5.1,0.448,0.5,1.4,0.363,1.8,3.7,0.481,0.499,1.8,1.9,0.926,0.3,1.7,2.0,2.5,0.9,0.2,1.1,1.9,6.9,2019-20,-1.229980893050891
Tremont Waters,PG,22,BOS,11,1,10.8,1.3,4.5,0.286,0.4,2.2,0.167,0.9,2.3,0.4,0.327,0.7,0.7,1.0,0.0,1.1,1.1,1.5,0.9,0.2,1.4,1.2,3.6,2019-20,-4.306215233806456
Grant Williams,PF,21,BOS,69,5,15.1,1.3,3.1,0.412,0.3,1.4,0.25,0.9,1.7,0.548,0.469,0.6,0.8,0.722,0.9,1.7,2.6,1.0,0.4,0.5,0.7,2.4,3.4,2019-20,-3.2510750327444677
Robert Williams,C,22,BOS,29,1,13.4,2.2,3.0,0.727,0.0,0.0,0.0,2.2,3.0,0.727,0.727,0.8,1.2,0.647,1.4,3.0,4.4,0.9,0.8,1.2,0.7,1.8,5.2,2019-20,2.0601700752507353
Ryan Arcidiacono,PG,25,CHI,58,4,16.0,1.6,3.8,0.409,0.9,2.4,0.391,0.6,1.4,0.439,0.532,0.5,0.7,0.711,0.3,1.6,1.9,1.7,0.5,0.1,0.6,1.7,4.5,2019-20,-2.742056839953273
Wendell Carter,C,20,CHI,43,43,29.2,4.3,8.0,0.534,0.1,0.7,0.207,4.1,7.3,0.564,0.542,2.6,3.5,0.737,3.2,6.2,9.4,1.2,0.8,0.8,1.7,3.8,11.3,2019-20,2.865048017430995
Kris Dunn,PG,25,CHI,51,32,24.9,3.0,6.7,0.444,0.6,2.2,0.259,2.4,4.5,0.535,0.487,0.8,1.1,0.741,0.5,3.2,3.6,3.4,2.0,0.3,1.3,3.1,7.3,2019-20,3.517831725937504
Cristiano Felício,C,27,CHI,22,0,17.5,1.5,2.5,0.63,0.0,0.1,0.0,1.5,2.4,0.654,0.63,0.8,1.0,0.783,2.5,2.1,4.6,0.7,0.5,0.1,0.8,1.5,3.9,2019-20,-2.7445142874258406
Daniel Gafford,C,21,CHI,43,7,14.2,2.2,3.1,0.701,0.0,0.0,0.0,2.2,3.1,0.701,0.701,0.7,1.4,0.533,1.2,1.3,2.5,0.5,0.3,1.3,0.7,2.3,5.1,2019-20,-0.32187295563769014
Shaquille Harrison,SG,26,CHI,43,10,11.3,1.8,3.8,0.467,0.4,1.0,0.381,1.4,2.9,0.496,0.515,0.9,1.2,0.78,0.5,1.5,2.0,1.1,0.8,0.4,0.4,1.3,4.9,2019-20,-1.4401976106516254
Chandler Hutchison,SF,23,CHI,28,10,18.8,2.9,6.3,0.457,0.4,1.4,0.316,2.4,4.9,0.496,0.491,1.6,2.8,0.59,0.6,3.2,3.9,0.9,1.0,0.3,1.0,1.7,7.8,2019-20,-0.48591792284811647
Luke Kornet,C,24,CHI,36,14,15.5,2.3,5.2,0.439,0.9,3.0,0.287,1.4,2.2,0.646,0.521,0.6,0.8,0.714,0.6,1.7,2.3,0.9,0.3,0.7,0.4,1.5,6.0,2019-20,-1.1339690927927613
Zach LaVine,SG,24,CHI,60,60,34.8,9.0,20.0,0.45,3.1,8.1,0.38,5.9,11.9,0.497,0.526,4.5,5.6,0.802,0.7,4.1,4.8,4.2,1.5,0.5,3.4,2.2,25.5,2019-20,8.966571019393466
Lauri Markkanen,PF,22,CHI,50,50,29.8,5.0,11.8,0.425,2.2,6.3,0.344,2.8,5.5,0.518,0.517,2.5,3.1,0.824,1.2,5.1,6.3,1.5,0.8,0.5,1.6,1.9,14.7,2019-20,4.235264667245383
Adam Mokoka,SF,21,CHI,11,0,10.2,1.1,2.5,0.429,0.5,1.4,0.4,0.5,1.2,0.462,0.536,0.2,0.4,0.5,0.6,0.3,0.9,0.4,0.4,0.0,0.2,1.5,2.9,2019-20,-4.893286156269076
Otto Porter,SF,26,CHI,14,9,23.6,4.4,10.0,0.443,1.7,4.4,0.387,2.7,5.6,0.487,0.529,1.4,1.9,0.704,0.9,2.5,3.4,1.8,1.1,0.4,0.8,2.2,11.9,2019-20,3.4976507919194875
Tomáš Satoranský,SG,28,CHI,65,64,28.9,3.6,8.5,0.43,1.0,3.1,0.322,2.7,5.4,0.491,0.488,1.6,1.9,0.876,1.2,2.7,3.9,5.4,1.2,0.1,2.0,2.1,9.9,2019-20,2.3175244656557417
Max Strus,SF,23,CHI,2,0,3.0,1.0,1.5,0.667,0.0,0.5,0.0,1.0,1.0,1.0,0.667,0.5,0.5,1.0,0.5,0.0,0.5,0.0,0.0,0.0,0.0,0.5,2.5,2019-20,-5.802032808299149
Denzel Valentine,SF,26,CHI,36,5,13.6,2.7,6.6,0.409,1.3,3.8,0.336,1.4,2.8,0.51,0.506,0.2,0.2,0.75,0.3,1.8,2.1,1.2,0.7,0.2,0.7,1.4,6.8,2019-20,-1.0092139090839742
Coby White,PG,19,CHI,65,1,25.8,4.8,12.2,0.394,2.0,5.8,0.354,2.8,6.4,0.43,0.478,1.6,2.0,0.791,0.4,3.1,3.5,2.7,0.8,0.1,1.7,1.8,13.2,2019-20,1.8610239461150857
Thaddeus Young,PF,31,CHI,64,16,24.9,4.2,9.4,0.448,1.2,3.5,0.356,3.0,5.9,0.501,0.513,0.7,1.1,0.583,1.5,3.5,4.9,1.8,1.4,0.4,1.6,2.1,10.3,2019-20,2.9321632674955684
Dwayne Bacon,SG,24,CHO,39,11,17.6,2.2,6.3,0.348,0.5,1.7,0.284,1.7,4.5,0.373,0.387,0.9,1.4,0.66,0.4,2.2,2.6,1.3,0.6,0.1,0.9,1.3,5.7,2019-20,-3.146770596225793
Nicolas Batum,SF,31,CHO,22,3,23.0,1.3,3.7,0.346,0.6,2.2,0.286,0.6,1.5,0.438,0.432,0.4,0.5,0.9,1.1,3.4,4.5,3.0,0.8,0.4,1.0,1.9,3.6,2019-20,-0.5132785405093907
Bismack Biyombo,C,27,CHO,53,29,19.4,2.8,5.2,0.543,0.0,0.0,0.0,2.8,5.2,0.543,0.543,1.7,2.8,0.603,2.3,3.5,5.8,0.9,0.2,0.9,0.9,2.2,7.4,2019-20,-0.3738684029699092
Miles Bridges,SF,21,CHO,65,64,30.7,4.9,11.6,0.424,1.5,4.6,0.33,3.4,7.0,0.486,0.489,1.6,2.0,0.809,1.4,4.2,5.6,1.8,0.6,0.7,1.5,2.0,13.0,2019-20,2.9783875319677495
Joe Chealey,PG,24,CHO,4,0,8.3,0.0,1.8,0.0,0.0,1.0,0.0,0.0,0.8,0.0,0.0,0.5,0.5,1.0,0.0,0.0,0.0,0.3,1.0,0.0,0.5,0.5,0.5,2019-20,-7.470652197476821
Devonte' Graham,PG,24,CHO,63,53,35.1,5.8,15.3,0.382,3.5,9.3,0.373,2.4,6.0,0.397,0.495,3.0,3.7,0.82,0.7,2.7,3.4,7.5,1.0,0.2,2.9,1.8,18.2,2019-20,7.242126681170078
Willy Hernangómez,C,25,CHO,31,0,12.1,2.4,4.5,0.532,0.2,0.7,0.227,2.2,3.8,0.59,0.55,1.2,1.9,0.627,1.4,2.9,4.3,0.9,0.3,0.2,1.0,1.0,6.1,2019-20,-2.9274763335499996
Caleb Martin,SF,24,CHO,18,1,17.6,2.1,4.7,0.44,1.1,2.1,0.541,0.9,2.6,0.362,0.56,0.9,1.2,0.81,0.6,1.6,2.1,1.3,0.7,0.4,0.8,1.8,6.2,2019-20,-0.9716658016437432
Cody Martin,SF,24,CHO,48,3,18.8,1.9,4.3,0.43,0.4,1.6,0.234,1.5,2.7,0.546,0.473,0.9,1.4,0.646,0.8,2.5,3.3,2.0,0.8,0.2,0.9,1.6,5.0,2019-20,-1.6203223491770746
Jalen McDaniels,SF,22,CHO,16,0,18.3,2.1,4.4,0.471,0.6,1.5,0.375,1.5,2.9,0.522,0.536,0.9,1.1,0.824,0.9,3.1,4.1,0.8,0.5,0.2,0.7,2.3,5.6,2019-20,-1.9961937456015764
Malik Monk,SG,21,CHO,55,1,21.3,3.9,8.9,0.434,1.1,3.7,0.284,2.8,5.2,0.542,0.494,1.5,1.8,0.82,0.5,2.4,2.9,2.1,0.5,0.3,1.4,1.3,10.3,2019-20,-0.5630587566189151
Terry Rozier,PG,25,CHO,63,63,34.3,6.3,14.9,0.423,2.7,6.7,0.407,3.6,8.2,0.436,0.514,2.6,3.0,0.874,0.8,3.6,4.4,4.1,1.0,0.2,2.2,2.0,18.0,2019-20,5.552548229859905
P.J. Washington,PF,21,CHO,58,57,30.3,4.6,10.2,0.455,1.5,4.0,0.374,3.1,6.2,0.507,0.528,1.5,2.3,0.647,1.0,4.4,5.4,2.1,0.9,0.8,1.6,2.7,12.2,2019-20,3.9072966519963437
Cody Zeller,C,27,CHO,58,39,23.1,4.3,8.3,0.524,0.3,1.3,0.24,4.0,7.0,0.577,0.543,2.1,3.1,0.682,2.8,4.3,7.1,1.5,0.7,0.4,1.3,2.4,11.1,2019-20,1.4025901152692732
Marques Bolden,C,21,CLE,1,0,3.0,0.0,0.0,0.0,0.0,0.0,0.0,0.0,0.0,0.0,0.0,0.0,0.0,0.0,0.0,2.0,2.0,0.0,1.0,0.0,0.0,1.0,0.0,2019-20,-6.371313758476395
Matthew Dellavedova,PG,29,CLE,57,4,14.4,1.1,3.1,0.354,0.4,1.6,0.231,0.7,1.5,0.488,0.414,0.6,0.6,0.865,0.3,1.0,1.3,3.2,0.4,0.0,1.0,1.4,3.1,2019-20,-4.430678060123337
Darius Garland,SG,20,CLE,59,59,30.9,4.7,11.8,0.401,1.8,5.0,0.355,3.0,6.8,0.434,0.476,1.1,1.2,0.875,0.5,1.4,1.9,3.9,0.7,0.1,2.6,1.6,12.3,2019-20,-0.04526919571574517
Kevin Love,PF,31,CLE,56,56,31.8,5.8,13.0,0.45,2.6,7.0,0.374,3.2,6.0,0.537,0.55,3.3,3.9,0.854,1.0,8.8,9.8,3.2,0.6,0.3,2.5,1.6,17.6,2019-20,5.881363804480753
J.P. Macura,SG,24,CLE,1,0,1.0,0.0,0.0,0.0,0.0,0.0,0.0,0.0,0.0,0.0,0.0,0.0,0.0,0.0,0.0,0.0,0.0,0.0,0.0,0.0,0.0,0.0,0.0,2019-20,-10.0753983587004
Alfonzo McKinnie,SF,27,CLE,40,1,14.8,1.8,4.3,0.427,0.4,1.6,0.215,1.5,2.7,0.557,0.468,0.6,0.8,0.71,0.9,1.9,2.8,0.4,0.6,0.2,0.7,1.8,4.6,2019-20,-3.240613538691148
Matt Mooney,SG,22,CLE,4,0,4.8,0.3,1.0,0.25,0.0,0.5,0.0,0.3,0.5,0.5,0.25,0.0,0.0,0.0,0.0,0.8,0.8,0.3,0.5,0.3,0.0,0.3,0.5,2019-20,-5.811764599522819
Larry Nance,PF,27,CLE,56,10,26.3,4.1,7.7,0.531,1.0,2.8,0.352,3.1,4.9,0.636,0.596,0.9,1.3,0.676,1.9,5.4,7.3,2.2,1.0,0.4,1.1,1.6,10.1,2019-20,3.76800578989919
Malik Newman,SG,22,CLE,1,0,4.0,0.0,2.0,0.0,0.0,1.0,0.0,0.0,1.0,0.0,0.0,2.0,2.0,1.0,0.0,0.0,0.0,0.0,0.0,0.0,1.0,0.0,2.0,2019-20,-10.855773892420638
Cedi Osman,SF,24,CLE,65,65,29.4,4.1,9.4,0.437,1.9,4.9,0.383,2.2,4.4,0.497,0.538,1.0,1.4,0.67,0.6,3.0,3.6,2.4,0.8,0.2,1.4,2.5,11.0,2019-20,1.768331502498222
Kevin Porter,SF,19,CLE,50,3,23.2,3.7,8.4,0.442,1.1,3.2,0.335,2.7,5.3,0.506,0.505,1.5,2.0,0.723,0.4,2.8,3.2,2.2,0.9,0.3,1.9,2.7,10.0,2019-20,-8.566459658032599e-05
Collin Sexton,PG,21,CLE,65,65,33.0,7.9,16.7,0.472,1.5,3.9,0.38,6.4,12.8,0.501,0.517,3.5,4.1,0.846,0.9,2.2,3.1,3.0,1.0,0.1,2.4,2.2,20.8,2019-20,3.084732505495828
Tristan Thompson,PF,28,CLE,57,51,30.2,5.1,9.9,0.512,0.2,0.4,0.391,4.9,9.5,0.518,0.52,1.7,2.8,0.615,4.0,6.2,10.1,2.1,0.6,0.9,1.8,2.2,12.0,2019-20,3.7013736751894744
Dean Wade,PF,23,CLE,12,0,5.9,0.8,1.1,0.692,0.2,0.3,0.5,0.6,0.8,0.778,0.769,0.0,0.1,0.0,0.3,1.3,1.6,0.2,0.2,0.3,0.3,0.7,1.7,2019-20,-4.0029964299312875
Ante Žižić,C,23,CLE,22,0,10.0,1.9,3.3,0.569,0.0,0.0,0.0,1.9,3.3,0.569,0.569,0.6,0.9,0.737,0.8,2.2,3.0,0.3,0.3,0.2,0.5,1.2,4.4,2019-20,-3.731718241892962
J.J. Barea,PG,35,DAL,29,6,15.5,2.9,7.1,0.411,1.1,2.9,0.376,1.8,4.2,0.434,0.488,0.7,0.8,0.909,0.3,1.5,1.8,3.9,0.2,0.1,1.3,0.9,7.7,2019-20,-1.9504175715015928
Ryan Broekhoff,SF,29,DAL,17,1,10.6,1.3,3.5,0.373,1.2,3.0,0.392,0.1,0.5,0.25,0.542,0.4,0.5,0.875,0.3,2.2,2.5,0.6,0.3,0.2,0.4,0.9,4.2,2019-20,-3.061526779527247
Jalen Brunson,PG,23,DAL,57,16,17.9,3.2,6.8,0.466,0.8,2.1,0.358,2.4,4.7,0.515,0.522,1.1,1.3,0.813,0.4,2.0,2.4,3.3,0.4,0.1,1.2,1.3,8.2,2019-20,-1.426516301298225
Antonius Cleveland,SG,25,DAL,11,0,4.2,0.4,1.3,0.286,0.0,0.3,0.0,0.4,1.0,0.364,0.286,0.3,0.5,0.6,0.2,0.5,0.6,0.1,0.1,0.3,0.2,0.7,1.0,2019-20,-7.114261876329239
Seth Curry,SG,29,DAL,64,25,24.6,4.4,9.0,0.495,2.3,5.0,0.452,2.2,4.0,0.549,0.621,1.3,1.5,0.825,0.4,1.8,2.3,1.9,0.6,0.1,1.0,1.8,12.4,2019-20,1.6018850875337283
Luka Dončić,PG,20,DAL,61,61,33.6,9.5,20.6,0.463,2.8,8.9,0.316,6.7,11.7,0.574,0.531,7.0,9.2,0.758,1.3,8.1,9.4,8.8,1.0,0.2,4.3,2.5,28.8,2019-20,10.863814522518886
Dorian Finney-Smith,PF,26,DAL,71,68,29.9,3.4,7.4,0.466,1.6,4.3,0.376,1.8,3.1,0.589,0.575,1.1,1.5,0.722,2.0,3.7,5.7,1.6,0.6,0.5,1.0,2.5,9.5,2019-20,2.268653444252972
Tim Hardaway,SG,27,DAL,71,58,29.5,5.4,12.5,0.434,2.9,7.2,0.398,2.5,5.2,0.485,0.55,2.1,2.6,0.819,0.4,2.9,3.3,1.9,0.6,0.1,1.0,1.8,15.8,2019-20,3.5492980354054544
Justin Jackson,PF,24,DAL,65,3,16.1,2.1,5.2,0.396,0.7,2.5,0.294,1.3,2.7,0.489,0.466,0.6,0.8,0.84,0.4,2.0,2.4,0.8,0.2,0.2,0.2,1.1,5.5,2019-20,-3.097734793341853
Maxi Kleber,PF,28,DAL,74,21,25.5,3.2,6.9,0.461,1.6,4.3,0.373,1.6,2.6,0.605,0.577,1.1,1.3,0.849,1.5,3.7,5.2,1.2,0.3,1.1,0.8,2.4,9.1,2019-20,2.7046076837034354
Courtney Lee,SG,34,DAL,24,9,14.4,1.7,3.4,0.488,0.9,2.0,0.447,0.8,1.5,0.543,0.616,0.3,0.3,0.857,0.3,1.0,1.3,0.5,0.8,0.3,0.5,1.4,4.5,2019-20,-1.8995583292694245
Boban Marjanović,C,31,DAL,44,5,9.6,2.8,4.8,0.573,0.1,0.4,0.235,2.7,4.4,0.603,0.583,1.0,1.3,0.754,1.5,3.0,4.5,0.5,0.2,0.2,0.7,1.3,6.6,2019-20,-2.75891360921711
Kristaps Porziņģis,C,24,DAL,57,57,31.8,7.0,16.4,0.427,2.5,7.1,0.352,4.5,9.3,0.484,0.503,4.0,5.0,0.799,1.8,7.7,9.5,1.8,0.7,2.0,1.6,3.2,20.4,2019-20,11.652203933040973
Dwight Powell,C,28,DAL,40,37,26.5,3.7,5.7,0.638,0.3,1.0,0.256,3.4,4.8,0.716,0.659,1.9,2.8,0.667,1.9,3.8,5.7,1.5,0.9,0.6,0.9,2.6,9.4,2019-20,2.3998808486498198
Josh Reaves,SF,22,DAL,4,0,7.0,0.8,2.3,0.333,0.0,0.5,0.0,0.8,1.8,0.429,0.333,0.5,0.5,1.0,0.3,0.5,0.8,0.8,0.0,0.0,0.0,1.3,2.0,2019-20,-6.865328601598254
Delon Wright,PG,27,DAL,73,5,21.5,2.6,5.6,0.462,0.6,1.7,0.37,2.0,3.9,0.504,0.519,1.1,1.4,0.77,1.0,2.9,3.8,3.3,1.2,0.3,1.0,1.3,6.9,2019-20,1.6098624892403695
Will Barton,SF,29,DEN,58,58,33.0,5.7,12.7,0.45,1.9,5.0,0.375,3.9,7.8,0.498,0.523,1.8,2.3,0.767,1.3,5.0,6.3,3.7,1.1,0.5,1.5,2.1,15.1,2019-20,6.52524013568729
Bol Bol,PF,20,DEN,7,0,12.4,2.0,4.0,0.5,0.6,1.3,0.444,1.4,2.7,0.526,0.571,1.1,1.4,0.8,0.7,2.0,2.7,0.9,0.3,0.9,1.4,1.6,5.7,2019-20,-2.054105854030974
Vlatko Čančar,PF,22,DEN,14,0,3.2,0.4,1.1,0.4,0.1,0.4,0.167,0.4,0.6,0.556,0.433,0.3,0.3,1.0,0.4,0.4,0.7,0.2,0.1,0.1,0.2,0.5,1.2,2019-20,-6.8214256015074515
Torrey Craig,SF,29,DEN,58,27,18.5,2.1,4.6,0.461,0.8,2.4,0.326,1.4,2.3,0.603,0.545,0.4,0.6,0.611,1.1,2.2,3.3,0.8,0.4,0.6,0.4,2.3,5.4,2019-20,-0.9337863488501001
PJ Dozier,SG,23,DEN,29,0,14.2,2.2,5.4,0.414,0.6,1.7,0.347,1.7,3.7,0.444,0.468,0.7,1.0,0.724,0.3,1.6,1.9,2.2,0.5,0.2,0.9,1.6,5.8,2019-20,-2.513081890059699
Jerami Grant,PF,25,DEN,71,24,26.6,4.3,8.9,0.478,1.4,3.5,0.389,2.9,5.4,0.537,0.555,2.1,2.8,0.75,0.8,2.7,3.5,1.2,0.7,0.8,0.9,2.2,12.0,2019-20,2.6672051539808863
Gary Harris,SG,25,DEN,56,55,31.8,3.9,9.3,0.42,1.3,3.8,0.333,2.6,5.5,0.479,0.487,1.3,1.6,0.815,0.5,2.4,2.9,2.1,1.4,0.3,1.1,2.1,10.4,2019-20,2.6227501011870133
Nikola Jokić,C,24,DEN,73,73,32.0,7.7,14.7,0.528,1.1,3.5,0.314,6.6,11.2,0.594,0.565,3.4,4.1,0.817,2.3,7.5,9.7,7.0,1.2,0.6,3.1,3.0,19.9,2019-20,8.962701311029358
Paul Millsap,PF,34,DEN,51,48,24.3,4.1,8.6,0.482,1.1,2.4,0.435,3.1,6.2,0.5,0.543,2.3,2.8,0.816,1.9,3.8,5.7,1.6,0.9,0.6,1.4,2.9,11.6,2019-20,2.766361912699114
Monte Morris,PG,24,DEN,73,12,22.4,3.6,7.8,0.459,0.9,2.4,0.378,2.7,5.4,0.495,0.517,1.0,1.2,0.843,0.3,1.5,1.9,3.5,0.8,0.2,0.7,1.0,9.0,2019-20,0.9069951324739908
Jamal Murray,PG,22,DEN,59,59,32.3,6.9,15.2,0.456,1.9,5.5,0.346,5.0,9.7,0.519,0.519,2.8,3.1,0.881,0.8,3.2,4.0,4.8,1.1,0.3,2.2,1.7,18.5,2019-20,5.606201442722192
Mason Plumlee,C,29,DEN,61,1,17.3,2.9,4.7,0.615,0.0,0.1,0.0,2.9,4.6,0.625,0.615,1.4,2.5,0.535,1.6,3.6,5.2,2.5,0.5,0.6,1.3,2.3,7.2,2019-20,0.12356958470182045
Michael Porter,SF,21,DEN,55,8,16.4,3.5,7.0,0.509,1.1,2.7,0.422,2.4,4.3,0.564,0.59,1.1,1.3,0.833,1.2,3.5,4.7,0.8,0.5,0.5,0.9,1.8,9.3,2019-20,0.6384365709431781
Jordan Bone,PG,22,DET,10,0,5.3,0.5,2.0,0.25,0.2,1.0,0.2,0.3,1.0,0.3,0.3,0.0,0.0,0.0,0.0,0.4,0.4,0.8,0.1,0.0,0.2,0.6,1.2,2019-20,-7.379670386024941
Bruce Brown,PG,23,DET,58,43,28.2,3.4,7.7,0.443,0.6,1.7,0.344,2.8,6.1,0.47,0.48,1.5,2.1,0.739,1.1,3.7,4.7,4.0,1.1,0.5,1.7,2.8,8.9,2019-20,2.2764130219004386
Sekou Doumbouya,PF,19,DET,38,19,19.8,2.4,6.2,0.39,0.7,2.6,0.286,1.7,3.6,0.464,0.449,0.8,1.2,0.674,0.5,2.6,3.1,0.5,0.5,0.2,0.9,2.1,6.4,2019-20,-2.8454191012529075
Tim Frazier,PG,29,DET,27,11,13.1,1.3,3.5,0.362,0.4,1.1,0.333,0.9,2.4,0.375,0.415,0.7,0.9,0.792,0.3,0.9,1.2,3.4,0.5,0.1,1.3,1.6,3.6,2019-20,-4.029715613507601
Langston Galloway,SG,28,DET,66,6,25.8,3.6,8.2,0.435,2.0,5.0,0.399,1.6,3.2,0.493,0.557,1.1,1.3,0.859,0.5,1.8,2.3,1.5,0.7,0.2,0.6,1.5,10.3,2019-20,1.2766312530608634
Blake Griffin,PF,30,DET,18,18,28.4,4.9,13.9,0.352,1.5,6.2,0.243,3.4,7.7,0.439,0.406,4.2,5.4,0.776,0.9,3.7,4.7,3.3,0.4,0.4,2.2,1.5,15.5,2019-20,1.5338095446510973
Luke Kennard,SG,23,DET,28,25,32.9,5.4,12.2,0.442,2.6,6.5,0.399,2.8,5.7,0.491,0.548,2.4,2.7,0.893,0.3,3.2,3.5,4.1,0.4,0.2,1.5,2.3,15.8,2019-20,3.6829703444690525
Louis King,SF,20,DET,10,0,6.2,0.8,2.1,0.381,0.4,1.1,0.364,0.4,1.0,0.4,0.476,0.0,0.3,0.0,0.1,0.9,1.0,0.5,0.2,0.0,0.2,1.0,2.0,2019-20,-5.928601941504262
Thon Maker,C,22,DET,60,14,12.9,1.6,3.2,0.482,0.4,1.1,0.344,1.2,2.2,0.55,0.539,1.2,1.8,0.664,0.9,1.9,2.8,0.7,0.4,0.7,0.8,1.7,4.7,2019-20,-2.2093422193374113
Sviatoslav Mykhailiuk,SF,22,DET,56,27,22.6,3.0,7.2,0.41,2.1,5.1,0.404,0.9,2.1,0.425,0.552,1.0,1.3,0.814,0.3,1.6,1.9,1.9,0.7,0.1,1.1,1.6,9.0,2019-20,0.04887983958774187
Derrick Rose,PG,31,DET,50,15,26.0,7.4,15.1,0.49,0.9,2.9,0.306,6.5,12.1,0.535,0.52,2.4,2.8,0.871,0.5,1.9,2.4,5.6,0.8,0.3,2.5,1.0,18.1,2019-20,2.911072360887104
Tony Snell,SF,28,DET,59,57,27.8,2.9,6.5,0.445,1.7,4.3,0.402,1.2,2.2,0.531,0.579,0.5,0.5,1.0,0.2,1.7,1.9,2.2,0.5,0.3,0.5,1.7,8.0,2019-20,0.44071383758944627
Khyri Thomas,SG,23,DET,8,0,7.6,0.6,2.1,0.294,0.6,1.8,0.357,0.0,0.4,0.0,0.441,0.3,0.5,0.5,0.1,0.0,0.1,0.4,0.4,0.0,0.4,1.1,2.1,2019-20,-6.280082498726791
Christian Wood,PF,24,DET,62,12,21.4,4.6,8.2,0.567,0.9,2.3,0.386,3.8,5.9,0.636,0.62,2.9,3.9,0.744,1.7,4.6,6.3,1.0,0.5,0.9,1.4,1.6,13.1,2019-20,2.7456356717268977
Ky Bowman,PG,22,GSW,45,12,22.6,3.0,7.1,0.417,0.7,2.4,0.308,2.2,4.8,0.472,0.469,0.8,0.9,0.829,0.5,2.2,2.7,2.9,1.0,0.2,1.6,2.3,7.4,2019-20,-0.6324161338696228
Marquese Chriss,PF,22,GSW,59,21,20.3,3.6,6.5,0.545,0.1,0.7,0.205,3.4,5.9,0.584,0.556,2.0,2.6,0.769,1.9,4.3,6.2,1.9,0.7,1.1,1.3,2.1,9.3,2019-20,2.4747845255977667
Stephen Curry,PG,31,GSW,5,5,27.8,6.6,16.4,0.402,2.4,9.8,0.245,4.2,6.6,0.636,0.476,5.2,5.2,1.0,0.8,4.4,5.2,6.6,1.0,0.4,3.2,2.2,20.8,2019-20,6.855569013269628
Draymond Green,PF,29,GSW,43,43,28.4,2.9,7.3,0.389,0.8,3.0,0.279,2.0,4.3,0.465,0.446,1.5,1.9,0.759,0.5,5.7,6.2,6.2,1.4,0.8,2.3,2.6,8.0,2019-20,4.979500302313157
Damion Lee,SG,27,GSW,49,36,29.0,4.3,10.4,0.417,1.7,4.9,0.356,2.6,5.6,0.471,0.5,2.2,2.6,0.873,0.7,4.2,4.9,2.7,1.0,0.1,1.4,2.4,12.7,2019-20,2.8867268684410794
Kevon Looney,C,23,GSW,20,4,13.1,1.5,4.0,0.367,0.1,0.7,0.071,1.4,3.3,0.431,0.373,0.5,0.6,0.75,1.4,1.9,3.3,1.0,0.6,0.3,0.6,1.7,3.4,2019-20,-3.1730127453011567
Mychal Mulder,SF,25,GSW,7,3,29.1,3.7,9.6,0.388,2.3,7.4,0.308,1.4,2.1,0.667,0.507,1.3,1.7,0.75,0.4,2.9,3.3,1.1,0.3,0.1,0.7,2.9,11.0,2019-20,0.38994331678138383
Jeremy Pargo,PG,33,GSW,3,0,14.7,3.7,7.3,0.5,1.0,2.3,0.429,2.7,5.0,0.533,0.568,0.0,0.3,0.0,0.3,0.7,1.0,2.7,0.3,0.0,1.3,2.7,8.3,2019-20,-2.618470897831249
Eric Paschall,PF,23,GSW,60,26,27.6,5.3,10.7,0.497,0.6,2.2,0.287,4.7,8.5,0.55,0.526,2.7,3.5,0.774,1.4,3.2,4.6,2.1,0.5,0.2,1.6,2.1,14.0,2019-20,0.1890938429530834
Jordan Poole,SG,20,GSW,57,14,22.4,2.9,8.8,0.333,1.3,4.6,0.279,1.6,4.2,0.392,0.406,1.7,2.1,0.798,0.2,1.9,2.1,2.4,0.6,0.2,1.3,1.6,8.8,2019-20,-1.1218512620422563
Chasson Randle,PG,26,GSW,3,0,13.3,0.0,1.3,0.0,0.0,0.7,0.0,0.0,0.7,0.0,0.0,1.7,2.0,0.833,0.0,0.7,0.7,1.7,0.7,0.0,0.0,1.0,1.7,2019-20,-6.2603703971995674
Alen Smailagić,C,19,GSW,14,0,9.9,1.4,2.9,0.5,0.2,0.9,0.231,1.2,1.9,0.63,0.538,1.1,1.4,0.842,0.7,1.2,1.9,0.9,0.2,0.3,0.8,1.0,4.2,2019-20,-4.437437364867436
Omari Spellman,C,22,GSW,49,3,18.1,2.6,6.0,0.431,0.9,2.2,0.391,1.7,3.8,0.454,0.503,1.5,1.9,0.793,1.6,2.9,4.5,1.0,0.7,0.5,1.1,1.3,7.6,2019-20,-0.122755900538251
Juan Toscano-Anderson,SG,26,GSW,13,6,20.9,2.2,4.8,0.46,0.6,1.8,0.348,1.6,3.1,0.525,0.524,0.2,0.4,0.6,0.7,3.3,4.0,2.0,1.0,0.4,1.2,2.3,5.3,2019-20,-0.07734524276250437
Ryan Anderson,C,31,HOU,2,0,7.0,1.0,3.5,0.286,0.5,2.5,0.2,0.5,1.0,0.5,0.357,0.0,0.0,0.0,0.0,3.5,3.5,1.0,0.5,0.0,0.5,0.5,2.5,2019-20,-4.149574125401535
Clint Capela,C,25,HOU,39,39,32.8,6.3,9.9,0.629,0.0,0.0,0.0,6.3,9.9,0.629,0.629,1.4,2.7,0.529,4.3,9.5,13.8,1.2,0.8,1.8,1.6,2.6,13.9,2019-20,8.768179651519185
Tyson Chandler,C,37,HOU,26,5,8.4,0.5,0.7,0.778,0.0,0.0,0.0,0.5,0.7,0.778,0.778,0.2,0.5,0.462,1.0,1.6,2.5,0.2,0.2,0.3,0.3,1.2,1.3,2019-20,-3.5352829519940023
Chris Clemons,SG,22,HOU,33,0,8.8,1.7,4.3,0.401,1.1,3.2,0.346,0.6,1.1,0.571,0.532,0.3,0.3,0.909,0.1,0.8,0.9,0.8,0.3,0.2,0.6,0.8,4.9,2019-20,-3.7036085935488403
Michael Frazier,SG,25,HOU,13,0,11.2,0.5,2.2,0.241,0.3,1.8,0.174,0.2,0.5,0.5,0.31,0.7,1.1,0.643,0.1,0.7,0.8,0.2,0.2,0.0,0.4,1.7,2.1,2019-20,-7.307220563434205
Eric Gordon,SF,31,HOU,36,15,28.2,4.8,12.9,0.369,2.7,8.4,0.317,2.1,4.4,0.469,0.473,2.3,3.0,0.766,0.3,1.7,2.0,1.5,0.6,0.4,1.2,1.9,14.4,2019-20,2.451119444962825
James Harden,SG,30,HOU,68,68,36.5,9.9,22.3,0.444,4.4,12.4,0.355,5.5,9.9,0.556,0.543,10.2,11.8,0.865,1.0,5.5,6.6,7.5,1.8,0.9,4.5,3.3,34.3,2019-20,15.829933445632982
Isaiah Hartenstein,C,21,HOU,23,2,11.6,1.9,2.9,0.657,0.0,0.2,0.0,1.9,2.7,0.71,0.657,0.8,1.2,0.679,1.3,2.7,3.9,0.8,0.4,0.5,0.7,1.8,4.7,2019-20,-1.7210455567748242
Danuel House,SF,26,HOU,63,52,30.4,3.7,8.6,0.427,2.0,5.6,0.363,1.6,2.9,0.549,0.546,1.2,1.4,0.811,0.9,3.3,4.2,1.3,1.1,0.5,0.9,2.1,10.5,2019-20,3.5792732625228076
William Howard,PF,26,HOU,2,0,6.5,0.0,2.0,0.0,0.0,2.0,0.0,0.0,0.0,0.0,0.0,0.0,0.0,0.0,0.0,1.0,1.0,0.5,0.0,0.0,0.5,0.5,0.0,2019-20,-9.751128693546038
Luc Mbah a Moute,PF,33,HOU,3,0,8.3,0.7,1.7,0.4,0.0,0.7,0.0,0.7,1.0,0.667,0.4,0.3,0.7,0.5,0.3,0.3,0.7,0.0,0.7,0.0,0.3,0.0,1.7,2019-20,-5.654160105118946
Ben McLemore,SF,26,HOU,71,23,22.8,3.4,7.7,0.444,2.5,6.4,0.4,0.9,1.3,0.656,0.61,0.7,0.9,0.746,0.3,1.9,2.2,0.8,0.6,0.2,0.7,2.2,10.1,2019-20,0.9807406719813971
Austin Rivers,SG,27,HOU,68,4,23.4,3.1,7.4,0.421,1.4,4.0,0.356,1.7,3.4,0.498,0.517,1.1,1.6,0.703,0.4,2.2,2.6,1.7,0.7,0.1,0.7,1.9,8.8,2019-20,-0.09463730675216853
Thabo Sefolosha,PF,35,HOU,41,0,10.6,0.9,2.2,0.407,0.4,1.3,0.278,0.5,0.9,0.595,0.489,0.1,0.2,0.375,0.5,1.8,2.3,0.6,0.6,0.3,0.4,1.0,2.2,2019-20,-3.4301519980290394
P.J. Tucker,PF,34,HOU,72,72,34.3,2.5,5.9,0.415,1.5,4.2,0.358,1.0,1.8,0.551,0.541,0.5,0.7,0.813,1.6,5.1,6.6,1.6,1.1,0.5,1.0,3.2,6.9,2019-20,3.0447135355938433
Russell Westbrook,PG,31,HOU,57,57,35.9,10.6,22.5,0.472,1.0,3.7,0.258,9.6,18.7,0.514,0.493,5.1,6.7,0.763,1.8,6.2,7.9,7.0,1.6,0.4,4.5,3.5,27.2,2019-20,8.591496322801468
Goga Bitadze,C,20,IND,54,2,8.7,1.3,2.8,0.467,0.1,0.8,0.19,1.1,2.0,0.574,0.493,0.4,0.6,0.727,0.5,1.5,2.0,0.4,0.2,0.7,0.5,1.2,3.2,2019-20,-3.6982865438357444
Brian Bowen,SF,21,IND,6,1,5.2,0.5,1.7,0.3,0.0,0.3,0.0,0.5,1.3,0.375,0.3,0.0,0.0,0.0,0.2,1.0,1.2,0.0,0.0,0.2,0.2,0.5,1.0,2019-20,-7.339670582339016
Malcolm Brogdon,PG,27,IND,54,54,30.9,6.0,13.8,0.438,1.4,4.3,0.326,4.6,9.5,0.488,0.489,3.1,3.4,0.892,0.9,4.0,4.9,7.1,0.6,0.2,2.4,1.8,16.5,2019-20,4.265503939148893
Aaron Holiday,PG,23,IND,66,33,24.5,3.5,8.5,0.414,1.3,3.3,0.394,2.2,5.2,0.427,0.491,1.1,1.3,0.851,0.3,2.0,2.4,3.4,0.8,0.2,1.3,1.8,9.5,2019-20,0.7168345093458446
Justin Holiday,SF,30,IND,73,6,25.0,2.8,6.7,0.428,1.8,4.5,0.405,1.0,2.1,0.477,0.566,0.7,0.9,0.791,0.4,2.8,3.3,1.3,1.2,0.6,0.6,1.9,8.3,2019-20,3.262593544083697
Alize Johnson,PF,23,IND,17,1,6.9,0.7,1.7,0.414,0.2,0.5,0.375,0.5,1.2,0.429,0.466,0.4,0.6,0.7,0.9,1.9,2.8,0.4,0.2,0.1,0.4,0.7,2.0,2019-20,-5.319202812163542
Jeremy Lamb,SG,27,IND,46,42,28.1,4.7,10.4,0.451,1.2,3.4,0.335,3.5,7.0,0.508,0.506,2.0,2.4,0.836,0.5,3.8,4.3,2.1,1.2,0.5,1.1,2.3,12.5,2019-20,3.772247897118491
T.J. Leaf,PF,22,IND,28,1,7.9,1.3,3.1,0.419,0.2,0.6,0.278,1.1,2.4,0.456,0.448,0.3,0.6,0.438,0.8,1.7,2.5,0.3,0.4,0.1,0.3,0.8,3.0,2019-20,-4.45510800976551
T.J. McConnell,PG,27,IND,71,3,18.7,3.0,5.8,0.516,0.1,0.2,0.294,2.9,5.5,0.525,0.522,0.5,0.6,0.833,0.5,2.1,2.7,5.0,0.8,0.2,1.4,1.0,6.5,2019-20,-0.17380561937670158
Doug McDermott,PF,28,IND,69,0,19.9,3.9,7.9,0.488,1.9,4.3,0.435,2.0,3.7,0.549,0.605,0.7,0.8,0.828,0.4,2.1,2.5,1.1,0.2,0.1,0.6,1.7,10.3,2019-20,-0.455170654598694
Naz Mitrou-Long,SG,26,IND,5,0,9.4,1.2,3.4,0.353,0.4,2.4,0.167,0.8,1.0,0.8,0.412,0.0,0.0,0.0,0.0,1.4,1.4,1.6,0.2,0.2,0.6,0.4,2.8,2019-20,-4.895288933093752
Victor Oladipo,SG,27,IND,19,16,27.8,5.1,12.9,0.394,1.7,5.5,0.317,3.4,7.5,0.451,0.461,2.5,3.1,0.814,0.5,3.5,3.9,2.9,0.9,0.2,2.5,1.9,14.5,2019-20,1.5425934344300025
Domantas Sabonis,PF,23,IND,62,62,34.8,7.4,13.7,0.54,0.3,1.1,0.254,7.1,12.6,0.565,0.55,3.5,4.8,0.723,3.0,9.4,12.4,5.0,0.8,0.5,2.7,3.1,18.5,2019-20,6.703681492253915
JaKarr Sampson,PF,26,IND,34,12,13.9,2.0,3.4,0.591,0.1,0.4,0.154,1.9,3.0,0.647,0.6,0.5,0.8,0.667,0.6,2.0,2.6,0.6,0.5,0.4,0.4,1.9,4.6,2019-20,-2.186367892311667
Edmond Sumner,SG,24,IND,31,3,14.4,2.0,4.6,0.43,0.5,1.7,0.264,1.5,2.9,0.528,0.479,0.5,0.9,0.552,0.4,1.1,1.5,1.8,0.5,0.3,0.7,1.4,4.9,2019-20,-2.7063646336890272
Myles Turner,C,23,IND,62,62,29.5,4.3,9.5,0.457,1.4,4.0,0.344,2.9,5.4,0.54,0.53,2.0,2.7,0.751,1.4,5.2,6.6,1.2,0.7,2.1,1.4,2.7,12.1,2019-20,6.919466970654843
T.J. Warren,SF,26,IND,67,67,32.9,8.0,14.9,0.536,1.4,3.4,0.403,6.6,11.5,0.575,0.581,2.5,3.0,0.819,1.0,3.2,4.2,1.5,1.2,0.5,1.3,2.8,19.8,2019-20,5.59154004683735
Patrick Beverley,PG,31,LAC,51,50,26.3,2.9,6.7,0.431,1.6,4.0,0.388,1.3,2.6,0.496,0.548,0.6,0.9,0.66,1.1,4.1,5.2,3.6,1.1,0.5,1.3,3.1,7.9,2019-20,3.7619968272665636
Amir Coffey,SG,22,LAC,18,1,8.8,1.3,3.0,0.426,0.3,1.1,0.316,0.9,1.9,0.486,0.481,0.3,0.6,0.545,0.2,0.7,0.9,0.8,0.3,0.1,0.4,1.1,3.2,2019-20,-5.086254226083792
Paul George,SF,29,LAC,48,48,29.6,7.1,16.3,0.439,3.3,7.9,0.412,3.9,8.4,0.464,0.539,4.0,4.5,0.876,0.5,5.2,5.7,3.9,1.4,0.4,2.6,2.4,21.5,2019-20,8.790778509778868
JaMychal Green,PF,29,LAC,63,1,20.7,2.4,5.6,0.429,1.5,3.8,0.387,0.9,1.8,0.518,0.56,0.6,0.8,0.75,1.2,4.9,6.2,0.8,0.5,0.4,0.9,2.8,6.8,2019-20,0.5567534395553664
Montrezl Harrell,C,26,LAC,63,2,27.8,7.5,12.9,0.58,0.0,0.3,0.0,7.5,12.6,0.593,0.58,3.7,5.6,0.658,2.6,4.5,7.1,1.7,0.6,1.1,1.7,2.3,18.6,2019-20,4.373171395203096
Mfiondu Kabengele,C,22,LAC,12,0,5.3,1.2,2.7,0.438,0.8,1.7,0.45,0.4,1.0,0.417,0.578,0.4,0.4,1.0,0.1,0.8,0.9,0.2,0.2,0.2,0.2,0.8,3.5,2019-20,-4.4615435526938025
Kawhi Leonard,SF,28,LAC,57,57,32.4,9.3,19.9,0.47,2.2,5.7,0.378,7.2,14.2,0.506,0.524,6.2,7.1,0.886,0.9,6.1,7.1,4.9,1.8,0.6,2.6,2.0,27.1,2019-20,11.84775991035138
Terance Mann,SF,23,LAC,41,6,8.8,0.9,1.9,0.468,0.2,0.5,0.35,0.7,1.4,0.508,0.513,0.4,0.7,0.667,0.2,1.1,1.3,1.3,0.3,0.1,0.4,1.1,2.4,2019-20,-4.773075733263772
Rodney McGruder,SG,28,LAC,56,4,15.6,1.3,3.2,0.398,0.4,1.6,0.27,0.9,1.6,0.522,0.464,0.3,0.6,0.559,0.5,2.2,2.7,0.6,0.5,0.1,0.4,1.3,3.3,2019-20,-3.8086320764958916
Johnathan Motley,PF,24,LAC,13,0,3.2,0.8,1.2,0.733,0.1,0.1,1.0,0.8,1.1,0.714,0.767,0.4,0.5,0.714,0.2,0.5,0.8,0.6,0.2,0.0,0.4,0.5,2.2,2019-20,-4.888121285046064
Joakim Noah,C,34,LAC,5,0,10.0,0.8,1.6,0.5,0.0,0.0,0.0,0.8,1.6,0.5,0.5,1.2,1.6,0.75,1.0,2.2,3.2,1.4,0.2,0.2,1.2,1.8,2.8,2019-20,-5.014830497014201
Patrick Patterson,PF,30,LAC,59,18,13.2,1.6,3.9,0.408,1.1,2.9,0.39,0.5,1.0,0.459,0.552,0.6,0.7,0.814,0.6,2.0,2.6,0.7,0.1,0.1,0.4,0.9,4.9,2019-20,-3.5664019495413353
Landry Shamet,SG,22,LAC,53,30,27.4,3.0,7.4,0.404,2.1,5.6,0.375,0.9,1.8,0.495,0.546,1.2,1.4,0.855,0.1,1.8,1.9,1.9,0.4,0.2,0.8,2.7,9.3,2019-20,-0.06043673421185075
Lou Williams,PG,33,LAC,65,8,28.7,6.0,14.4,0.418,1.7,4.8,0.352,4.3,9.6,0.451,0.477,4.5,5.2,0.861,0.5,2.6,3.1,5.6,0.7,0.2,2.8,1.2,18.2,2019-20,2.887929306230211
Ivica Zubac,C,22,LAC,72,70,18.4,3.3,5.3,0.613,0.0,0.0,0.0,3.3,5.3,0.616,0.613,1.7,2.3,0.747,2.7,4.8,7.5,1.1,0.2,0.9,0.8,2.3,8.3,2019-20,1.19229130118851
Kostas Antetokounmpo,PF,22,LAL,5,0,4.0,0.6,0.6,1.0,0.0,0.0,0.0,0.6,0.6,1.0,1.0,0.2,0.4,0.5,0.4,0.2,0.6,0.4,0.0,0.0,0.2,0.4,1.4,2019-20,-4.364204315184427
Avery Bradley,SG,29,LAL,49,44,24.2,3.5,7.8,0.444,1.3,3.5,0.364,2.2,4.3,0.51,0.526,0.4,0.5,0.833,0.4,2.0,2.3,1.3,0.9,0.1,1.0,2.2,8.6,2019-20,-0.3398356360905859
Devontae Cacok,C,23,LAL,1,0,9.0,3.0,6.0,0.5,0.0,0.0,0.0,3.0,6.0,0.5,0.5,0.0,0.0,0.0,2.0,3.0,5.0,1.0,0.0,0.0,0.0,0.0,6.0,2019-20,-2.831274091913944
Kentavious Caldwell-Pope,SG,26,LAL,69,26,25.5,3.4,7.3,0.467,1.3,3.5,0.385,2.1,3.9,0.541,0.558,1.1,1.5,0.775,0.6,1.5,2.1,1.6,0.8,0.2,0.9,1.9,9.3,2019-20,0.07422414387121812
Alex Caruso,PG,25,LAL,64,2,18.4,1.9,4.5,0.412,0.6,1.9,0.333,1.3,2.7,0.468,0.481,1.1,1.5,0.734,0.3,1.7,1.9,1.9,1.1,0.3,0.8,1.5,5.5,2019-20,-0.7859222545225863
Quinn Cook,PG,26,LAL,44,1,11.5,2.1,4.9,0.425,0.7,1.9,0.365,1.4,2.9,0.465,0.498,0.3,0.3,0.786,0.3,0.9,1.2,1.1,0.3,0.0,0.8,0.6,5.1,2019-20,-4.495718308976741
Anthony Davis,PF,26,LAL,62,62,34.4,8.9,17.7,0.503,1.2,3.5,0.33,7.7,14.2,0.546,0.536,7.2,8.5,0.846,2.3,7.0,9.3,3.2,1.5,2.3,2.5,2.5,26.1,2019-20,14.110960635270693
Jared Dudley,PF,34,LAL,45,1,8.1,0.5,1.3,0.4,0.4,0.9,0.429,0.1,0.4,0.333,0.55,0.0,0.0,1.0,0.1,1.0,1.2,0.6,0.3,0.1,0.2,0.9,1.5,2019-20,-5.306317835334088
Danny Green,SG,32,LAL,68,68,24.8,2.9,7.0,0.416,1.8,4.8,0.367,1.1,2.2,0.524,0.542,0.5,0.7,0.688,0.8,2.6,3.3,1.3,1.3,0.5,0.9,2.0,8.0,2019-20,2.7790470986811657
Talen Horton-Tucker,SG,19,LAL,6,1,13.5,2.3,5.0,0.467,0.7,2.2,0.308,1.7,2.8,0.588,0.533,0.3,0.7,0.5,0.3,0.8,1.2,1.0,1.3,0.2,1.0,1.7,5.7,2019-20,-1.156601853288536
Dwight Howard,C,34,LAL,69,2,18.9,2.9,4.0,0.729,0.0,0.1,0.6,2.9,3.9,0.732,0.735,1.6,3.1,0.514,2.5,4.9,7.3,0.7,0.4,1.1,1.2,3.2,7.5,2019-20,1.7052276091809395
LeBron James,PG,35,LAL,67,67,34.6,9.6,19.4,0.493,2.2,6.3,0.348,7.4,13.1,0.564,0.55,3.9,5.7,0.693,1.0,6.9,7.8,10.2,1.2,0.5,3.9,1.8,25.3,2019-20,11.559989978650082
Kyle Kuzma,PF,24,LAL,61,9,25.0,4.8,11.0,0.436,1.4,4.5,0.316,3.4,6.5,0.518,0.5,1.9,2.5,0.735,0.9,3.6,4.5,1.3,0.5,0.4,1.5,2.1,12.8,2019-20,0.8842619608622785
JaVale McGee,C,32,LAL,68,68,16.6,2.9,4.5,0.637,0.0,0.1,0.5,2.8,4.4,0.64,0.642,0.8,1.2,0.646,1.8,3.9,5.7,0.5,0.5,1.4,0.8,2.3,6.6,2019-20,1.9261917244596123
Rajon Rondo,PG,33,LAL,48,3,20.5,2.9,6.8,0.418,0.9,2.6,0.328,2.0,4.2,0.473,0.48,0.6,0.9,0.659,0.5,2.5,3.0,5.0,0.8,0.0,1.9,1.2,7.1,2019-20,-0.49025099846414477
J.R. Smith,SG,34,LAL,6,0,13.2,1.2,3.7,0.318,0.2,1.8,0.091,1.0,1.8,0.545,0.341,0.3,0.3,1.0,0.0,0.8,0.8,0.5,0.2,0.0,0.7,0.8,2.8,2019-20,-6.962272566281224
Grayson Allen,SG,24,MEM,38,0,18.9,3.1,6.6,0.466,1.5,3.7,0.404,1.6,2.9,0.545,0.58,1.0,1.2,0.867,0.2,2.0,2.2,1.4,0.3,0.1,0.9,1.4,8.7,2019-20,-1.6090505740178722
Kyle Anderson,SF,26,MEM,67,28,19.9,2.3,4.9,0.474,0.4,1.3,0.282,2.0,3.7,0.541,0.511,0.8,1.2,0.667,0.9,3.4,4.3,2.4,0.8,0.6,1.0,1.7,5.8,2019-20,0.4824871900678722
Dillon Brooks,SG,24,MEM,73,73,28.9,6.0,14.6,0.407,2.0,5.6,0.358,3.9,9.0,0.438,0.476,2.2,2.8,0.808,0.9,2.4,3.3,2.1,0.9,0.4,1.7,3.8,16.2,2019-20,3.3661446147304845
Brandon Clarke,PF,23,MEM,58,4,22.4,5.1,8.3,0.618,0.4,1.1,0.359,4.7,7.2,0.658,0.642,1.5,1.9,0.759,1.6,4.4,5.9,1.4,0.6,0.8,0.9,1.7,12.1,2019-20,2.947162369087707
Marko Guduric,SG,24,MEM,44,0,11.0,1.4,3.6,0.395,0.6,1.9,0.301,0.8,1.7,0.5,0.475,0.5,0.6,0.923,0.3,1.3,1.7,1.0,0.3,0.2,0.8,0.8,3.9,2019-20,-4.438484538035829
Dusty Hannahs,SG,26,MEM,2,0,6.5,2.0,4.5,0.444,1.0,1.5,0.667,1.0,3.0,0.333,0.556,1.0,1.0,1.0,0.0,0.5,0.5,0.0,0.0,0.0,0.0,0.5,6.0,2019-20,-4.653005144289843
Jaren Jackson,C,20,MEM,57,57,28.5,6.2,13.2,0.469,2.5,6.5,0.394,3.6,6.8,0.54,0.565,2.4,3.3,0.747,1.0,3.6,4.6,1.4,0.7,1.6,1.7,4.1,17.4,2019-20,7.253225854304741
Josh Jackson,SF,22,MEM,22,0,17.3,3.2,7.2,0.44,1.0,3.3,0.319,2.1,4.0,0.54,0.513,1.6,2.3,0.7,0.5,2.5,3.0,1.6,0.8,0.4,1.3,1.8,9.0,2019-20,-0.1196495770350816
Tyus Jones,PG,23,MEM,65,6,19.0,3.0,6.6,0.459,0.7,1.9,0.379,2.3,4.7,0.492,0.514,0.7,0.9,0.741,0.1,1.4,1.6,4.4,0.9,0.1,0.8,0.7,7.4,2019-20,0.5266383961974075
John Konchar,SG,23,MEM,19,0,9.5,1.3,1.9,0.649,0.3,0.5,0.5,1.0,1.4,0.704,0.716,0.1,0.1,0.5,0.9,1.5,2.5,1.2,0.4,0.2,0.4,0.4,2.8,2019-20,-2.6067648686526486
De'Anthony Melton,PG,21,MEM,60,8,19.5,2.7,6.7,0.401,0.7,2.3,0.286,2.0,4.4,0.464,0.451,1.6,2.0,0.769,0.7,3.0,3.7,2.9,1.3,0.3,1.4,1.8,7.6,2019-20,1.1131165169946189
Ja Morant,PG,20,MEM,67,67,31.0,6.7,14.0,0.477,0.9,2.7,0.335,5.8,11.3,0.511,0.509,3.6,4.6,0.776,0.8,3.1,3.9,7.3,0.9,0.3,3.3,1.6,17.8,2019-20,3.6114276100452076
Jonas Valančiūnas,C,27,MEM,70,70,26.4,6.2,10.6,0.585,0.5,1.3,0.352,5.7,9.3,0.617,0.606,2.1,2.9,0.74,3.0,8.2,11.3,1.9,0.4,1.1,1.8,2.6,14.9,2019-20,5.471390111394858
Yuta Watanabe,SF,25,MEM,18,0,5.8,0.8,1.9,0.441,0.2,0.4,0.375,0.7,1.4,0.462,0.485,0.2,0.4,0.375,0.4,0.7,1.1,0.3,0.3,0.1,0.1,0.5,2.0,2019-20,-5.301011531061856
Bam Adebayo,PF,22,MIA,72,72,33.6,6.1,11.0,0.557,0.0,0.2,0.143,6.1,10.8,0.564,0.558,3.7,5.3,0.691,2.4,7.8,10.2,5.1,1.1,1.3,2.8,2.5,15.9,2019-20,7.569572303229723
Kyle Alexander,C,23,MIA,2,0,6.5,0.5,1.0,0.5,0.0,0.0,0.0,0.5,1.0,0.5,0.5,0.0,0.0,0.0,1.0,0.5,1.5,0.0,0.0,0.0,0.5,0.5,1.0,2019-20,-7.215593768629092
Jimmy Butler,SF,30,MIA,58,58,33.8,5.9,13.1,0.455,0.5,2.1,0.244,5.4,11.0,0.495,0.474,7.6,9.1,0.834,1.8,4.8,6.7,6.0,1.8,0.6,2.2,1.4,19.9,2019-20,8.516575755870273
Goran Dragić,PG,33,MIA,59,3,28.2,5.4,12.3,0.441,2.1,5.7,0.367,3.3,6.5,0.505,0.526,3.2,4.2,0.776,0.5,2.7,3.2,5.1,0.7,0.2,2.4,2.1,16.2,2019-20,3.207939739385955
Udonis Haslem,C,39,MIA,4,1,11.0,1.0,2.8,0.364,0.3,0.8,0.333,0.8,2.0,0.375,0.409,0.8,1.0,0.75,0.3,3.8,4.0,0.3,0.0,0.0,0.3,1.5,3.0,2019-20,-5.352644348045937
Tyler Herro,SG,20,MIA,55,8,27.4,4.9,11.5,0.428,2.1,5.4,0.389,2.8,6.1,0.462,0.52,1.6,1.8,0.87,0.3,3.8,4.1,2.2,0.6,0.2,1.6,1.4,13.5,2019-20,1.9417280579431608
Andre Iguodala,SF,36,MIA,21,0,19.9,1.8,4.2,0.432,0.7,2.2,0.298,1.1,2.0,0.585,0.511,0.3,0.7,0.4,0.8,2.9,3.7,2.4,0.7,1.0,1.2,1.7,4.6,2019-20,0.6356688705155554
Derrick Jones,SF,22,MIA,59,16,23.3,3.1,5.9,0.527,0.6,2.2,0.28,2.5,3.7,0.677,0.58,1.6,2.1,0.772,1.1,2.8,3.9,1.1,1.0,0.6,0.5,2.2,8.5,2019-20,1.8467564619621877
Meyers Leonard,C,27,MIA,51,49,20.3,2.3,4.6,0.509,1.0,2.5,0.414,1.3,2.1,0.623,0.622,0.4,0.5,0.643,0.6,4.5,5.1,1.1,0.3,0.3,0.8,2.1,6.1,2019-20,-0.9379977064611902
Daryl Macon,PG,24,MIA,4,0,3.5,0.3,0.8,0.333,0.3,0.5,0.5,0.0,0.3,0.0,0.5,0.0,0.0,0.0,0.0,0.0,0.0,0.3,0.0,0.0,0.5,0.3,0.8,2019-20,-8.224605752841912
Kendrick Nunn,PG,24,MIA,67,67,29.3,6.0,13.6,0.439,2.0,5.8,0.35,3.9,7.8,0.505,0.514,1.3,1.5,0.85,0.3,2.4,2.7,3.3,0.8,0.2,1.7,2.3,15.3,2019-20,2.922036430411705
KZ Okpala,PF,20,MIA,5,0,5.2,0.6,1.0,0.6,0.0,0.2,0.0,0.6,0.8,0.75,0.6,0.2,0.4,0.5,0.2,0.8,1.0,0.2,0.4,0.2,0.2,0.4,1.4,2019-20,-4.6540081371026805
Kelly Olynyk,C,28,MIA,67,9,19.4,2.7,5.9,0.462,1.4,3.5,0.406,1.3,2.4,0.543,0.582,1.3,1.5,0.86,0.7,3.9,4.6,1.7,0.7,0.3,1.1,2.6,8.2,2019-20,0.73832135020189
Duncan Robinson,SG,25,MIA,73,68,29.7,4.4,9.4,0.47,3.7,8.3,0.446,0.7,1.1,0.654,0.667,0.9,1.0,0.931,0.1,3.0,3.2,1.4,0.5,0.3,1.0,2.6,13.5,2019-20,3.922099423491038
Chris Silva,PF,23,MIA,44,0,7.9,1.1,1.8,0.615,0.0,0.1,0.0,1.1,1.7,0.64,0.615,0.8,1.3,0.673,1.4,1.5,2.9,0.5,0.2,0.5,0.7,1.9,3.0,2019-20,-3.5715393853088604
Gabe Vincent,PG,23,MIA,9,0,9.2,0.9,4.1,0.216,0.7,3.0,0.222,0.2,1.1,0.2,0.297,0.0,0.0,0.0,0.0,0.6,0.6,0.7,0.6,0.0,0.1,0.7,2.4,2019-20,-4.870739336226214
Justise Winslow,SG,23,MIA,11,5,32.0,4.5,11.7,0.388,0.5,2.5,0.222,4.0,9.3,0.431,0.411,1.6,2.5,0.667,1.5,5.2,6.6,4.0,0.6,0.5,2.2,3.5,11.3,2019-20,1.5359494394895967
Giannis Antetokounmpo,PF,25,MIL,63,63,30.4,10.9,19.7,0.553,1.4,4.7,0.304,9.5,15.0,0.631,0.589,6.3,10.0,0.633,2.2,11.4,13.6,5.6,1.0,1.0,3.7,3.1,29.5,2019-20,12.359244595115602
Thanasis Antetokounmpo,SF,27,MIL,20,2,6.5,1.2,2.4,0.5,0.0,0.5,0.0,1.2,1.9,0.632,0.5,0.4,0.9,0.412,0.6,0.6,1.2,0.8,0.4,0.1,0.6,0.9,2.8,2019-20,-5.1024621256263964
Eric Bledsoe,PG,30,MIL,61,61,27.0,5.5,11.5,0.475,1.2,3.5,0.344,4.3,8.0,0.533,0.528,2.8,3.5,0.79,0.7,3.9,4.6,5.4,0.9,0.4,2.4,2.1,14.9,2019-20,3.8003432816084644
Sterling Brown,SF,24,MIL,52,1,14.8,1.8,4.9,0.371,0.8,2.6,0.324,1.0,2.3,0.425,0.457,0.6,0.8,0.8,0.6,2.9,3.5,1.0,0.6,0.1,0.8,1.0,5.1,2019-20,-2.549538820171912
Pat Connaughton,SG,27,MIL,67,4,18.6,2.0,4.5,0.455,0.8,2.5,0.331,1.2,2.0,0.607,0.547,0.5,0.6,0.775,0.9,3.3,4.2,1.6,0.4,0.5,0.8,1.0,5.4,2019-20,-0.8782940925977096
Donte DiVincenzo,SG,23,MIL,66,24,23.0,3.5,7.7,0.455,1.3,3.7,0.336,2.3,4.0,0.567,0.536,1.0,1.3,0.733,1.0,3.8,4.8,2.3,1.3,0.3,1.4,1.7,9.2,2019-20,2.700537700491735
George Hill,PG,33,MIL,59,2,21.5,3.3,6.4,0.516,1.4,3.0,0.46,1.9,3.4,0.565,0.624,1.4,1.7,0.842,0.8,2.2,3.0,3.1,0.8,0.1,1.0,1.4,9.4,2019-20,1.3258836107801062
Ersan İlyasova,PF,32,MIL,63,8,15.7,2.3,5.0,0.466,0.8,2.2,0.365,1.5,2.8,0.545,0.546,1.1,1.4,0.828,1.0,3.8,4.8,0.8,0.4,0.3,0.5,1.5,6.6,2019-20,-0.9250767339111537
Kyle Korver,SF,38,MIL,58,1,16.6,2.2,5.1,0.43,1.7,4.1,0.418,0.5,1.0,0.482,0.599,0.6,0.7,0.854,0.3,1.8,2.1,1.2,0.4,0.2,0.8,1.3,6.7,2019-20,-1.5431091493317763
Brook Lopez,C,31,MIL,68,67,26.7,4.3,9.9,0.435,1.5,4.8,0.314,2.8,5.1,0.549,0.511,1.9,2.2,0.836,0.9,3.7,4.6,1.5,0.7,2.4,1.0,2.4,12.0,2019-20,7.620183314708528
Robin Lopez,C,31,MIL,66,5,14.5,2.2,4.5,0.492,0.5,1.6,0.333,1.7,2.9,0.577,0.55,0.4,0.8,0.528,0.8,1.6,2.4,0.7,0.2,0.7,1.0,1.5,5.4,2019-20,-2.7632779563192162
Frank Mason III,PG,25,MIL,9,0,13.1,2.6,5.7,0.451,0.7,2.3,0.286,1.9,3.3,0.567,0.51,1.1,1.9,0.588,0.6,1.6,2.1,3.2,0.6,0.1,1.2,1.2,6.9,2019-20,-1.6358640172081766
Wesley Matthews,SG,33,MIL,67,67,24.4,2.5,6.3,0.396,1.6,4.4,0.364,0.9,1.9,0.472,0.524,0.8,1.0,0.765,0.3,2.1,2.5,1.4,0.6,0.1,0.6,1.5,7.4,2019-20,-0.71539830345971
Khris Middleton,SF,28,MIL,62,59,29.9,7.6,15.3,0.497,2.4,5.7,0.415,5.2,9.6,0.546,0.575,3.4,3.7,0.916,0.7,5.5,6.2,4.3,0.9,0.1,2.2,2.3,20.9,2019-20,6.48651671856822
D.J. Wilson,PF,23,MIL,37,1,9.8,1.4,3.6,0.394,0.5,2.0,0.247,0.9,1.6,0.576,0.462,0.3,0.5,0.611,0.3,2.2,2.5,0.7,0.1,0.1,0.5,0.9,3.6,2019-20,-4.879321786078941
Jarrett Culver,SG,20,MIN,63,35,23.9,3.7,9.0,0.404,1.0,3.5,0.299,2.6,5.5,0.471,0.462,0.9,1.9,0.462,1.1,2.3,3.4,1.7,0.9,0.6,1.3,2.0,9.2,2019-20,1.014512671458541
Jake Layman,SF,25,MIN,23,2,22.0,3.5,7.8,0.453,1.0,3.1,0.333,2.5,4.7,0.533,0.52,1.0,1.4,0.75,0.7,1.7,2.5,0.7,0.7,0.4,1.0,2.0,9.1,2019-20,-0.6347333117503176
Kelan Martin,SF,24,MIN,31,4,16.0,2.3,5.8,0.392,0.8,3.1,0.26,1.5,2.7,0.541,0.461,1.0,1.0,0.968,0.4,2.7,3.1,0.7,0.2,0.3,0.6,1.6,6.4,2019-20,-2.7774291457485427
Jordan McLaughlin,PG,23,MIN,30,2,19.7,2.9,5.9,0.489,1.0,2.5,0.382,1.9,3.4,0.569,0.57,0.9,1.3,0.667,0.2,1.4,1.6,4.2,1.1,0.1,1.0,1.0,7.6,2019-20,1.1879987140982913
Jaylen Nowell,SG,20,MIN,15,0,10.1,1.3,3.5,0.358,0.2,1.7,0.115,1.1,1.8,0.593,0.387,1.1,1.1,0.941,0.2,0.7,0.9,1.3,0.2,0.1,0.2,0.7,3.8,2019-20,-5.089395536273228
Josh Okogie,SG,21,MIN,62,28,25.0,2.7,6.4,0.427,0.7,2.5,0.266,2.1,3.9,0.529,0.479,2.5,3.1,0.796,1.4,2.9,4.3,1.6,1.1,0.4,1.4,2.2,8.6,2019-20,0.5432752704837012
Naz Reid,C,20,MIN,30,11,16.5,3.3,8.1,0.412,1.1,3.2,0.33,2.3,4.9,0.466,0.477,1.2,1.8,0.698,1.1,3.0,4.1,1.2,0.6,0.7,0.7,2.8,9.0,2019-20,1.3002005002004537
Karl-Anthony Towns,C,24,MIN,35,35,33.9,9.0,17.8,0.508,3.3,7.9,0.412,5.8,9.9,0.586,0.6,5.1,6.5,0.796,2.7,8.1,10.8,4.4,0.9,1.2,3.1,3.3,26.5,2019-20,12.9392426571792
Nickeil Alexander-Walker,SG,21,NOP,47,1,12.6,2.1,5.7,0.368,1.0,2.8,0.346,1.1,2.8,0.391,0.455,0.5,0.8,0.676,0.2,1.6,1.8,1.9,0.4,0.2,1.1,1.2,5.7,2019-20,-2.9932329298821774
Lonzo Ball,PG,22,NOP,63,54,32.1,4.4,10.9,0.403,2.3,6.3,0.375,2.0,4.6,0.442,0.511,0.7,1.2,0.566,1.1,5.0,6.1,7.0,1.4,0.6,3.1,2.0,11.8,2019-20,6.955441184875244
Zylan Cheatham,PF,24,NOP,4,0,12.8,1.5,2.3,0.667,0.0,0.3,0.0,1.5,2.0,0.75,0.667,0.0,0.0,0.0,0.8,1.5,2.3,0.8,0.3,0.3,1.0,2.5,3.0,2019-20,-4.003166021497773
Derrick Favors,C,28,NOP,51,49,24.4,4.1,6.6,0.617,0.0,0.1,0.143,4.1,6.5,0.627,0.618,0.8,1.4,0.563,3.2,6.6,9.8,1.6,0.6,0.9,1.1,2.1,9.0,2019-20,3.5603534838596103
Josh Gray,PG,26,NOP,2,0,11.5,0.5,1.0,0.5,0.0,0.0,0.0,0.5,1.0,0.5,0.5,0.0,0.0,0.0,0.5,0.5,1.0,1.0,0.0,0.0,2.5,0.5,1.0,2019-20,-9.543062198583511
Josh Hart,SF,24,NOP,65,16,27.0,3.5,8.2,0.423,1.9,5.4,0.342,1.6,2.7,0.584,0.537,1.3,1.8,0.739,0.9,5.6,6.5,1.7,1.0,0.4,1.2,2.5,10.1,2019-20,3.643365354872819
Jaxson Hayes,C,19,NOP,64,14,16.9,2.7,4.0,0.672,0.0,0.1,0.25,2.7,4.0,0.678,0.674,1.9,3.0,0.647,1.5,2.5,4.0,0.9,0.4,0.9,0.8,2.5,7.4,2019-20,0.027457699281305092
Jrue Holiday,SG,29,NOP,61,61,34.7,7.5,16.5,0.455,2.0,5.7,0.353,5.5,10.8,0.509,0.516,2.1,3.0,0.709,1.3,3.5,4.8,6.7,1.6,0.8,3.0,2.4,19.1,2019-20,9.237694410905753
Brandon Ingram,PF,22,NOP,62,62,33.9,8.2,17.7,0.463,2.4,6.2,0.391,5.8,11.5,0.501,0.531,5.0,5.9,0.851,0.8,5.3,6.1,4.2,1.0,0.6,3.0,2.9,23.8,2019-20,7.547623989788057
Frank Jackson,PG,21,NOP,59,2,13.5,2.3,5.6,0.405,0.8,2.4,0.326,1.5,3.2,0.465,0.476,0.9,1.3,0.747,0.4,1.0,1.4,1.0,0.3,0.1,0.8,1.3,6.3,2019-20,-3.8717183373684545
Nicolò Melli,C,29,NOP,60,8,17.4,2.3,5.4,0.421,1.2,3.4,0.335,1.1,2.0,0.573,0.528,0.9,1.2,0.74,0.6,2.4,3.0,1.4,0.6,0.4,0.8,2.1,6.6,2019-20,-0.5914029363072655
E'Twaun Moore,SG,30,NOP,56,6,18.2,3.3,7.8,0.426,1.1,3.0,0.377,2.2,4.8,0.456,0.498,0.6,0.8,0.689,0.6,1.8,2.3,1.4,0.6,0.2,0.7,1.4,8.3,2019-20,-0.841068680518727
Jahlil Okafor,C,24,NOP,30,9,15.6,3.4,5.4,0.623,0.0,0.1,0.333,3.3,5.3,0.629,0.627,1.3,2.1,0.645,1.6,2.6,4.2,1.2,0.2,0.7,1.3,2.2,8.1,2019-20,-1.4436226904275662
J.J. Redick,SG,35,NOP,60,36,26.4,4.8,10.5,0.453,3.0,6.6,0.453,1.8,3.9,0.453,0.596,2.8,3.1,0.892,0.2,2.4,2.5,2.0,0.3,0.2,1.3,1.6,15.3,2019-20,2.178852372447299
Sindarius Thornwell,SF,25,NOP,2,0,17.5,3.0,5.5,0.545,1.0,2.0,0.5,2.0,3.5,0.571,0.636,1.0,2.0,0.5,0.0,2.0,2.0,2.0,0.5,0.5,1.0,1.0,8.0,2019-20,-0.3104440637198661
Kenrich Williams,PF,25,NOP,39,18,21.3,1.3,3.8,0.347,0.6,2.5,0.258,0.7,1.3,0.52,0.432,0.2,0.7,0.346,1.3,3.5,4.8,1.5,0.7,0.5,0.6,2.3,3.5,2019-20,-0.7947677720424164
Zion Williamson,PF,19,NOP,24,24,27.8,8.8,15.0,0.583,0.3,0.6,0.429,8.5,14.4,0.59,0.592,4.8,7.4,0.64,2.7,3.6,6.3,2.1,0.7,0.4,2.5,1.8,22.5,2019-20,2.8867870195200007
Kadeem Allen,PG,27,NYK,10,0,11.7,1.9,4.4,0.432,0.5,1.6,0.313,1.4,2.8,0.5,0.489,0.7,1.1,0.636,0.2,0.7,0.9,2.1,0.5,0.2,0.8,0.7,5.0,2019-20,-3.19262898594834
RJ Barrett,SG,19,NYK,56,55,30.4,5.2,13.0,0.402,1.1,3.5,0.32,4.1,9.5,0.432,0.445,2.8,4.5,0.614,0.9,4.1,5.0,2.6,1.0,0.3,2.2,2.2,14.3,2019-20,2.0375115585751225
Ignas Brazdeikis,SF,21,NYK,9,0,5.9,0.7,2.4,0.273,0.1,1.0,0.111,0.6,1.4,0.385,0.295,0.4,0.6,0.8,0.2,0.3,0.6,0.4,0.0,0.1,0.2,0.3,1.9,2019-20,-7.394288503155037
Reggie Bullock,SG,28,NYK,29,19,23.6,3.1,7.7,0.402,1.3,3.8,0.333,1.8,3.9,0.469,0.484,0.6,0.7,0.81,0.4,1.9,2.3,1.4,0.9,0.1,0.7,1.9,8.1,2019-20,-0.18098483464826354
Damyean Dotson,SG,25,NYK,48,0,17.4,2.5,6.0,0.414,1.2,3.4,0.362,1.3,2.6,0.48,0.516,0.5,0.7,0.667,0.2,1.7,1.9,1.2,0.5,0.1,0.4,0.9,6.7,2019-20,-1.7166506432041586
Wayne Ellington,SG,32,NYK,36,1,15.5,1.7,4.8,0.351,1.4,4.0,0.35,0.3,0.9,0.355,0.494,0.3,0.4,0.846,0.1,1.7,1.8,1.2,0.4,0.1,0.5,1.1,5.1,2019-20,-2.6621536532609533
Taj Gibson,C,34,NYK,62,56,16.5,2.7,4.6,0.584,0.1,0.2,0.286,2.6,4.4,0.599,0.591,0.7,0.9,0.732,1.8,2.5,4.3,0.8,0.4,0.5,0.8,2.0,6.1,2019-20,-1.4715250461005918
Kevin Knox,SF,20,NYK,65,4,17.9,2.2,6.2,0.359,1.0,3.1,0.327,1.2,3.1,0.391,0.44,1.0,1.6,0.653,0.4,2.4,2.8,0.9,0.4,0.4,0.7,1.6,6.4,2019-20,-1.947947369897458
Frank Ntilikina,PG,21,NYK,57,26,20.8,2.3,5.8,0.393,0.8,2.4,0.321,1.5,3.4,0.444,0.459,0.9,1.0,0.864,0.4,1.7,2.1,3.0,0.9,0.3,1.2,2.5,6.3,2019-20,-0.6381676459360042
Elfrid Payton,PG,25,NYK,45,36,27.7,4.3,9.8,0.439,0.3,1.5,0.203,4.0,8.2,0.482,0.455,1.1,1.9,0.57,1.2,3.6,4.7,7.2,1.6,0.4,2.1,2.0,10.0,2019-20,4.922871182450832
Bobby Portis,PF,24,NYK,66,5,21.1,4.0,8.9,0.45,1.0,2.8,0.358,3.0,6.1,0.493,0.507,1.1,1.4,0.763,1.2,3.9,5.1,1.5,0.5,0.3,1.1,1.7,10.1,2019-20,0.376947916941952
Julius Randle,PF,25,NYK,64,64,32.5,7.2,15.7,0.46,1.0,3.6,0.277,6.2,12.1,0.515,0.492,4.0,5.5,0.733,2.4,7.4,9.7,3.1,0.8,0.3,3.0,2.8,19.5,2019-20,4.235995513201179
Mitchell Robinson,C,21,NYK,61,7,23.1,4.1,5.6,0.742,0.0,0.0,0.0,4.1,5.6,0.742,0.742,1.4,2.4,0.568,3.0,4.0,7.0,0.6,0.9,2.0,0.6,3.2,9.7,2019-20,6.828085972254299
Dennis Smith,PG,22,NYK,34,3,15.8,2.1,6.2,0.341,0.5,1.6,0.296,1.6,4.6,0.357,0.379,0.8,1.6,0.509,0.6,1.7,2.3,2.9,0.8,0.2,1.7,1.9,5.5,2019-20,-2.6071403176062193
Allonzo Trier,SG,24,NYK,24,1,12.1,2.1,4.4,0.481,0.8,2.2,0.358,1.3,2.2,0.604,0.571,1.4,1.8,0.791,0.3,1.0,1.2,1.2,0.1,0.2,0.9,1.2,6.5,2019-20,-3.973767292726112
Steven Adams,C,26,OKC,63,63,26.7,4.5,7.6,0.592,0.0,0.0,0.333,4.5,7.5,0.594,0.593,1.9,3.2,0.582,3.3,6.0,9.3,2.3,0.8,1.1,1.5,1.9,10.9,2019-20,4.663615305250638
Darius Bazley,PF,19,OKC,61,9,18.5,2.0,5.2,0.394,0.8,2.3,0.348,1.2,2.9,0.432,0.472,0.7,1.0,0.694,0.5,3.5,4.0,0.7,0.4,0.7,0.7,0.9,5.6,2019-20,-1.0561633439108724
Deonte Burton,SF,26,OKC,39,0,9.1,1.1,3.2,0.344,0.3,1.4,0.189,0.8,1.8,0.458,0.384,0.2,0.4,0.571,0.2,1.3,1.5,0.4,0.2,0.3,0.5,0.9,2.7,2019-20,-5.4261757695915716
Hamidou Diallo,SF,21,OKC,46,3,19.5,2.9,6.4,0.446,0.3,1.2,0.281,2.5,5.2,0.485,0.473,0.8,1.4,0.603,1.0,2.7,3.6,0.8,0.8,0.2,1.1,2.2,6.9,2019-20,-1.9912674594790074
Luguentz Dort,SF,20,OKC,36,28,22.8,2.4,6.1,0.394,0.8,2.8,0.297,1.6,3.3,0.479,0.463,1.2,1.5,0.792,0.7,1.6,2.3,0.8,0.9,0.1,0.6,2.7,6.8,2019-20,-1.5483158132142039
Terrance Ferguson,SF,21,OKC,56,38,22.4,1.4,3.9,0.355,0.9,3.0,0.292,0.5,0.9,0.558,0.466,0.3,0.4,0.75,0.4,0.9,1.3,0.9,0.5,0.3,0.6,2.8,3.9,2019-20,-3.350569843659035
Danilo Gallinari,PF,31,OKC,62,62,29.6,5.8,13.2,0.438,2.9,7.1,0.405,2.9,6.1,0.476,0.547,4.3,4.8,0.893,0.5,4.6,5.2,1.9,0.7,0.1,1.2,1.2,18.7,2019-20,5.03197373339486
Shai Gilgeous-Alexander,SG,21,OKC,70,70,34.7,6.8,14.5,0.471,1.2,3.6,0.347,5.6,10.9,0.512,0.514,4.1,5.1,0.807,0.7,5.2,5.9,3.3,1.1,0.7,1.9,1.7,19.0,2019-20,6.169860410316333
Devon Hall,PG,24,OKC,11,0,7.4,0.5,2.7,0.2,0.4,1.5,0.235,0.2,1.2,0.154,0.267,0.4,0.7,0.5,0.2,0.5,0.6,1.2,0.4,0.1,0.5,0.5,1.8,2019-20,-6.135923042110046
Kevin Hervey,PF,23,OKC,10,0,5.2,0.7,2.7,0.259,0.3,2.0,0.15,0.4,0.7,0.571,0.315,0.0,0.0,0.0,0.1,1.1,1.2,0.5,0.1,0.1,0.0,0.4,1.7,2019-20,-6.31191920107417
Mike Muscala,C,28,OKC,47,2,12.2,1.6,4.0,0.407,1.1,3.0,0.378,0.5,1.0,0.5,0.55,0.4,0.5,0.818,0.3,2.0,2.3,0.9,0.2,0.3,0.4,1.2,4.8,2019-20,-2.759715789469535
Abdel Nader,SF,26,OKC,55,6,15.8,2.2,4.8,0.468,0.9,2.3,0.375,1.4,2.5,0.556,0.559,0.9,1.2,0.773,0.3,1.6,1.8,0.7,0.4,0.4,0.8,1.4,6.3,2019-20,-2.4212886798780726
Nerlens Noel,C,25,OKC,61,7,18.5,3.0,4.4,0.684,0.0,0.0,0.333,3.0,4.4,0.688,0.686,1.3,1.7,0.755,1.5,3.4,4.9,0.9,1.0,1.5,1.1,2.7,7.4,2019-20,3.4506315100378635
Justin Patton,C,22,OKC,5,0,4.8,0.8,2.0,0.4,0.2,0.8,0.25,0.6,1.2,0.5,0.45,0.0,0.0,0.0,0.2,0.8,1.0,0.4,0.0,0.0,0.4,0.8,1.8,2019-20,-7.039877740312413
Chris Paul,PG,34,OKC,70,70,31.5,6.2,12.7,0.489,1.6,4.3,0.365,4.6,8.3,0.554,0.552,3.6,4.0,0.907,0.4,4.6,5.0,6.7,1.6,0.2,2.3,2.3,17.6,2019-20,7.580346762191429
Andre Roberson,SF,28,OKC,7,0,12.4,1.1,4.1,0.276,0.4,2.0,0.214,0.7,2.1,0.333,0.328,0.1,0.3,0.5,1.0,2.9,3.9,0.6,0.1,0.4,0.3,1.9,2.9,2019-20,-4.018225296070515
Isaiah Roby,PF,21,OKC,3,0,3.7,0.0,0.3,0.0,0.0,0.0,0.0,0.0,0.3,0.0,0.0,0.0,0.0,0.0,0.0,0.7,0.7,0.0,0.0,0.0,0.3,0.3,0.0,2019-20,-10.133431598654465
Dennis Schröder,PG,26,OKC,65,2,30.8,7.0,14.8,0.469,1.9,5.0,0.385,5.0,9.8,0.513,0.534,3.0,3.6,0.839,0.3,3.3,3.6,4.0,0.7,0.2,2.6,2.2,18.9,2019-20,3.0641118348257073
Al-Farouq Aminu,PF,29,ORL,18,2,21.1,1.4,4.8,0.291,0.5,2.0,0.25,0.9,2.8,0.32,0.343,1.1,1.6,0.655,1.3,3.5,4.8,1.2,1.0,0.4,0.9,1.5,4.3,2019-20,-0.9920447248164793
D.J. Augustin,PG,32,ORL,57,13,24.9,3.2,8.1,0.399,1.2,3.5,0.348,2.0,4.6,0.438,0.475,2.8,3.2,0.89,0.4,1.8,2.1,4.6,0.6,0.0,1.5,1.3,10.5,2019-20,-0.11238080997007394
Mo Bamba,C,21,ORL,62,0,14.2,2.1,4.6,0.462,0.6,1.7,0.346,1.5,2.9,0.531,0.526,0.5,0.7,0.674,1.6,3.3,4.9,0.7,0.4,1.4,0.7,1.9,5.4,2019-20,1.242626462558865
Khem Birch,C,27,ORL,48,24,19.2,1.5,3.0,0.51,0.0,0.0,0.0,1.5,3.0,0.514,0.51,1.4,2.1,0.653,1.9,2.7,4.6,1.0,0.4,0.5,0.6,1.9,4.4,2019-20,-1.935523145534655
Michael Carter-Williams,SG,28,ORL,45,0,18.5,2.5,5.8,0.427,0.5,1.7,0.293,2.0,4.1,0.481,0.469,1.8,2.1,0.832,1.0,2.2,3.3,2.4,1.1,0.5,1.2,1.9,7.2,2019-20,0.565249985254094
Evan Fournier,SF,27,ORL,66,66,31.5,6.6,14.1,0.467,2.6,6.6,0.399,4.0,7.5,0.527,0.56,2.7,3.3,0.818,0.3,2.3,2.6,3.2,1.1,0.2,1.9,2.4,18.5,2019-20,4.939615915642797
Melvin Frazier,SG,23,ORL,19,0,6.6,0.8,1.8,0.441,0.4,0.8,0.5,0.4,0.9,0.389,0.559,0.1,0.2,0.5,0.1,0.4,0.5,0.2,0.5,0.1,0.3,0.6,2.1,2019-20,-5.08111953202058
Markelle Fultz,PG,21,ORL,72,60,27.7,5.0,10.7,0.465,0.5,1.9,0.267,4.5,8.8,0.507,0.488,1.6,2.2,0.73,0.6,2.7,3.3,5.1,1.3,0.2,2.0,2.0,12.1,2019-20,2.573414845761693
Aaron Gordon,PF,24,ORL,62,62,32.5,5.4,12.4,0.437,1.2,3.8,0.308,4.2,8.5,0.494,0.484,2.4,3.6,0.674,1.7,5.9,7.7,3.7,0.8,0.6,1.6,2.0,14.4,2019-20,5.305372198039064
Jonathan Isaac,PF,22,ORL,34,32,28.8,4.6,9.8,0.47,0.9,2.8,0.34,3.6,7.0,0.521,0.518,1.8,2.3,0.779,1.7,5.1,6.8,1.4,1.6,2.3,1.4,2.4,11.9,2019-20,9.607090183458443
Wesley Iwundu,SF,25,ORL,52,21,18.3,1.9,4.5,0.416,0.5,1.6,0.341,1.3,2.9,0.457,0.476,1.5,1.9,0.804,0.5,2.1,2.5,1.2,0.5,0.3,0.5,1.5,5.8,2019-20,-2.2870395543795996
Amile Jefferson,PF,26,ORL,18,0,4.1,0.3,0.8,0.357,0.0,0.0,0.0,0.3,0.8,0.357,0.357,0.3,0.8,0.357,0.6,0.7,1.3,0.2,0.1,0.2,0.2,0.4,0.8,2019-20,-6.735533947103464
B.J. Johnson,SF,24,ORL,10,0,8.3,0.9,3.2,0.281,0.3,0.9,0.333,0.6,2.3,0.261,0.328,0.9,1.0,0.9,0.3,1.2,1.5,0.3,0.3,0.0,0.6,0.3,3.0,2019-20,-6.437525248085215
Vic Law,PF,24,ORL,8,0,7.8,0.8,2.3,0.333,0.1,0.9,0.143,0.6,1.4,0.455,0.361,0.3,0.8,0.333,0.3,1.1,1.4,0.4,0.3,0.0,0.3,0.8,1.9,2019-20,-6.305909755164319
Josh Magette,PG,30,ORL,8,0,4.8,0.6,1.9,0.333,0.1,0.5,0.25,0.5,1.4,0.364,0.367,0.1,0.3,0.5,0.1,0.6,0.8,0.6,0.4,0.1,0.6,0.5,1.5,2019-20,-6.426217191597654
Terrence Ross,SG,28,ORL,69,0,27.4,4.9,12.3,0.403,2.6,7.3,0.351,2.4,5.0,0.48,0.508,2.3,2.7,0.853,0.2,3.0,3.2,1.2,1.1,0.3,1.0,1.6,14.7,2019-20,4.227604277265607
Nikola Vučević,C,29,ORL,62,62,32.2,8.0,16.7,0.477,1.6,4.7,0.339,6.4,12.0,0.531,0.525,2.1,2.7,0.784,2.3,8.6,10.9,3.6,0.9,0.8,1.4,2.2,19.6,2019-20,9.953358680612165
Joel Embiid,C,25,PHI,51,51,29.5,7.5,15.7,0.477,1.1,3.4,0.331,6.4,12.3,0.517,0.512,6.9,8.5,0.807,2.8,8.9,11.6,3.0,0.9,1.3,3.1,3.4,23.0,2019-20,8.745394145345822
Tobias Harris,PF,27,PHI,72,72,34.3,7.7,16.3,0.471,1.8,5.0,0.367,5.9,11.3,0.517,0.527,2.4,3.0,0.806,1.0,5.9,6.9,3.2,0.7,0.6,1.4,2.3,19.6,2019-20,6.964640291723026
Al Horford,C,33,PHI,67,61,30.2,4.8,10.6,0.45,1.5,4.2,0.35,3.3,6.4,0.516,0.52,0.9,1.2,0.763,1.5,5.3,6.8,4.0,0.8,0.9,1.2,2.1,11.9,2019-20,6.2657669450655336
Furkan Korkmaz,SG,22,PHI,72,12,21.7,3.4,7.8,0.43,2.0,4.9,0.402,1.4,2.9,0.478,0.557,1.1,1.4,0.755,0.3,2.1,2.3,1.1,0.6,0.2,0.8,1.4,9.8,2019-20,0.3062400312632267
Shake Milton,SG,23,PHI,40,24,20.1,3.4,6.9,0.484,1.5,3.4,0.43,1.9,3.6,0.535,0.588,1.3,1.6,0.785,0.4,1.8,2.2,2.6,0.5,0.2,1.2,2.3,9.4,2019-20,-0.16936675222621306
Raul Neto,PG,27,PHI,54,3,12.4,1.9,4.1,0.455,0.6,1.6,0.386,1.2,2.5,0.5,0.532,0.7,0.9,0.83,0.2,0.9,1.1,1.8,0.4,0.1,0.9,0.9,5.1,2019-20,-3.750664824439317
Kyle O'Quinn,C,29,PHI,29,2,10.8,1.4,2.9,0.494,0.2,0.9,0.259,1.2,2.0,0.603,0.535,0.4,0.7,0.55,1.2,2.8,4.0,1.8,0.2,0.8,0.7,1.3,3.5,2019-20,-1.5619983923645937
Norvel Pelle,C,26,PHI,24,0,9.7,1.0,2.0,0.521,0.0,0.0,0.0,1.0,2.0,0.532,0.521,0.3,0.6,0.5,0.8,2.2,3.0,0.3,0.1,1.3,0.8,2.3,2.4,2019-20,-2.451015354686036
Josh Richardson,SG,26,PHI,55,53,30.8,5.1,11.7,0.43,1.5,4.5,0.341,3.5,7.2,0.486,0.496,2.1,2.6,0.809,0.7,2.4,3.2,2.9,0.9,0.7,1.9,2.5,13.7,2019-20,3.05009440695488
Mike Scott,PF,31,PHI,68,11,17.8,2.2,5.1,0.426,1.2,3.2,0.369,1.0,2.0,0.519,0.54,0.4,0.5,0.811,1.0,2.7,3.6,0.8,0.3,0.1,0.4,1.4,6.0,2019-20,-1.9288508722725253
Marial Shayok,SG,24,PHI,4,0,7.0,0.8,3.0,0.25,0.5,1.5,0.333,0.3,1.5,0.167,0.333,0.8,1.0,0.75,0.3,1.5,1.8,0.3,0.0,0.3,0.8,1.0,2.8,2019-20,-6.548861474693044
Ben Simmons,PG,23,PHI,57,57,35.4,6.6,11.4,0.58,0.0,0.1,0.286,6.5,11.2,0.583,0.581,3.2,5.2,0.621,2.0,5.8,7.8,8.0,2.1,0.6,3.5,3.3,16.4,2019-20,8.51369437623401
Zhaire Smith,SF,20,PHI,7,0,4.6,0.4,1.6,0.273,0.0,0.4,0.0,0.4,1.1,0.375,0.273,0.3,0.6,0.5,0.0,0.3,0.3,0.3,0.4,0.0,0.3,0.6,1.1,2019-20,-7.253514581830366
Matisse Thybulle,SG,22,PHI,65,14,19.8,1.7,4.1,0.423,0.9,2.4,0.357,0.9,1.7,0.519,0.528,0.4,0.6,0.61,0.7,1.0,1.6,1.2,1.4,0.7,0.8,2.2,4.7,2019-20,0.827405153264821
Deandre Ayton,C,21,PHO,38,32,32.5,8.2,14.9,0.546,0.1,0.3,0.231,8.1,14.6,0.553,0.548,1.8,2.3,0.753,3.9,7.6,11.5,1.9,0.7,1.5,2.1,3.1,18.2,2019-20,7.443830550156542
Aron Baynes,C,33,PHO,42,28,22.2,4.4,9.1,0.48,1.4,4.0,0.351,3.0,5.1,0.582,0.558,1.3,1.8,0.747,1.7,4.0,5.6,1.6,0.2,0.5,1.2,3.4,11.5,2019-20,1.1918449280591317
Devin Booker,SG,23,PHO,70,70,35.9,9.0,18.3,0.489,2.0,5.7,0.354,6.9,12.6,0.549,0.544,6.7,7.3,0.919,0.4,3.8,4.2,6.5,0.7,0.3,3.8,3.0,26.6,2019-20,5.5705765633242805
Mikal Bridges,SF,23,PHO,73,32,28.0,3.4,6.6,0.51,1.0,2.7,0.361,2.4,4.0,0.61,0.583,1.4,1.7,0.844,0.9,3.1,4.0,1.8,1.4,0.6,1.0,2.2,9.1,2019-20,3.4035779745652293
Jevon Carter,PG,24,PHO,58,2,16.3,1.7,4.2,0.416,1.1,2.5,0.425,0.7,1.7,0.402,0.543,0.4,0.5,0.852,0.5,1.5,2.0,1.4,0.8,0.3,0.6,1.5,4.9,2019-20,-1.0845460646590819
Cheick Diallo,C,23,PHO,47,2,10.2,2.0,3.0,0.648,0.0,0.1,0.333,1.9,3.0,0.655,0.651,0.7,0.8,0.872,0.6,2.1,2.8,0.5,0.2,0.3,0.7,1.2,4.7,2019-20,-3.5516450754908235
Jared Harper,PG,22,PHO,3,0,2.7,0.3,1.3,0.25,0.0,0.7,0.0,0.3,0.7,0.5,0.25,0.0,0.0,0.0,0.0,0.0,0.0,0.0,0.0,0.0,0.0,0.0,0.7,2019-20,-8.513373957142694
Ty Jerome,SG,22,PHO,31,0,10.6,1.2,3.6,0.336,0.5,1.6,0.28,0.8,2.0,0.381,0.398,0.4,0.5,0.75,0.2,1.3,1.5,1.4,0.5,0.1,0.6,0.9,3.3,2019-20,-4.254884578368579
Cameron Johnson,PF,23,PHO,57,9,22.0,3.1,7.1,0.435,1.9,4.8,0.39,1.2,2.3,0.526,0.565,0.8,1.0,0.807,0.9,2.4,3.3,1.2,0.6,0.4,0.6,1.5,8.8,2019-20,1.277996973174389
Frank Kaminsky,C,26,PHO,39,13,19.9,3.5,7.9,0.45,1.1,3.2,0.331,2.5,4.7,0.53,0.516,1.6,2.3,0.678,0.9,3.6,4.5,1.9,0.4,0.3,0.9,1.9,9.7,2019-20,0.2981253234240527
Jalen Lecque,SG,19,PHO,5,0,6.4,0.8,2.0,0.4,0.0,0.8,0.0,0.8,1.2,0.667,0.4,0.4,0.4,1.0,0.0,0.4,0.4,0.4,0.0,0.0,0.4,0.6,2.0,2019-20,-7.541227960419725
Elie Okobo,PG,22,PHO,55,3,13.1,1.3,3.3,0.398,0.5,1.3,0.352,0.9,2.0,0.427,0.467,0.9,1.3,0.704,0.3,1.3,1.6,2.1,0.4,0.1,0.7,1.0,4.0,2019-20,-3.7722785600555873
Kelly Oubre,SF,24,PHO,56,55,34.5,6.7,14.8,0.452,1.9,5.5,0.352,4.7,9.3,0.511,0.517,3.4,4.4,0.78,1.2,5.3,6.4,1.5,1.3,0.7,1.5,3.4,18.7,2019-20,7.164921023954021
Tariq Owens,PF,24,PHO,3,0,5.0,0.3,1.7,0.2,0.0,0.7,0.0,0.3,1.0,0.333,0.2,0.7,0.7,1.0,0.7,0.3,1.0,0.0,0.3,0.0,0.0,0.3,1.3,2019-20,-7.324536527711073
Cameron Payne,SG,25,PHO,8,0,22.9,4.1,8.5,0.485,1.9,3.6,0.517,2.3,4.9,0.462,0.596,0.8,0.9,0.857,0.5,3.4,3.9,3.0,1.0,0.3,1.4,2.5,10.9,2019-20,3.2429135813760803
Ricky Rubio,PG,29,PHO,65,65,31.0,4.4,10.6,0.415,1.2,3.3,0.361,3.2,7.3,0.439,0.471,3.0,3.5,0.863,0.7,4.0,4.7,8.8,1.4,0.2,2.7,2.6,13.0,2019-20,5.708728857188372
Dario Šarić,PF,25,PHO,66,51,24.7,3.9,8.2,0.476,1.3,3.6,0.357,2.6,4.6,0.568,0.554,1.6,1.9,0.844,1.5,4.6,6.2,1.9,0.6,0.2,1.3,2.4,10.7,2019-20,1.4176508566300907
Carmelo Anthony,PF,35,POR,58,58,32.8,5.8,13.5,0.43,1.5,3.9,0.385,4.3,9.6,0.448,0.485,2.3,2.8,0.845,1.2,5.1,6.3,1.5,0.8,0.5,1.7,2.9,15.4,2019-20,3.5224329992616896
Moses Brown,C,20,POR,9,0,3.7,0.4,1.1,0.4,0.0,0.0,0.0,0.4,1.1,0.4,0.4,0.3,0.9,0.375,0.3,1.2,1.6,0.1,0.1,0.1,0.3,0.8,1.2,2019-20,-6.746404840838382
Zach Collins,PF,22,POR,11,11,26.4,2.9,6.2,0.471,0.6,1.7,0.368,2.3,4.5,0.51,0.522,0.5,0.7,0.75,2.3,4.0,6.3,1.5,0.5,0.5,1.3,3.3,7.0,2019-20,-0.09400124508640628
Mario Hezonja,PF,24,POR,53,4,16.4,1.7,4.1,0.422,0.5,1.5,0.308,1.3,2.6,0.486,0.477,0.9,1.1,0.814,0.6,2.9,3.5,0.9,0.7,0.2,0.8,2.0,4.8,2019-20,-2.3427747158443477
Jaylen Hoard,PF,20,POR,13,0,7.9,1.2,2.5,0.469,0.0,0.2,0.0,1.2,2.2,0.517,0.469,0.6,1.0,0.615,1.1,1.4,2.5,0.3,0.4,0.0,0.3,0.9,2.9,2019-20,-4.824354936000076
Rodney Hood,SF,27,POR,21,21,29.5,4.1,8.2,0.506,1.7,3.4,0.493,2.5,4.8,0.515,0.608,1.0,1.3,0.778,0.5,3.0,3.4,1.5,0.8,0.2,0.9,2.2,11.0,2019-20,1.7359213204685524
Skal Labissière,C,23,POR,33,1,17.2,2.5,4.5,0.551,0.1,0.4,0.231,2.4,4.1,0.582,0.561,0.8,1.0,0.758,2.0,3.2,5.1,1.3,0.2,0.9,0.9,2.7,5.8,2019-20,-0.6275962805972902
Damian Lillard,PG,29,POR,66,66,37.5,9.5,20.4,0.463,4.1,10.2,0.401,5.4,10.2,0.524,0.563,7.0,7.8,0.888,0.5,3.8,4.3,8.0,1.1,0.3,2.9,1.7,30.0,2019-20,12.418297969074125
Nassir Little,PF,19,POR,48,5,11.9,1.4,3.1,0.43,0.3,1.2,0.237,1.1,1.9,0.554,0.477,0.6,0.9,0.636,0.6,1.6,2.3,0.5,0.3,0.3,0.3,1.5,3.6,2019-20,-3.856756641835103
CJ McCollum,SG,28,POR,70,70,36.5,8.7,19.4,0.451,2.8,7.3,0.379,6.0,12.1,0.494,0.522,2.0,2.6,0.757,0.7,3.6,4.2,4.4,0.8,0.6,1.8,2.6,22.2,2019-20,8.28377116190293
Jusuf Nurkić,C,25,POR,8,8,31.6,6.8,13.6,0.495,0.3,1.3,0.2,6.5,12.4,0.525,0.505,3.9,4.4,0.886,2.9,7.4,10.3,4.0,1.4,2.0,2.4,4.9,17.6,2019-20,10.896667898250874
Anfernee Simons,SG,20,POR,70,4,20.7,3.1,7.7,0.399,1.1,3.2,0.332,2.0,4.4,0.448,0.469,1.1,1.3,0.826,0.4,1.8,2.2,1.4,0.4,0.1,0.9,1.9,8.3,2019-20,-2.1434908839259244
Gary Trent,SF,21,POR,61,8,21.8,3.2,7.2,0.444,1.8,4.4,0.418,1.4,2.8,0.486,0.571,0.6,0.7,0.822,0.4,1.2,1.6,1.0,0.8,0.3,0.3,1.5,8.9,2019-20,1.0199428619802755
Hassan Whiteside,C,30,POR,67,61,30.0,6.5,10.5,0.621,0.1,0.1,0.571,6.4,10.4,0.622,0.624,2.4,3.6,0.686,3.9,9.7,13.5,1.2,0.4,2.9,1.8,2.9,15.5,2019-20,10.688295645376957
Marvin Bagley III,C,20,SAC,13,6,25.7,6.0,12.8,0.467,0.3,1.7,0.182,5.7,11.2,0.51,0.479,1.9,2.4,0.806,2.2,5.2,7.5,0.8,0.5,0.9,1.4,3.3,14.2,2019-20,2.592053499001065
Harrison Barnes,PF,27,SAC,72,72,34.5,5.1,11.0,0.46,1.4,3.7,0.381,3.7,7.3,0.501,0.525,3.0,3.7,0.801,1.1,3.9,4.9,2.2,0.6,0.2,1.2,1.3,14.5,2019-20,2.208423442383378
Nemanja Bjelica,PF,31,SAC,72,67,27.9,4.4,9.1,0.481,1.9,4.4,0.419,2.5,4.6,0.541,0.583,1.0,1.2,0.821,1.5,4.8,6.4,2.8,0.9,0.6,1.4,3.0,11.5,2019-20,4.944846251335882
Bogdan Bogdanović,SG,27,SAC,61,28,29.0,5.5,12.6,0.44,2.7,7.2,0.372,2.8,5.3,0.532,0.547,1.4,1.9,0.741,0.4,3.0,3.4,3.4,1.0,0.2,1.7,2.2,15.1,2019-20,4.6404426256261475
Corey Brewer,PF,33,SAC,5,0,6.6,0.4,0.8,0.5,0.0,0.2,0.0,0.4,0.6,0.667,0.5,0.2,0.6,0.333,0.4,1.2,1.6,0.4,0.8,0.0,0.4,1.4,1.0,2019-20,-4.563722870323853
Yogi Ferrell,PG,26,SAC,50,0,10.6,1.6,3.8,0.42,0.5,1.6,0.304,1.1,2.2,0.505,0.484,0.7,0.8,0.857,0.1,0.9,1.0,1.4,0.4,0.1,0.6,0.8,4.4,2019-20,-4.111789647930469
De'Aaron Fox,PG,22,SAC,51,49,32.0,7.7,16.0,0.48,1.1,3.6,0.292,6.6,12.4,0.535,0.513,4.7,6.7,0.705,0.7,3.2,3.8,6.8,1.5,0.5,3.1,2.8,21.1,2019-20,6.844017000070645
Harry Giles,C,21,SAC,46,17,14.5,3.0,5.5,0.554,0.0,0.0,0.0,3.0,5.4,0.558,0.554,0.8,1.1,0.776,0.9,3.2,4.1,1.3,0.5,0.4,1.0,2.6,6.9,2019-20,-1.5491146175227033
Kyle Guy,SG,22,SAC,3,0,3.3,0.7,1.7,0.4,0.0,1.0,0.0,0.7,0.7,1.0,0.4,0.0,0.0,0.0,0.0,0.3,0.3,0.3,0.0,0.0,0.0,0.3,1.3,2019-20,-7.261585731299524
Buddy Hield,SG,27,SAC,72,44,30.8,6.9,16.1,0.429,3.8,9.6,0.394,3.2,6.6,0.479,0.545,1.6,1.9,0.846,0.8,3.8,4.6,3.0,0.9,0.2,2.3,2.3,19.2,2019-20,6.3634582095278684
Richaun Holmes,C,26,SAC,44,38,28.2,5.1,7.8,0.648,0.0,0.0,0.0,5.1,7.8,0.648,0.648,2.1,2.7,0.788,2.9,5.3,8.1,1.0,0.9,1.3,1.2,3.8,12.3,2019-20,5.084516052475583
Justin James,SF,23,SAC,36,0,6.4,1.0,2.3,0.417,0.3,0.8,0.31,0.7,1.5,0.473,0.47,0.3,0.6,0.476,0.2,0.7,0.9,0.5,0.2,0.3,0.2,0.5,2.5,2019-20,-4.989921083172655
DaQuan Jeffries,SG,22,SAC,13,0,10.8,1.5,3.1,0.5,0.4,1.4,0.278,1.2,1.7,0.682,0.563,0.4,0.5,0.833,0.2,1.2,1.4,0.5,0.3,0.1,0.2,1.5,3.8,2019-20,-4.146836985252206
Cory Joseph,PG,28,SAC,72,26,24.4,2.4,5.7,0.415,0.8,2.2,0.352,1.6,3.5,0.455,0.483,0.8,1.0,0.857,0.6,2.0,2.6,3.5,0.7,0.3,1.1,1.8,6.4,2019-20,-0.39556171894872766
Eric Mika,C,25,SAC,1,0,19.0,2.0,3.0,0.667,0.0,0.0,0.0,2.0,3.0,0.667,0.667,2.0,2.0,1.0,2.0,5.0,7.0,0.0,0.0,0.0,0.0,5.0,6.0,2019-20,-2.0591274792644856
LaMarcus Aldridge,C,34,SAS,53,53,33.1,7.4,15.0,0.493,1.2,3.0,0.389,6.2,12.0,0.519,0.532,3.0,3.6,0.827,1.9,5.5,7.4,2.4,0.7,1.6,1.4,2.4,18.9,2019-20,8.45389581329891
Marco Belinelli,SG,33,SAS,57,0,15.5,2.2,5.5,0.392,1.2,3.1,0.376,1.0,2.4,0.412,0.498,0.8,1.0,0.828,0.1,1.6,1.7,1.2,0.2,0.0,0.3,0.8,6.3,2019-20,-3.0253842255096135
DeMar DeRozan,SF,30,SAS,68,68,34.1,8.2,15.4,0.531,0.1,0.5,0.257,8.1,14.9,0.54,0.535,5.6,6.6,0.845,0.6,4.9,5.5,5.6,1.0,0.3,2.4,2.6,22.1,2019-20,4.907463740436132
Drew Eubanks,C,22,SAS,22,3,12.4,2.0,3.0,0.642,0.0,0.0,1.0,1.9,3.0,0.636,0.649,0.9,1.2,0.769,1.3,2.6,3.9,0.7,0.2,0.8,1.0,1.7,4.9,2019-20,-1.9658434801654796
Bryn Forbes,SG,26,SAS,63,62,25.1,3.8,9.2,0.417,2.3,6.0,0.388,1.5,3.2,0.47,0.544,1.2,1.4,0.833,0.2,1.8,2.0,1.7,0.5,0.0,0.9,1.8,11.2,2019-20,0.33309597968703686
Rudy Gay,PF,33,SAS,67,5,21.8,4.0,8.9,0.446,1.1,3.3,0.336,2.9,5.6,0.511,0.508,1.8,2.0,0.882,0.9,4.5,5.4,1.7,0.5,0.5,1.3,1.5,10.8,2019-20,1.1483732970948637
Keldon Johnson,SF,20,SAS,17,1,17.7,3.1,5.2,0.596,0.8,1.3,0.591,2.4,3.9,0.597,0.669,2.1,2.6,0.795,0.6,2.8,3.4,0.9,0.8,0.1,0.8,1.6,9.1,2019-20,-0.20130192948381548
Trey Lyles,PF,24,SAS,63,53,20.2,2.4,5.4,0.446,1.0,2.7,0.387,1.4,2.8,0.503,0.541,0.5,0.7,0.733,1.1,4.6,5.7,1.1,0.4,0.4,0.6,1.6,6.4,2019-20,-0.015429241118630754
Chimezie Metu,C,22,SAS,18,0,5.8,1.3,2.3,0.571,0.0,0.1,0.0,1.3,2.2,0.6,0.571,0.6,0.7,0.769,0.7,1.2,1.8,0.6,0.2,0.3,0.6,0.4,3.2,2019-20,-4.547560217831694
Patty Mills,PG,31,SAS,66,1,22.5,3.9,9.1,0.431,2.3,6.1,0.382,1.6,3.0,0.533,0.56,1.5,1.7,0.866,0.3,1.3,1.6,1.8,0.8,0.1,0.8,1.6,11.6,2019-20,1.5955617233724875
Dejounte Murray,PG,23,SAS,66,58,25.6,4.5,9.7,0.462,0.6,1.7,0.369,3.8,8.0,0.481,0.494,1.4,1.7,0.798,1.0,4.8,5.8,4.1,1.7,0.3,1.9,2.2,10.9,2019-20,4.384202410757773
Jakob Poeltl,C,24,SAS,66,18,17.7,2.5,4.0,0.624,0.0,0.0,0.0,2.5,4.0,0.624,0.624,0.6,1.3,0.465,2.0,3.7,5.7,1.8,0.6,1.4,0.8,1.9,5.6,2019-20,2.7338666868574104
Luka Šamanić,PF,20,SAS,3,1,16.0,1.7,5.3,0.313,1.0,2.7,0.375,0.7,2.7,0.25,0.406,1.0,1.3,0.75,0.3,3.0,3.3,2.0,0.0,0.7,0.7,2.0,5.3,2019-20,-1.8549382032859634
Lonnie Walker,SG,21,SAS,61,12,16.2,2.5,5.9,0.426,0.7,1.7,0.406,1.8,4.2,0.434,0.483,0.7,1.0,0.721,0.4,1.9,2.3,1.1,0.5,0.2,0.7,1.3,6.4,2019-20,-2.4014274324002023
Quinndary Weatherspoon,SG,23,SAS,11,0,7.1,0.5,1.5,0.294,0.1,0.5,0.2,0.4,1.1,0.333,0.324,0.1,0.2,0.5,0.1,0.5,0.6,1.0,0.3,0.1,0.5,0.7,1.1,2019-20,-6.722456631743586
Derrick White,SG,25,SAS,68,20,24.7,3.7,8.1,0.458,1.2,3.2,0.366,2.6,4.9,0.518,0.53,2.6,3.1,0.853,0.5,2.8,3.3,3.5,0.6,0.9,1.3,2.2,11.3,2019-20,2.9057571485488802
Tyler Zeller,C,30,SAS,2,0,2.0,0.5,2.0,0.25,0.0,0.0,0.0,0.5,2.0,0.25,0.25,0.0,0.0,0.0,1.5,0.5,2.0,0.0,0.0,0.0,0.0,0.0,1.0,2019-20,-7.470713140713363
OG Anunoby,SF,22,TOR,69,68,29.9,4.1,8.2,0.505,1.3,3.3,0.39,2.9,4.9,0.583,0.584,1.0,1.5,0.706,1.2,4.1,5.3,1.6,1.4,0.7,1.1,2.4,10.6,2019-20,4.826513023877165
Chris Boucher,C,27,TOR,62,0,13.2,2.3,4.8,0.472,0.6,1.9,0.322,1.7,2.9,0.569,0.535,1.5,1.9,0.784,1.7,2.7,4.5,0.4,0.4,1.0,0.5,1.8,6.6,2019-20,0.337916913450763
Oshae Brissett,SF,21,TOR,19,0,7.1,0.7,1.9,0.361,0.2,0.8,0.2,0.5,1.1,0.476,0.403,0.4,0.5,0.8,0.5,0.9,1.4,0.4,0.2,0.1,0.4,0.9,1.9,2019-20,-6.220528752925972
Terence Davis,SG,22,TOR,72,4,16.8,2.8,6.1,0.456,1.3,3.4,0.388,1.5,2.7,0.541,0.564,0.7,0.8,0.864,0.7,2.6,3.3,1.6,0.5,0.2,1.1,1.7,7.5,2019-20,-1.0107347639417976
Marc Gasol,C,35,TOR,44,43,26.4,2.7,6.3,0.427,1.3,3.4,0.385,1.4,3.0,0.473,0.529,0.8,1.1,0.735,0.7,5.5,6.3,3.3,0.8,0.9,1.3,2.8,7.5,2019-20,3.7873377087217968
Dewan Hernandez,C,23,TOR,6,0,4.7,0.8,2.3,0.357,0.2,0.3,0.5,0.7,2.0,0.333,0.393,0.5,0.8,0.6,0.8,1.5,2.3,0.5,0.2,0.0,0.5,1.0,2.3,2019-20,-6.061287002049092
Rondae Hollis-Jefferson,PF,25,TOR,60,6,18.7,2.6,5.5,0.471,0.1,0.4,0.13,2.5,5.1,0.497,0.476,1.8,2.4,0.734,1.8,2.9,4.7,1.8,0.8,0.4,1.0,1.9,7.0,2019-20,-0.395145247964
Serge Ibaka,C,30,TOR,55,27,27.0,6.2,12.2,0.512,1.3,3.3,0.385,5.0,8.9,0.559,0.564,1.6,2.3,0.718,2.1,6.1,8.2,1.4,0.5,0.8,2.0,2.8,15.4,2019-20,3.892861529511255
Stanley Johnson,PF,23,TOR,25,0,6.0,0.9,2.4,0.373,0.3,1.0,0.292,0.6,1.4,0.429,0.432,0.4,0.6,0.563,0.3,1.2,1.5,0.8,0.2,0.2,0.6,0.6,2.4,2019-20,-5.5791948209591675
Kyle Lowry,PG,33,TOR,58,58,36.2,5.8,13.8,0.416,2.8,8.0,0.352,2.9,5.8,0.504,0.518,5.1,5.9,0.857,0.6,4.5,5.0,7.5,1.4,0.4,3.1,3.3,19.4,2019-20,8.642330501161839
Patrick McCaw,SF,24,TOR,37,12,24.5,1.8,4.4,0.414,0.6,1.9,0.324,1.2,2.5,0.484,0.485,0.4,0.5,0.722,0.5,1.8,2.3,2.1,1.1,0.1,0.8,1.6,4.6,2019-20,-1.183459727724848
Malcolm Miller,SF,26,TOR,28,1,5.8,0.4,1.0,0.414,0.3,0.8,0.364,0.1,0.3,0.571,0.552,0.1,0.3,0.375,0.1,0.5,0.6,0.4,0.2,0.1,0.1,0.6,1.3,2019-20,-5.979983745057937
Shamorie Ponds,PG,21,TOR,4,0,2.8,0.8,1.3,0.6,0.3,0.5,0.5,0.5,0.8,0.667,0.7,0.5,0.5,1.0,0.0,0.3,0.3,0.5,0.0,0.3,0.0,0.5,2.3,2019-20,-4.7604038555597405
Norman Powell,SG,26,TOR,52,26,28.4,5.7,11.5,0.495,2.1,5.3,0.399,3.6,6.3,0.575,0.586,2.5,2.9,0.843,0.5,3.2,3.7,1.8,1.2,0.4,1.5,2.1,16.0,2019-20,4.6520360907612
Pascal Siakam,PF,25,TOR,60,60,35.2,8.3,18.4,0.453,2.2,6.1,0.359,6.2,12.3,0.499,0.512,4.0,5.1,0.792,1.1,6.3,7.3,3.5,1.0,0.9,2.5,2.8,22.9,2019-20,8.756778743997138
Matt Thomas,SG,25,TOR,41,1,10.7,1.8,3.7,0.487,1.1,2.4,0.475,0.6,1.2,0.51,0.643,0.2,0.3,0.75,0.2,1.3,1.5,0.5,0.2,0.0,0.4,0.9,4.9,2019-20,-3.8040359482309496
Fred VanVleet,SG,25,TOR,54,54,35.7,5.9,14.3,0.413,2.7,6.9,0.39,3.2,7.4,0.434,0.507,3.1,3.7,0.848,0.3,3.4,3.8,6.6,1.9,0.3,2.2,2.4,17.6,2019-20,9.474977816456418
Bojan Bogdanović,SF,30,UTA,63,63,33.1,6.6,14.8,0.447,3.0,7.3,0.414,3.6,7.6,0.479,0.548,4.0,4.4,0.903,0.6,3.5,4.1,2.1,0.5,0.1,2.5,1.7,20.2,2019-20,2.953166602702532
Tony Bradley,C,22,UTA,58,3,11.4,2.2,3.3,0.667,0.1,0.1,1.0,2.1,3.2,0.661,0.675,0.5,0.8,0.652,1.9,2.7,4.6,0.4,0.2,0.6,0.5,2.0,4.9,2019-20,-1.4052032560781575
Jarrell Brantley,PF,23,UTA,9,0,10.7,1.1,3.1,0.357,0.3,1.4,0.231,0.8,1.7,0.467,0.411,0.1,0.2,0.5,0.2,2.0,2.2,1.2,0.3,0.6,0.8,0.8,2.7,2019-20,-3.854536758642391
Mike Conley,PG,32,UTA,47,41,29.0,4.9,12.1,0.409,2.0,5.4,0.375,2.9,6.6,0.437,0.494,2.4,3.0,0.827,0.7,2.5,3.2,4.4,0.8,0.1,2.0,2.2,14.4,2019-20,2.6771064183444175
Ed Davis,C,30,UTA,28,1,10.8,0.8,1.6,0.478,0.0,0.0,0.0,0.8,1.6,0.478,0.478,0.3,0.5,0.5,1.3,2.5,3.8,0.4,0.4,0.3,0.5,2.2,1.8,2019-20,-3.8797590679971443
Rudy Gobert,C,27,UTA,68,68,34.3,5.7,8.2,0.693,0.0,0.0,0.0,5.7,8.2,0.693,0.693,3.7,5.9,0.63,3.4,10.1,13.5,1.5,0.8,2.0,1.9,3.2,15.1,2019-20,9.299073029601264
Joe Ingles,PF,32,UTA,72,45,29.7,3.4,7.7,0.445,2.0,4.9,0.399,1.5,2.8,0.525,0.572,1.0,1.3,0.787,0.4,3.5,3.9,5.2,0.9,0.2,2.0,2.1,9.8,2019-20,2.911510905683169
Stanton Kidd,SG,27,UTA,4,0,3.8,0.0,0.8,0.0,0.0,0.3,0.0,0.0,0.5,0.0,0.0,0.0,0.0,0.0,0.0,0.8,0.8,0.3,0.0,0.0,0.5,0.8,0.0,2019-20,-10.111335603367408
Donovan Mitchell,SG,23,UTA,69,69,34.3,8.7,19.4,0.449,2.5,6.9,0.366,6.2,12.6,0.494,0.513,4.0,4.7,0.863,0.8,3.6,4.4,4.3,1.0,0.2,2.7,2.5,24.0,2019-20,6.455409889191582
Juwan Morgan,PF,22,UTA,21,0,6.4,0.7,1.2,0.577,0.1,0.4,0.375,0.6,0.9,0.667,0.635,0.1,0.2,0.75,0.5,0.9,1.4,0.3,0.0,0.1,0.3,0.9,1.7,2019-20,-5.847000603873456
Emmanuel Mudiay,PG,23,UTA,54,2,15.7,2.8,6.1,0.462,0.6,1.6,0.345,2.2,4.4,0.504,0.508,1.2,1.5,0.759,0.3,2.0,2.3,2.1,0.4,0.2,1.4,1.3,7.3,2019-20,-2.7659184029329356
Georges Niang,PF,26,UTA,66,1,14.0,2.1,4.9,0.438,1.4,3.4,0.4,0.8,1.5,0.526,0.578,0.3,0.4,0.833,0.2,1.7,1.9,0.7,0.3,0.1,0.5,1.1,5.9,2019-20,-2.615703481093533
Royce O'Neale,SF,26,UTA,71,62,28.9,2.2,5.1,0.433,1.3,3.4,0.377,0.9,1.7,0.545,0.559,0.6,0.8,0.764,0.4,5.1,5.5,2.5,0.8,0.5,0.9,2.8,6.3,2019-20,2.0461186807029734
Miye Oni,SF,22,UTA,10,1,10.9,1.2,3.2,0.375,0.7,1.9,0.368,0.5,1.3,0.385,0.484,0.4,0.5,0.8,0.5,1.2,1.7,0.4,0.4,0.2,0.4,0.9,3.5,2019-20,-4.0825240524001725
Rayjon Tucker,SG,22,UTA,20,0,8.1,1.0,2.2,0.465,0.2,0.9,0.176,0.9,1.3,0.654,0.5,1.0,1.2,0.826,0.2,0.9,1.0,0.3,0.1,0.1,0.4,0.5,3.1,2019-20,-5.963702606319957
Nigel Williams-Goss,PG,25,UTA,10,0,5.0,0.5,1.6,0.313,0.2,0.7,0.286,0.3,0.9,0.333,0.375,0.2,0.2,1.0,0.2,0.4,0.6,0.6,0.3,0.1,0.3,0.6,1.4,2019-20,-6.409305892682793
Justin Wright-Foreman,PG,22,UTA,4,0,11.3,1.8,5.0,0.35,0.5,2.5,0.2,1.3,2.5,0.5,0.4,0.8,1.0,0.75,0.0,1.3,1.3,1.8,0.5,0.0,0.8,1.3,4.8,2019-20,-4.13498864736619
Bradley Beal,SG,26,WAS,57,57,36.0,10.4,22.9,0.455,3.0,8.4,0.353,7.4,14.4,0.515,0.52,6.8,8.0,0.842,0.9,3.3,4.2,6.1,1.2,0.4,3.4,2.2,30.5,2019-20,9.914649668977184
Isaac Bonga,SF,20,WAS,66,49,18.9,1.8,3.5,0.504,0.4,1.1,0.352,1.4,2.5,0.571,0.558,1.0,1.3,0.812,1.1,2.3,3.4,1.2,0.7,0.3,0.9,2.4,5.0,2019-20,-1.8067474704311741
Troy Brown,SF,20,WAS,69,22,25.8,4.0,9.0,0.439,0.9,2.6,0.341,3.1,6.4,0.479,0.488,1.6,2.0,0.784,1.1,4.4,5.6,2.6,1.2,0.1,1.1,1.9,10.4,2019-20,2.5940096836613065
Jerian Grant,SG,27,WAS,6,0,13.3,1.7,4.5,0.37,0.3,1.3,0.25,1.3,3.2,0.421,0.407,0.8,1.2,0.714,0.3,0.7,1.0,1.5,0.2,0.2,0.5,1.8,4.5,2019-20,-4.618414977219495
Rui Hachimura,PF,21,WAS,48,48,30.1,5.3,11.4,0.466,0.5,1.8,0.287,4.8,9.5,0.5,0.489,2.4,2.9,0.829,1.6,4.5,6.1,1.8,0.8,0.2,1.1,2.2,13.5,2019-20,1.9045188252141003
Ian Mahinmi,C,33,WAS,38,35,21.3,2.7,5.5,0.495,0.1,0.7,0.192,2.6,4.8,0.538,0.507,1.8,3.0,0.619,2.1,3.7,5.7,1.3,0.8,1.2,1.2,3.0,7.4,2019-20,1.8440234886904148
Garrison Mathews,SG,23,WAS,18,0,12.6,1.3,3.1,0.429,1.1,2.6,0.413,0.3,0.6,0.5,0.598,1.7,1.9,0.912,0.3,1.0,1.3,0.6,0.4,0.1,0.4,1.8,5.4,2019-20,-3.2790022810429944
C.J. Miles,SF,32,WAS,10,0,16.1,1.9,5.9,0.322,1.1,3.5,0.314,0.8,2.4,0.333,0.415,1.5,2.0,0.75,0.4,0.8,1.2,1.2,1.0,0.4,0.4,1.4,6.4,2019-20,-0.48606808190442474
Gary Payton II,SF,27,WAS,29,17,14.9,1.7,4.0,0.414,0.4,1.6,0.283,1.2,2.4,0.5,0.47,0.1,0.3,0.5,0.9,1.9,2.8,1.7,1.1,0.2,0.7,1.9,3.9,2019-20,-1.2375141718212834
Justin Robinson,PG,22,WAS,9,0,5.4,0.6,1.3,0.417,0.3,0.6,0.6,0.2,0.8,0.286,0.542,0.0,0.0,0.0,0.1,0.4,0.6,0.8,0.0,0.1,0.3,0.2,1.4,2019-20,-6.489328272275211
Admiral Schofield,PF,22,WAS,33,2,11.2,1.1,2.8,0.38,0.6,1.8,0.311,0.5,0.9,0.516,0.484,0.3,0.5,0.667,0.2,1.2,1.4,0.5,0.2,0.1,0.2,1.5,3.0,2019-20,-4.955405745392806
Ish Smith,PG,31,WAS,68,23,26.3,4.5,10.1,0.447,0.9,2.5,0.367,3.6,7.6,0.473,0.492,0.9,1.3,0.721,0.4,2.8,3.2,4.9,0.9,0.4,1.4,1.6,10.9,2019-20,2.803447448975793
Isaiah Thomas,PG,30,WAS,40,37,23.1,4.4,10.7,0.408,2.0,4.7,0.413,2.4,5.9,0.405,0.5,1.6,1.9,0.816,0.3,1.4,1.7,3.7,0.3,0.2,1.9,1.9,12.2,2019-20,0.002334630804502469
Moritz Wagner,C,22,WAS,45,5,18.6,3.2,5.9,0.545,0.6,1.8,0.313,2.7,4.1,0.645,0.592,1.7,2.1,0.821,1.2,3.6,4.9,1.2,0.6,0.4,1.5,3.4,8.7,2019-20,-0.5428750028765876
Johnathan Williams,PF,24,WAS,15,6,12.0,1.3,2.3,0.559,0.0,0.1,0.0,1.3,2.1,0.594,0.559,0.5,0.9,0.538,1.6,2.7,4.3,0.5,0.1,0.5,0.3,1.1,3.0,2019-20,-2.8971938244517705
Alec Burks,SF,28,GSW,66,19,26.6,4.881818181818182,11.627272727272729,0.4198592650508209,1.8,4.590909090909091,0.3920792079207921,3.0818181818181816,7.109090909090909,0.4335038363171355,0.4972634870992963,3.5727272727272728,4.045454545454546,0.8831460674157302,0.7454545454545455,3.518181818181818,4.263636363636364,2.827272727272728,0.9181818181818182,0.2909090909090909,1.381818181818182,1.9272727272727272,15.036363636363635,2019-20,3.701362825031615
Alex Len,C,26,ATL,55,12,17.61818181818182,3.245454545454545,5.790909090909091,0.5604395604395603,0.3181818181818182,1.0727272727272723,0.2966101694915255,2.927272727272728,4.718181818181818,0.6204238921001928,0.5879120879120878,1.2454545454545456,1.8909090909090909,0.6586538461538463,1.809090909090909,4.0,5.881818181818181,0.9363636363636364,0.4181818181818182,0.8545454545454546,1.0272727272727271,2.3,7.936363636363636,2019-20,0.6732783372241318
Allen Crabbe,SG,27,ATL,37,1,17.62702702702703,1.7297297297297298,4.783783783783784,0.3615819209039548,1.002702702702703,3.202702702702702,0.3130801687763713,0.7513513513513514,1.5810810810810811,0.4752136752136752,0.4663841807909604,0.2513513513513513,0.3513513513513513,0.7153846153846153,0.327027027027027,1.8054054054054056,2.056756756756757,0.9027027027027028,0.3783783783783784,0.0756756756756756,0.4486486486486487,1.2756756756756755,4.6378378378378375,2019-20,-3.3468674202515096
Andre Drummond,C,26,CLE,57,56,33.0,7.3,13.787719298245614,0.5294566738770836,0.0701754385964912,0.5964912280701755,0.1176470588235294,7.229824561403509,13.119298245614036,0.5510831773201391,0.5320015269118208,2.929824561403509,5.157894736842106,0.5680272108843536,4.375438596491228,10.764912280701754,15.140350877192985,2.6596491228070174,1.9298245614035088,1.657894736842105,3.6000000000000005,3.529824561403509,17.757894736842104,2019-20,11.062614143102284
Andrew Wiggins,SF,24,GSW,54,54,34.37777777777778,8.133333333333335,18.11111111111111,0.449079754601227,2.088888888888889,6.144444444444444,0.3399638336347197,6.044444444444445,11.966666666666669,0.5051067780872794,0.5067484662576688,3.477777777777778,4.944444444444445,0.7033707865168539,1.1888888888888889,3.877777777777777,5.066666666666666,3.6777777777777776,0.8333333333333333,1.011111111111111,2.411111111111111,2.355555555555556,21.73333333333333,2019-20,7.409332609019061
Anthony Tolliver,PF,34,MEM,55,13,15.870909090909093,1.1836363636363636,3.2854545454545456,0.3602656336469286,0.88,2.6545454545454548,0.3315068493150684,0.3036363636363636,0.6309090909090909,0.4812680115273774,0.4941892639734366,0.3745454545454545,0.5345454545454545,0.7006802721088434,0.6072727272727272,2.183636363636364,2.767272727272727,0.7781818181818182,0.3036363636363636,0.2199999999999999,0.5909090909090908,1.3345454545454545,3.638181818181818,2019-20,-3.6364810938060894
Brandon Knight,SG,28,CLE,25,3,18.52,2.3760000000000003,6.696,0.3548387096774194,1.812,5.224,0.3468606431852986,0.6,1.472,0.4076086956521739,0.4901433691756273,0.8400000000000001,1.34,0.6268656716417912,0.164,1.496,1.66,2.728,0.408,0.1,1.504,1.624,7.312,2019-20,-1.9232140063220853
Bruno Caboclo,C,24,HOU,30,0,8.113333333333333,1.2999999999999998,2.94,0.4421768707482992,0.2266666666666666,1.0733333333333333,0.2111801242236025,1.0733333333333333,1.8666666666666667,0.575,0.4807256235827664,0.2866666666666667,0.2866666666666667,1.0,0.8,1.2266666666666666,2.0,0.4466666666666666,0.5266666666666666,0.5266666666666666,0.4333333333333333,1.0,2.9866666666666664,2019-20,-3.1180222456024
Caleb Swanigan,PF,22,POR,27,1,10.707407407407407,1.0407407407407407,1.7851851851851852,0.58298755186722,0.0,0.074074074074074,0.0,1.0407407407407407,1.711111111111111,0.6082251082251082,0.58298755186722,0.3222222222222222,0.6703703703703703,0.4806629834254143,1.0407407407407407,2.7,3.740740740740741,1.1888888888888889,0.0999999999999999,0.3,1.4185185185185183,2.285185185185185,2.403703703703704,2019-20,-4.831929044698697
Chris Chiozza,PG,24,BRK,28,2,14.292857142857144,1.9642857142857144,5.007142857142857,0.3922967189728958,0.9571428571428572,2.5642857142857145,0.3732590529247911,1.0071428571428571,2.442857142857143,0.4122807017543859,0.4878744650499287,0.1928571428571428,0.1928571428571428,1.0,0.3214285714285714,1.5642857142857145,1.8857142857142857,2.992857142857143,0.7428571428571429,0.1357142857142857,1.1571428571428573,1.3285714285714283,5.078571428571429,2019-20,-1.6745139713746113
D'Angelo Russell,PG,23,GSW,45,45,32.26,8.033333333333333,18.773333333333333,0.4279119318181818,3.493333333333333,9.566666666666666,0.3651567944250871,4.466666666666666,9.206666666666669,0.4851556842867486,0.5209517045454545,3.56,4.453333333333333,0.7994011976047903,0.3733333333333333,3.566666666666666,3.94,6.306666666666667,1.0333333333333332,0.3,3.286666666666666,1.873333333333333,23.09333333333333,2019-20,8.062874459158328
Dante Exum,SG,24,CLE,35,1,13.87714285714286,1.5857142857142856,3.402857142857143,0.4659949622166246,0.4057142857142857,1.1857142857142855,0.3421686746987952,1.18,2.185714285714286,0.5398692810457516,0.5256087321578505,0.9542857142857144,1.2285714285714286,0.7767441860465116,0.3685714285714285,1.5542857142857145,1.9228571428571424,1.1485714285714286,0.3742857142857143,0.2685714285714285,0.9000000000000001,1.1114285714285714,4.531428571428571,2019-20,-3.7883475070700285
DeMarre Carroll,C,33,HOU,24,0,12.075,1.05,2.725,0.3853211009174312,0.35,1.3875000000000002,0.2522522522522522,0.7,1.4,0.5,0.4495412844036698,1.2125,1.7125,0.708029197080292,0.5375,1.7875,2.325,1.0375,0.3249999999999999,0.175,0.7375,1.3,3.625,2019-20,-4.576196909891667
Derrick Walton,PG,24,DET,26,1,9.584615384615384,0.6538461538461537,1.5307692307692309,0.4271356783919597,0.3884615384615384,0.9115384615384616,0.4261603375527426,0.2653846153846154,0.6192307692307691,0.4285714285714286,0.5540201005025125,0.2653846153846154,0.3538461538461538,0.75,0.0884615384615384,0.5653846153846154,0.6538461538461537,1.0807692307692307,0.2923076923076923,0.0,0.2115384615384615,0.7884615384615385,2.0615384615384618,2019-20,-5.306744828873086
Dewayne Dedmon,C,30,ATL,44,18,17.581818181818182,2.2954545454545454,5.7727272727272725,0.3976377952755905,0.4909090909090909,2.440909090909091,0.2011173184357542,1.8045454545454545,3.3318181818181816,0.5416098226466576,0.4401574803149606,0.7,0.8,0.8749999999999999,1.4,4.327272727272727,5.65,0.4681818181818181,0.5363636363636364,0.959090909090909,1.309090909090909,2.9954545454545456,5.781818181818181,2019-20,-0.49160297154377625
Dion Waiters,SG,28,LAL,10,0,20.72,4.07,9.89,0.4115267947421638,1.51,4.72,0.3199152542372881,2.59,5.17,0.5009671179883946,0.4878665318503539,1.4,1.7,0.8235294117647058,0.21,2.23,2.44,1.98,0.42,0.63,1.63,2.12,11.12,2019-20,0.20276538205289718
Donta Hall,C,22,BRK,9,0,14.77777777777778,1.6888888888888889,2.4444444444444446,0.6909090909090908,0.0,0.0,0.0,1.6888888888888889,2.4444444444444446,0.6909090909090908,0.6909090909090908,1.0,2.0,0.5,1.5555555555555556,2.688888888888889,4.244444444444444,0.4444444444444444,0.3555555555555555,0.6888888888888889,0.5555555555555556,2.577777777777777,4.333333333333333,2019-20,-1.1467862964655593
Dragan Bender,PF,22,GSW,16,3,17.893749999999997,2.525,5.7562500000000005,0.4386536373507056,0.9375,2.70625,0.3464203233256351,1.63125,3.05,0.5348360655737705,0.520086862106406,0.6375,0.85,0.75,1.0125,3.575,4.5875,1.75,0.225,0.53125,1.31875,2.6375,6.68125,2019-20,-1.2489531223885904
Gary Clark,PF,25,HOU,42,5,13.514285714285714,1.3,3.185714285714285,0.4080717488789238,0.9428571428571428,2.628571428571428,0.3586956521739131,0.3571428571428571,0.5142857142857142,0.6944444444444444,0.5560538116591929,0.1857142857142857,0.2285714285714285,0.8124999999999999,0.8857142857142857,1.7142857142857142,2.6,0.4142857142857142,0.1571428571428571,0.5142857142857142,0.2142857142857142,1.0857142857142856,3.728571428571428,2019-20,-2.701860514636561
Glenn Robinson III,SF,26,GSW,62,52,28.82258064516129,4.648387096774193,9.583870967741934,0.4850218781555032,1.219354838709677,3.138709677419355,0.3884892086330935,3.4290322580645163,6.34516129032258,0.5404168784951704,0.5486368226186469,1.1870967741935483,1.3645161290322578,0.8699763593380616,1.3322580645161288,3.029032258064516,4.338709677419355,1.5741935483870968,0.832258064516129,0.2548387096774193,0.864516129032258,1.6096774193548389,11.725806451612902,2019-20,2.0456378138551377
Gorgui Dieng,C,30,MEM,63,17,17.385714285714286,2.646031746031746,5.757142857142856,0.4596084918665564,0.865079365079365,2.411111111111111,0.358788676761027,1.7809523809523808,3.3460317460317457,0.532258064516129,0.5347394540942928,1.2158730158730158,1.6238095238095238,0.7487781036168132,1.4650793650793652,4.188888888888888,5.653968253968253,1.192063492063492,0.8,0.926984126984127,0.973015873015873,1.953968253968254,7.346031746031747,2019-20,2.1704275089594804
Jabari Parker,PF,24,ATL,38,23,24.16315789473684,5.773684210526316,11.305263157894736,0.5107076350093109,0.8736842105263157,3.142105263157895,0.2780569514237855,4.9,8.163157894736841,0.6002578981302387,0.5493482309124766,1.6368421052631577,2.173684210526316,0.7530266343825666,1.621052631578947,4.047368421052632,5.652631578947368,1.7842105263157897,1.173684210526316,0.4526315789473684,1.7105263157894737,2.6,13.973684210526317,2019-20,3.3870447137052304
Jacob Evans,SG,22,GSW,29,1,14.382758620689655,1.5827586206896551,4.596551724137931,0.3443360840210052,0.4655172413793103,1.3379310344827586,0.3479381443298969,1.1172413793103448,3.258620689655172,0.3428571428571429,0.394973743435859,0.8379310344827586,1.024137931034483,0.818181818181818,0.2793103448275862,1.1172413793103448,1.396551724137931,1.024137931034483,0.3724137931034483,0.3724137931034483,0.8379310344827586,1.396551724137931,4.375862068965517,2019-20,-4.1757210317632225
Jae Crowder,SF,29,MEM,65,53,28.87692307692308,3.5153846153846158,8.684615384615384,0.4047829937998228,2.069230769230769,6.0538461538461545,0.3418043202033037,1.376923076923077,2.6307692307692303,0.5233918128654972,0.5239149689991143,1.515384615384615,1.9153846153846152,0.7911646586345382,0.8076923076923077,5.146153846153846,5.953846153846154,2.4923076923076923,1.0923076923076924,0.3615384615384615,1.0769230769230769,2.207692307692308,10.515384615384615,2019-20,4.484329637503854
James Ennis,SG,29,ORL,69,18,18.321739130434786,2.2898550724637685,5.208695652173914,0.439621591541458,0.8289855072463768,2.4898550724637687,0.3329452852153666,1.5318840579710145,2.718840579710145,0.5634328358208955,0.5191986644407346,1.173913043478261,1.402898550724638,0.8367768595041322,1.0579710144927537,2.534782608695652,3.592753623188406,0.8869565217391304,0.5289855072463768,0.3289855072463769,0.8318840579710145,1.9608695652173915,6.582608695652175,2019-20,-1.507313324321551
James Johnson,PF,32,MIA,32,1,19.31875,3.25,6.68125,0.4864359214218896,1.03125,2.85,0.3618421052631579,2.21875,3.875,0.5725806451612904,0.5636108512628625,0.925,1.5,0.6166666666666667,0.75,2.88125,3.6875,2.3375,0.7812499999999999,1.00625,1.5,2.5125,8.45625,2019-20,2.115387505475417
Jarred Vanderbilt,PF,20,DEN,11,0,4.218181818181819,0.4909090909090909,0.7454545454545456,0.6585365853658536,0.0,0.0909090909090909,0.0,0.4909090909090909,0.6545454545454547,0.7499999999999999,0.6585365853658536,0.1818181818181818,0.1818181818181818,1.0,0.2454545454545454,0.5818181818181818,0.8272727272727274,0.1636363636363636,0.2454545454545454,0.0818181818181818,0.6545454545454547,0.5727272727272728,1.081818181818182,2019-20,-5.918641909057705
Jarrod Uthoff,PF,26,MEM,7,0,7.571428571428571,1.0285714285714285,2.614285714285714,0.3934426229508197,0.4285714285714285,1.2999999999999998,0.3296703296703297,0.6,1.3142857142857145,0.4565217391304347,0.4754098360655737,0.2857142857142857,0.2857142857142857,1.0,0.2999999999999999,0.5571428571428572,0.8999999999999999,0.0,0.1714285714285714,0.0,0.0,0.2999999999999999,2.7142857142857144,2019-20,-5.810698884130806
Jeff Green,C,33,HOU,48,4,19.975,3.325,7.175000000000001,0.4634146341463414,1.2875,3.8375,0.3355048859934853,2.0375,3.3375,0.6104868913857678,0.5531358885017421,1.4875,1.9125,0.7777777777777778,0.5375,2.2375,2.775,1.075,0.55,0.375,0.8625,1.8375,9.45,2019-20,-0.14818943232118298
Jeff Teague,PG,31,ATL,59,17,24.833898305084745,3.6220338983050846,8.271186440677965,0.4379098360655737,0.7457627118644068,2.006779661016949,0.3716216216216215,2.876271186440678,6.322033898305085,0.4549597855227882,0.4829918032786885,2.9372881355932208,3.310169491525424,0.8873527905785972,0.4423728813559322,1.9305084745762715,2.4305084745762717,5.210169491525424,0.7423728813559322,0.3152542372881356,1.945762711864407,1.8033898305084743,10.86949152542373,2019-20,0.7605297475382269
Jerome Robinson,SG,22,LAC,63,6,15.533333333333331,1.8333333333333333,4.9,0.3741496598639455,0.7999999999999999,2.433333333333333,0.3287671232876712,1.0333333333333332,2.466666666666667,0.4189189189189188,0.4557823129251701,0.6666666666666666,0.9333333333333332,0.7142857142857142,0.2,1.8333333333333333,2.033333333333333,1.4,0.4333333333333333,0.2666666666666666,0.7666666666666666,1.7666666666666666,5.066666666666666,2019-20,-2.914172748777204
John Henson,C,29,CLE,40,8,14.9975,2.375,4.2375,0.56047197640118,0.2,0.935,0.213903743315508,2.175,3.4025000000000003,0.6392358559882438,0.584070796460177,0.5725,1.1275,0.5077605321507761,1.155,2.8825,4.0375,1.3624999999999998,0.6275,1.045,0.8925,1.955,5.5225,2019-20,0.6335000422523397
Jonah Bolden,C,24,PHI,7,0,6.714285714285714,0.5857142857142856,1.6142857142857143,0.3628318584070796,0.0,0.6,0.0,0.5857142857142856,1.0142857142857142,0.5774647887323943,0.3628318584070796,0.3,0.5857142857142856,0.5121951219512195,0.4285714285714285,0.8999999999999999,1.3285714285714287,0.0,0.4714285714285714,0.3,0.2857142857142857,1.4285714285714284,1.4285714285714284,2019-20,-5.418552683306123
Jordan Bell,C,25,MEM,29,0,8.824137931034482,1.2206896551724138,2.289655172413793,0.5331325301204819,0.1620689655172413,0.3827586206896551,0.4234234234234234,1.0586206896551726,1.9068965517241376,0.5551537070524414,0.5685240963855421,0.6275862068965518,1.093103448275862,0.5741324921135647,1.0,1.803448275862069,2.8034482758620687,0.5344827586206896,0.1275862068965517,0.3724137931034483,0.7551724137931034,0.6275862068965518,3.231034482758621,2019-20,-4.327631853336523
Jordan Clarkson,SG,27,CLE,71,2,24.005633802816902,5.591549295774648,12.205633802816902,0.4581121624740364,2.1183098591549294,5.795774647887324,0.3654921020656135,3.3732394366197185,6.391549295774648,0.5277655354781843,0.5448880683129472,1.9492957746478876,2.3492957746478877,0.8297362110311751,0.7,1.9366197183098592,2.636619718309859,1.9267605633802816,0.6591549295774648,0.2408450704225352,1.3591549295774648,1.5140845070422535,15.191549295774648,2019-20,2.271451374615575
Jordan McRae,SG,28,DEN,37,4,21.227027027027027,4.037837837837838,9.872972972972972,0.4089789214344375,1.2378378378378376,3.4405405405405407,0.3597800471327572,2.810810810810811,6.510810810810811,0.4317144043171441,0.4716671229126745,2.2432432432432434,2.975675675675676,0.7538601271571299,0.5027027027027027,2.8702702702702703,3.372972972972973,2.497297297297297,0.6027027027027027,0.4243243243243243,1.1594594594594594,1.9702702702702704,11.556756756756757,2019-20,1.2520892623745354
Juan Hernangómez,PF,24,DEN,48,14,17.358333333333334,2.0625,5.125000000000001,0.4024390243902438,0.8958333333333335,2.704166666666667,0.3312788906009245,1.1958333333333333,2.491666666666667,0.4799331103678929,0.4898373983739837,0.9375,1.4583333333333337,0.6428571428571428,0.9041666666666668,3.208333333333333,4.112500000000001,0.8041666666666667,0.3625,0.1583333333333333,0.6458333333333334,1.3666666666666667,5.958333333333334,2019-20,-2.2242017627815387
Keita Bates-Diop,SF,24,DEN,44,0,16.94318181818182,2.3204545454545453,5.345454545454546,0.4340986394557822,0.7363636363636364,2.309090909090909,0.3188976377952756,1.4840909090909091,2.952272727272728,0.5026943802925327,0.5029761904761905,1.184090909090909,1.7363636363636363,0.6819371727748691,0.6,2.3204545454545453,2.9045454545454548,0.6727272727272728,0.4681818181818182,0.5159090909090909,0.4000000000000001,1.0,6.561363636363636,2019-20,-1.162722373642172
Kent Bazemore,SF,30,POR,68,21,24.807352941176475,2.9308823529411763,7.857352941176471,0.3730114168070372,1.2264705882352942,3.5955882352941178,0.3411042944785276,1.7044117647058823,4.261764705882353,0.3999309868875086,0.4510574583567284,1.6308823529411764,2.177941176470588,0.7488183659689399,0.4102941176470588,3.920588235294118,4.330882352941177,1.3632352941176469,1.0735294117647058,0.5897058823529411,1.326470588235294,2.873529411764705,8.782352941176471,2019-20,1.5741507927569132
Malik Beasley,SG,23,DEN,55,14,21.992727272727272,4.172727272727272,9.667272727272728,0.4316343802896369,1.9345454545454543,4.994545454545454,0.387331634510375,2.163636363636364,4.672727272727273,0.4630350194552529,0.5316908030844459,0.9781818181818184,1.18,0.8289676425269646,0.3018181818181818,2.387272727272727,2.714545454545454,1.3781818181818182,0.7490909090909091,0.1,1.0527272727272727,1.3781818181818182,11.158181818181818,2019-20,0.8518388011273903
Marcus Morris,PF,30,LAC,62,62,31.258064516129032,5.703225806451614,13.083870967741936,0.4358974358974359,2.3016129032258066,5.579032258064516,0.4125469788956346,3.4016129032258067,7.474193548387097,0.455114372032801,0.523853550295858,2.911290322580645,3.5580645161290323,0.8182230281051678,0.9467741935483872,4.054838709677419,5.001612903225807,1.4,0.7693548387096775,0.4919354838709677,1.57741935483871,2.908064516129033,16.688709677419357,2019-20,4.198953335936622
Markieff Morris,PF,30,DET,58,17,20.49655172413793,3.5172413793103448,7.858620689655172,0.4475647213690215,1.506896551724138,3.9379310344827583,0.3826619964973731,2.0103448275862066,3.9206896551724135,0.5127528583992963,0.5434401053093463,1.1586206896551725,1.4620689655172414,0.7924528301886792,0.6448275862068966,3.086206896551724,3.731034482758621,1.3586206896551725,0.5517241379310345,0.3241379310344827,1.3103448275862069,2.327586206896552,9.624137931034484,2019-20,0.03927094256679886
Marvin Williams,PF,33,CHO,58,1,19.46551724137931,2.06551724137931,4.601724137931034,0.448857249906332,0.9827586206896552,2.724137931034482,0.3607594936708861,1.0827586206896551,1.9482758620689653,0.5557522123893806,0.5556388160359685,0.8241379310344827,0.9655172413793104,0.8535714285714286,0.546551724137931,2.6517241379310343,3.1982758620689653,1.0293103448275862,0.6,0.5,0.5706896551724138,1.7586206896551722,5.908620689655172,2019-20,-0.5116057604280546
Maurice Harkless,PF,26,LAC,62,48,22.993548387096773,2.258064516129032,4.532258064516128,0.4982206405693951,0.5193548387096774,1.6161290322580644,0.3213572854291417,1.738709677419355,2.996774193548387,0.5801937567276642,0.5555160142348755,0.6548387096774193,1.032258064516129,0.634375,0.8612903225806452,3.02258064516129,3.864516129032258,1.135483870967742,0.9612903225806452,0.5419354838709677,0.8419354838709677,2.3806451612903223,5.751612903225807,2019-20,0.21669925034566023
Michael Kidd-Gilchrist,PF,26,CHO,25,0,11.22,0.876,2.632,0.3328267477203647,0.192,0.7759999999999999,0.2474226804123711,0.684,1.856,0.3685344827586207,0.3693009118541033,0.4439999999999999,0.5920000000000001,0.7499999999999998,0.5920000000000001,2.148,2.692,0.54,0.104,0.248,0.6519999999999999,1.5,2.388,2019-20,-5.7373898428165795
Noah Vonleh,C,24,DEN,36,1,10.502777777777778,1.425,2.591666666666667,0.5498392282958199,0.1,0.4222222222222222,0.2368421052631579,1.4055555555555557,2.15,0.6537467700258399,0.5691318327974276,0.7027777777777778,0.9222222222222224,0.7620481927710844,1.0444444444444445,2.3916666666666666,3.436111111111112,0.7833333333333334,0.3222222222222222,0.1611111111111111,0.6222222222222222,1.0833333333333333,3.672222222222222,2019-20,-3.6150383999070446
Paul Watson,SF,25,ATL,10,0,8.740000000000002,1.04,2.62,0.3969465648854962,0.4,1.1800000000000002,0.3389830508474576,0.6400000000000001,1.44,0.4444444444444445,0.4732824427480915,0.7200000000000001,0.8800000000000001,0.8181818181818181,0.24,1.4800000000000002,1.72,0.78,0.42,0.08,0.32,0.5,3.12,2019-20,-4.412606577558362
Reggie Jackson,PG,29,DET,31,16,23.96451612903225,4.3032258064516125,10.480645161290322,0.4105878731917513,1.8161290322580643,4.693548387096774,0.3869415807560137,2.487096774193549,5.832258064516129,0.4264380530973451,0.4972299168975069,1.4612903225806453,1.7419354838709675,0.838888888888889,0.5806451612903226,2.3741935483870966,2.954838709677419,4.058064516129033,0.4354838709677419,0.1548387096774193,1.6,1.8838709677419356,11.938709677419354,2019-20,1.1646928525275024
Robert Covington,C,29,HOU,70,68,30.53142857142857,4.342857142857143,10.3,0.4216366158113731,2.331428571428571,6.845714285714285,0.340567612687813,2.08,3.454285714285714,0.6021505376344086,0.5348127600554785,1.442857142857143,1.8114285714285716,0.7965299684542588,0.9257142857142856,5.702857142857143,6.628571428571428,1.2942857142857145,1.6685714285714286,1.3085714285714287,1.4685714285714284,3.162857142857143,12.422857142857143,2019-20,8.648128173557863
Shabazz Napier,PG,28,MIN,83,32,21.472289156626506,3.027710843373494,6.921686746987952,0.4374238468233246,0.9253012048192772,2.9289156626506023,0.3159193747429042,2.1265060240963853,3.949397590361445,0.538438071995119,0.5042645778938207,1.9409638554216868,2.519277108433734,0.7704447632711623,0.8578313253012048,2.3903614457831326,3.2240963855421683,3.398795180722892,0.9361445783132532,0.2650602409638554,1.8301204819277108,2.130120481927711,8.84578313253012,2019-20,0.24495741653032732
Solomon Hill,PF,28,MEM,59,4,18.46440677966102,1.869491525423729,4.75084745762712,0.3935069568319657,1.088135593220339,2.9322033898305087,0.3710982658959537,0.7627118644067797,1.8186440677966105,0.4193849021435228,0.5080271138066357,0.6491525423728814,0.9305084745762712,0.6976320582877961,0.5,2.3135593220338984,2.794915254237288,1.794915254237288,0.6932203389830509,0.1745762711864407,0.8372881355932205,1.4254237288135594,5.476271186440679,2019-20,-1.402535594136307
Thomas Bryant,PF,27,WAS,100,40,27.276000000000003,5.0840000000000005,10.288,0.4941679626749611,2.366,5.617999999999999,0.4211463154147384,2.7180000000000004,4.67,0.5820128479657388,0.6091562986003111,1.9,2.3920000000000003,0.7943143812709028,1.29,4.452,5.742000000000001,1.746,0.608,0.8300000000000001,1.146,2.4160000000000004,14.388000000000002,2019-20,5.466874863818019
Timothé Luwawu-Cabarrot,SF,24,BRK,87,2,15.38735632183908,2.086206896551724,5.05632183908046,0.4125937713116617,0.9321839080459772,2.75632183908046,0.3381984987489574,1.1540229885057471,2.345977011494253,0.4919157275845173,0.5047738122300524,1.3160919540229885,1.6080459770114943,0.8184417441029306,0.554022988505747,1.870114942528736,2.470114942528736,0.8298850574712644,0.4,0.0540229885057471,0.8459770114942529,1.610344827586207,6.4206896551724135,2019-20,-3.2329615886189953
Treveon Graham,SF,26,ATL,55,20,16.9,1.58,4.38,0.3607305936073059,0.6,2.18,0.2752293577981651,0.98,2.24,0.4375,0.4292237442922375,0.64,1.02,0.6274509803921569,0.94,1.84,2.72,0.8200000000000001,0.42,0.14,0.56,1.84,4.44,2019-20,-3.5790268586461633
Trevor Ariza,SF,34,POR,53,21,28.14716981132075,2.6735849056603778,6.150943396226415,0.4346625766871166,1.418867924528302,3.879245283018868,0.3657587548638132,1.2547169811320755,2.1716981132075475,0.577758470894874,0.55,1.2150943396226417,1.3547169811320756,0.8969359331476322,0.660377358490566,3.979245283018868,4.679245283018868,1.758490566037736,1.29811320754717,0.279245283018868,1.0584905660377355,2.1188679245283017,7.981132075471699,2019-20,2.360220837891466
Trey Burke,PG,27,DAL,33,1,15.793939393939391,2.8848484848484848,6.36060606060606,0.4535493091948547,0.9393939393939394,2.251515151515151,0.4172274562584119,1.8696969696969696,4.084848484848485,0.4577151335311572,0.5273939971414959,0.693939393939394,0.8696969696969696,0.7979094076655053,0.4787878787878787,1.0424242424242425,1.521212121212121,2.512121212121212,0.493939393939394,0.0242424242424242,0.6454545454545455,0.9696969696969696,7.378787878787879,2019-20,-1.5893911200490507
Troy Daniels,SG,28,DEN,47,0,11.304255319148936,1.525531914893617,4.002127659574468,0.3811802232854865,1.0,2.776595744680852,0.3601532567049808,0.5255319148936171,1.1255319148936171,0.4669187145557655,0.506113769271664,0.174468085106383,0.348936170212766,0.5,0.2617021276595744,0.8255319148936171,1.0872340425531917,0.325531914893617,0.2382978723404255,0.0872340425531915,0.2382978723404255,0.7638297872340425,4.212765957446809,2019-20,-4.297582270520427
Tyler Cook,PF,22,CLE,13,0,4.1692307692307695,0.5846153846153845,0.9153846153846154,0.6386554621848739,0.0,0.0,0.0,0.5846153846153845,0.9153846153846154,0.6386554621848739,0.6386554621848739,0.5769230769230769,0.5769230769230769,1.0,0.4923076923076923,0.5769230769230769,1.0692307692307692,0.0846153846153846,0.2384615384615384,0.0,0.2384615384615384,0.4153846153846154,1.7461538461538462,2019-20,-5.497302481750532
Tyler Johnson,SG,27,BRK,39,7,18.179487179487182,2.48974358974359,6.402564102564102,0.3888666399679616,1.005128205128205,3.069230769230769,0.3274853801169591,1.5051282051282049,3.333333333333333,0.4515384615384615,0.4673608329995996,1.1076923076923075,1.2666666666666666,0.874493927125506,0.4435897435897435,1.523076923076923,1.9666666666666663,1.8871794871794871,0.4205128205128204,0.2589743589743589,0.7589743589743589,1.5025641025641023,6.992307692307692,2019-20,-1.815084111418469
Wenyen Gabriel,PF,22,POR,30,1,7.843333333333333,0.6900000000000001,1.5633333333333337,0.44136460554371,0.2266666666666666,0.6366666666666666,0.3560209424083769,0.5,0.9266666666666666,0.539568345323741,0.5138592750533049,0.5,0.71,0.7042253521126761,0.7166666666666666,1.0066666666666666,1.7233333333333332,0.2999999999999999,0.3633333333333333,0.2633333333333333,0.5633333333333332,1.2966666666666666,2.08,2019-20,-5.018213892158451
Willie Cauley-Stein,C,26,DAL,54,39,20.3,3.235185185185185,5.625925925925926,0.5750493745885451,0.0,0.024074074074074,0.0,3.235185185185185,5.601851851851851,0.5775206611570248,0.5750493745885451,0.7796296296296297,1.2314814814814814,0.6330827067669174,1.5314814814814814,4.283333333333333,5.814814814814815,1.3314814814814817,0.9074074074074074,1.1037037037037036,0.7796296296296297,2.2592592592592595,7.25,2019-20,2.796939136638616
Zach Norvell,SG,22,GSW,5,0,8.2,0.6,2.4200000000000004,0.2479338842975206,0.6,1.62,0.3703703703703703,0.0,0.8,0.0,0.3719008264462809,0.18,0.18,1.0,0.0,1.22,1.22,0.6,0.42,0.0,0.6,0.78,1.98,2019-20,-6.082554898576572
