PLAYER,AGE,G,GS,MP,FG,FGA,FG%,3P,3PA,3P%,2P,2PA,2P%,eFG%,FT,FTA,FT%,ORB,DRB,TRB,AST,STL,BLK,TOV,PF,PTS,VALUE
Bogdan Bogdanović,28,68.16980862987612,27,29.7,6.1,12.8,0.4339432954265385,2.185953943180833,7.6,0.438,2.8,5.3,0.522,0.602,0.9,1.0,0.7942099129914317,0.5,3.2,3.313517660291471,3.5123144554710954,0.975881904510252,0.3,1.675881904510252,2.3,13.963021471436209,6.509702027647519
Clint Capela,26,56.991611988670826,63,30.1,6.6,11.0,0.641027708133282,0.0,0.0,0.0,6.6,11.0,0.594,0.594,2.1,3.6,0.5729723169838475,4.7,9.6,12.701267620165243,1.1958619890111777,0.7658918622597891,2.0,1.4835475335400825,2.3,14.820919718985692,5.131435193375644
John Collins,23,55.78059905965899,63,29.3,6.8,12.2,0.5734668616354691,0.9400421654219704,3.3,0.399,5.5,8.9,0.615,0.61,2.7,3.2,0.7668796078698362,1.9,5.5,9.322368913066423,1.6223044977215586,0.6153312580596605,1.0,1.77174389352143,3.1,18.20662050809355,4.186730629502545
Kris Dunn,26,49.535774067886926,0,11.3,0.3,3.0,0.4339017395058977,0.6823443287197067,0.5,0.0,0.3,2.5,0.1,0.083,0.8,1.0,0.7591358333149281,0.0,1.5,3.93936735712929,4.913882063978929,1.8294593112989452,0.5,2.0269709052380755,2.5,10.135529334483058,-3.3572098657463822
Danilo Gallinari,32,54.84023186842022,4,24.0,4.0,9.3,0.4358795722224073,2.416653728114397,5.0,0.406,2.0,4.3,0.466,0.542,3.2,3.4,0.9038869212890857,0.3,3.8,5.370545610635801,2.137537585921353,0.6739328680679542,0.2,1.2877066399033994,2.1,18.076837434020646,3.7861858352891034
Solomon Hill,29,42.54827445878684,16,21.3,1.5,4.2,0.359312260451002,0.7656664755043884,3.0,0.321,0.5,1.2,0.453,0.473,0.5,0.6,0.6572551767430377,0.6,2.4,2.914328376624153,1.6273352214631809,0.6048335092488105,0.2,0.7814685210553977,1.6,4.333128967701716,0.5543179844643937
Tony Snell,29,67.97511593939129,23,21.1,1.9,3.6,0.4449757600928399,1.422996887089491,2.3,0.569,0.6,1.3,0.419,0.696,0.2,0.2,0.9092456774704734,0.4,2.0,1.9682162754804216,1.5395313499695271,0.490009957749537,0.2,0.4317837245195782,1.6,7.052538194808554,1.6251894588635292
Spencer Dinwiddie,27,69.2232207879681,3,21.3,2.0,5.3,0.4174561304527275,1.841773766770041,2.3,0.286,1.3,3.0,0.444,0.438,2.0,2.0,0.7959916119886707,0.0,4.3,3.052456198388436,6.001384778735864,0.6723542864692438,0.3,2.264160260911719,1.3,17.374443126692153,2.122455496380626
Kevin Durant,32,70.73029094761924,32,33.1,9.3,17.2,0.5231534883913491,2.062875059671224,5.4,0.45,6.8,11.8,0.577,0.608,6.0,6.8,0.8839525159606335,0.4,6.7,6.994676365266054,5.464160260911718,0.7964723819589916,1.3,2.765281469311975,2.0,25.919369691553108,9.276415447968022
Jeff Green,34,65.12678859158554,38,27.0,3.8,7.8,0.4706427181986315,1.184177843955468,3.7,0.412,2.3,4.1,0.564,0.59,1.8,2.4,0.8371324068621827,0.5,3.4,3.2953265931490123,1.3765497134684617,0.5549950211252315,0.4,1.044885483911826,1.8,10.747676214707608,2.690587865287698
Joe Harris,29,73.55819823589208,65,31.0,5.2,10.2,0.4919810440581169,2.3211832893213016,6.4,0.475,2.1,3.8,0.555,0.654,0.7,0.9,0.7818843318883554,0.6,3.0,3.888278356401466,2.0817339357718927,0.5176556712802932,0.2,1.4617538512709671,2.0,13.334765364957638,4.53093183016477
Kyrie Irving,28,45.67806293379829,54,34.9,10.2,20.1,0.4842050848102861,2.7317837245195777,7.0,0.402,7.4,13.1,0.561,0.576,3.7,4.0,0.8973280409956799,1.0,3.8,4.794130387663107,6.257005447334331,1.361753851270967,0.7,2.5276457135307564,2.6,25.44856417665997,10.484848729061925
Tyler Johnson,28,53.09843630485478,3,17.5,1.8,4.7,0.4083495180777892,1.360059641402659,3.4,0.364,0.6,1.3,0.471,0.525,0.5,0.5,0.8197736835334462,0.2,1.8,2.6899424373543352,2.3280094295668854,0.6911401463756162,0.0,1.0365280104376624,1.1,9.449783502346428,0.36361736071313366
DeAndre Jordan,32,65.49885795907447,43,21.9,3.3,4.4,0.6527211086264836,0.0,0.0,0.0,3.3,4.4,0.766,0.763,0.8,1.6,0.6623835682896243,2.1,5.4,12.30012385616669,1.9315567147760029,0.4658845501413827,1.1,1.7275637171106375,2.0,10.103897156206887,0.5061663291037419
Timothé Luwawu-Cabarrot,25,65.9386556147102,7,18.1,2.2,6.1,0.392599230888919,0.8768500409967835,4.1,0.314,0.9,2.0,0.47,0.471,0.6,0.7,0.7846045967070773,0.5,1.7,2.0325755895700617,0.7747677980813031,0.3428956932080493,0.1,0.6695702871757202,1.7,5.669770515924288,0.2084261849770055
Andre Roberson,29,35.27963282948598,0,12.6,0.4,2.8,0.4103642590226766,0.380019915499074,1.6,0.125,0.2,1.2,0.167,0.179,0.2,0.4,0.418670093030906,1.4,1.6,4.462282247798663,0.9011212084002568,0.7404885655295469,0.2,0.5428949751702982,0.8,4.508640425665101,-4.922904258543233
Iman Shumpert,30,29.954168447600814,0,5.5,0.5,2.0,0.3570375027751021,0.908161181850371,1.5,0.0,0.5,0.5,1.0,0.25,0.0,0.0,0.6792811750558108,0.5,0.0,2.7988844748603485,1.2947312012396242,0.840848863623741,0.0,0.8734545489769925,0.0,5.37820578643745,-3.0977796107599325
Noah Vonleh,25,51.25586126502211,0,2.8,0.0,0.8,0.4959187856897416,0.3796829012982589,0.5,0.0,0.0,0.3,0.0,0.0,0.0,0.0,0.7122416156064398,0.0,0.3,5.494677323656855,1.1280303948643997,0.4591145521818237,0.0,0.8520597060453323,0.5,5.576876112982473,-10.351929641841116
Jaylen Brown,24,65.93373582950308,58,34.5,9.3,19.2,0.4716838026832065,1.8142100496594036,7.1,0.397,6.5,12.1,0.536,0.558,3.3,4.3,0.6821941526996624,1.2,4.8,5.287849537369142,1.740652558369784,1.0076656290298305,0.6,1.7965543783791105,2.9,16.411256406559225,7.530401502434552
Semi Ojeleye,26,65.5306659133625,15,17.0,1.6,3.9,0.39850408283479,0.5835475335400824,2.8,0.367,0.6,1.1,0.492,0.534,0.4,0.6,0.7224058888276197,0.6,2.1,1.9194692690484825,0.4176556712802932,0.2658918622597891,0.0,0.3,1.0,3.1970651938315537,-0.2828959248365752
Marcus Smart,26,65.3745418186573,45,32.9,4.2,10.6,0.3891013770987193,1.8441801764107923,5.9,0.33,2.3,4.8,0.482,0.489,2.7,3.4,0.7999611965039064,0.8,2.7,3.4206724738688576,4.568908664848354,1.6376357557812191,0.5,1.8006103929478134,2.6,10.884485912168367,6.810811574030632
Jayson Tatum,22,73.81059127479212,64,35.8,9.5,20.6,0.456029523872437,2.0365965438010805,7.6,0.386,6.5,13.0,0.502,0.53,4.6,5.3,0.8300430325968554,0.8,6.6,6.176556712802933,2.3553734234816317,1.2012032048203756,0.5,1.8100720386705813,1.9,18.482454322477704,10.858114696780772
Tristan Thompson,29,51.26013689678055,43,23.8,3.1,6.0,0.5298574311607098,0.0835475335400823,0.1,0.0,3.1,6.0,0.523,0.518,1.3,2.2,0.607085349392136,3.1,5.0,9.289974795599033,1.7041204299135702,0.5617538512709671,0.6,1.398268398651929,2.2,10.12948856449331,1.219553656156533
Kemba Walker,30,70.65645872999433,43,31.8,6.6,15.7,0.4295168181260038,3.127645713530756,8.2,0.36,3.7,7.5,0.486,0.514,3.1,3.5,0.8571783724519577,0.4,3.6,3.877595924783072,5.368134279060303,1.0505606042001283,0.3,2.2946587841908026,1.4,22.58363078581668,7.778513087213346
Ryan Arcidiacono,26,57.644719213734206,0,10.2,1.1,2.7,0.4234081780706649,0.8135176602914713,1.5,0.373,0.5,1.1,0.48,0.526,0.3,0.5,0.7956792596366342,0.1,1.4,1.955802242513956,2.1974940128638782,0.6023244132206327,0.0,0.6440981799906739,1.1,4.647426643040941,-1.5282441922390362
Cristiano Felício,28,42.92006385289695,0,4.7,0.4,0.7,0.5868268863961894,0.0,0.1,0.0,0.4,0.6,0.636,0.538,0.5,0.9,0.7215970342464857,0.6,0.9,4.162446240638899,0.7382461487290328,0.3494393957998714,0.0,0.780019915499074,0.6,4.344115761065925,-4.807770147163215
Zach LaVine,25,52.340729755897065,58,35.1,9.8,19.4,0.4396392594377047,2.3771671057507464,8.2,0.419,6.4,11.1,0.571,0.596,4.4,5.1,0.8148854318259355,0.6,4.4,4.548829002852058,4.012907267343658,1.2088688338502058,0.5,3.0141104721640333,2.4,22.763661117578383,9.610218559308594
Lauri Markkanen,23,55.023419942958846,26,25.8,4.9,10.2,0.4288760354810879,2.209990042250463,5.8,0.402,2.6,4.4,0.582,0.594,1.5,1.8,0.8449543442583533,0.7,4.6,7.510336864862669,1.3935375757905453,0.7176556712802932,0.3,1.5035276180410082,1.5,16.184915987057174,3.7037830537590466
Tomáš Satoranský,29,72.04566830021146,18,22.5,2.9,5.7,0.4711893045625815,0.8353113425605865,2.0,0.356,2.2,3.6,0.602,0.578,1.2,1.4,0.8336461707728192,0.5,1.9,3.5947407806109206,4.901796016692938,1.0111932470708385,0.2,1.6123964518912142,1.5,8.907730044374699,2.8452309094280857
Garrett Temple,34,67.15760077091984,25,27.3,2.8,6.8,0.4025571301105556,1.5783333486109998,3.6,0.335,1.6,3.2,0.503,0.503,0.7,0.9,0.7775580098665746,0.5,2.3,3.0032053766625424,1.9801019119191925,0.8923343709701697,0.5,1.0232235566366743,2.3,8.979047688452388,2.4025158858998914
Denzel Valentine,27,55.049136526333534,3,16.7,2.5,6.7,0.3984636984998554,1.504648826441265,3.9,0.331,1.2,2.8,0.431,0.469,0.3,0.3,0.7550476598501189,0.4,2.8,3.243834609655066,1.85804465931447,0.6858719467607151,0.1,0.9528850174207611,1.1,7.549669059841455,0.7174484807897024
Thaddeus Young,32,73.89845964909298,23,24.3,5.4,9.7,0.4843514860557682,0.874760696109995,0.7,0.267,5.3,9.1,0.58,0.568,1.0,1.7,0.6074236783449908,2.5,3.8,5.783383540699845,2.062875059671224,1.5064624242094544,0.6,1.4935375757905454,2.2,11.446258600371069,3.6428823434214745
Bismack Biyombo,28,60.335329069429,36,20.4,2.2,3.7,0.547003116604617,0.0,0.0,0.0,2.2,3.7,0.589,0.587,0.7,1.6,0.6259322717118533,2.1,3.2,5.366584251627721,0.7735574912896194,0.2241180954897479,1.1,0.8217936822691152,2.1,5.966748244467958,-0.7432669030343568
Gordon Hayward,30,46.521398848270735,44,34.0,7.1,15.0,0.4884032331683283,1.043569783462979,4.7,0.415,5.1,10.3,0.499,0.537,3.5,4.2,0.0,0.8,5.0,4.574889526799728,2.8724011207388584,0.5993896070521862,0.3,1.2635498679639048,1.7,11.715206934676416,4.550048691285243
Malik Monk,22,63.06891243241779,0,20.9,4.1,9.5,0.4001217845996874,1.2846687419403393,5.0,0.401,2.1,4.5,0.471,0.54,1.4,1.7,0.8464530264066752,0.3,2.1,2.1006748082926805,1.76063264287071,0.4517638090205041,0.1,1.187075151581091,1.1,8.954234634006122,2.4703367864517993
Terry Rozier,26,72.55737827169088,69,34.5,7.4,16.4,0.4039680036763946,2.097757583199486,8.3,0.389,4.2,8.2,0.512,0.548,2.4,2.9,0.8190433000116694,0.7,3.7,4.301813597768189,3.4012852012404937,0.9658918622597892,0.4,1.4671770635002832,1.7,13.314355205567908,8.678667292232367
Cody Zeller,28,48.90074373094404,21,20.9,3.8,6.8,0.538273997242704,0.1835475335400823,0.6,0.143,3.7,6.2,0.598,0.565,1.8,2.5,0.7264960590035306,2.5,4.4,6.587667963453652,1.5599402535027778,0.6617538512709672,0.4,1.227645713530756,2.5,9.794194803007972,1.8564947743529103
Matthew Dellavedova,30,49.34782946032891,1,17.2,1.1,4.3,0.3753339386743532,0.667013070660046,1.9,0.16,0.8,2.4,0.323,0.286,0.3,0.3,0.8770321131405868,0.5,1.4,1.5073238296146771,3.5323033305096474,0.3573648278247363,0.1,1.2173138718651404,1.6,4.34444500260288,-1.3080463826931652
Damyean Dotson,26,55.562310615462806,7,19.7,2.6,6.4,0.4223000528890188,1.201714020272819,3.5,0.289,1.6,2.9,0.545,0.485,0.5,0.8,0.7005985951293914,0.1,1.9,2.479838341583585,1.284058348992526,0.5540882222411367,0.1,0.6046488264412653,0.9,7.437255026874989,-0.5080093906338377
Dante Exum,25,32.322769588967695,3,19.3,1.7,4.3,0.4540671470234804,0.4023870723868594,1.8,0.182,1.3,2.5,0.533,0.423,0.2,0.3,0.7886625238513609,0.3,2.5,1.8072238763268047,2.1142740911864277,0.4033862274984171,0.3,1.1229148906693722,1.5,6.1999756415237135,-1.289661808658888
Kevin Love,32,45.12677603302073,25,24.9,4.1,10.1,0.4297591581080427,2.459429438050334,6.2,0.365,1.8,3.8,0.479,0.522,1.7,2.0,0.8773247736974399,0.7,6.8,10.05459903769358,2.497147190251672,0.5217936822691152,0.1,2.054170218661256,1.0,17.395351173558737,3.4980274133048024
Thon Maker,23,64.74085887817314,0,9.5,1.3,2.3,0.4397754307770054,0.5177796631341657,0.3,0.0,1.3,2.0,0.625,0.556,1.3,1.4,0.6701369249634865,1.0,1.3,2.968680552374616,0.6694866286839624,0.4054652076630701,0.5,0.658499369887115,0.9,4.847760094798012,-0.6983525238414607
Larry Nance,28,62.16370470039799,27,31.2,3.7,7.8,0.5394025032035266,0.5882783564014663,3.3,0.36,2.5,4.5,0.551,0.546,0.9,1.4,0.6842600126569008,1.5,5.2,7.503923195296611,2.3130557473172195,1.249472637576593,0.5,1.1255850184805256,2.1,9.525782253097484,3.6545606655940706
Cedi Osman,25,67.78717133183328,26,25.6,3.7,9.9,0.4449246911061604,1.4941303876631074,5.5,0.306,2.0,4.4,0.458,0.458,1.3,1.6,0.6818538698725946,0.6,2.8,3.589299987306353,2.0582086521547067,0.7035276180410084,0.2,1.2170452783324797,2.0,9.969777975032114,2.271031486100993
Anderson Varejão,38,30.196345177451995,0,7.2,0.8,3.2,0.4265724715572574,0.0,0.2,0.0,0.8,3.0,0.267,0.25,1.0,1.8,0.6900120289649138,1.4,2.6,3.2655652004643274,0.8247585301093074,0.3604905631070995,0.4,0.7064023408659627,0.6,3.793443907251315,-4.047782571775484
Trey Burke,28,42.25057729974516,1,14.7,2.4,5.7,0.4580978402847101,0.979394306852163,2.6,0.354,1.5,3.0,0.492,0.51,0.8,0.9,0.7680724640890059,0.2,0.7,1.7070769964168664,3.108582433858881,0.5651108017703866,0.1,0.8513192784549728,1.0,9.885536661290592,-0.5323744202112124
Willie Cauley-Stein,27,67.79163533290905,16,17.1,2.2,3.4,0.5509338697473065,0.0,0.2,0.091,2.2,3.2,0.667,0.635,0.9,1.5,0.6016893434163774,1.2,3.2,6.982417433310613,1.9536395661793744,1.0536549572942056,0.8,1.0285334728999451,2.4,10.174582704600816,-0.07527917214322954
Dorian Finney-Smith,27,62.35176602914712,60,32.0,3.7,7.8,0.4336616710471451,1.2506426006202471,5.0,0.394,1.7,2.7,0.616,0.6,0.5,0.7,0.7202189325976448,1.6,3.8,4.886546755053395,1.3670950670801647,0.6782063177308847,0.4,0.9658918622597892,2.3,7.949585807564857,4.976702859731116
Tim Hardaway,28,65.57697836702263,31,28.4,5.8,13.0,0.4161886500629239,2.6088888050689145,7.6,0.391,2.9,5.5,0.524,0.56,2.0,2.5,0.8209388037976525,0.3,3.0,3.483014635323647,2.286049297585639,0.7930046775741103,0.2,1.367723319701405,1.6,16.976653611609535,4.907941849848688
Maxi Kleber,29,72.49439395799871,40,26.8,2.3,5.5,0.4650244157179125,1.1882783564014665,4.2,0.41,0.6,1.3,0.46,0.58,0.7,0.7,0.8019880721144226,0.9,4.3,4.537107359253524,1.0111932470708385,0.3923343709701697,0.7,0.7035276180410084,2.1,7.423143298854476,3.006828278321148
Boban Marjanović,32,47.56923450914213,3,8.2,1.9,3.7,0.5781811231794619,0.0676489057453735,0.2,0.125,1.8,3.5,0.535,0.512,0.9,1.2,0.76854608595464,1.4,2.5,4.325497837184437,0.6616776918167826,0.2335388223498513,0.2,0.8610736201828391,0.9,6.694594535804292,-2.4923521665657216
Kristaps Porziņģis,25,56.100896197458326,43,30.9,7.6,15.9,0.4366401384914673,2.102406409640751,6.0,0.376,5.3,9.9,0.536,0.547,2.7,3.2,0.7938181593219201,1.9,7.0,7.95614780926968,1.5229968870894908,0.7341081377402109,1.3,1.7505606042001285,2.7,20.62977097176064,7.572130786020624
Dwight Powell,29,62.02606820487973,19,16.7,2.1,3.3,0.613162520556127,0.3923343709701697,0.4,0.238,2.0,3.0,0.665,0.631,1.7,2.1,0.7153549542818903,1.4,2.7,5.539449353549409,1.4276457135307563,0.7735574912896194,0.5,0.8517638090205041,2.3,9.592234793474798,-0.15037665110208032
Josh Richardson,27,67.41016962057242,56,30.3,4.5,10.5,0.4289253352596091,1.7628750596712242,4.5,0.33,3.0,5.9,0.501,0.498,1.7,1.8,0.8354187460012189,0.9,2.4,3.408786837430087,3.30929765288253,1.1129248484189094,0.4,1.7153312580596607,2.2,14.496191230548131,5.288851471327067
Will Barton,30,58.43094130161039,52,31.0,4.6,10.9,0.4341104557944937,1.7976755867793672,4.6,0.381,2.9,6.3,0.459,0.507,1.7,2.2,0.7771881204183105,0.7,3.3,5.406626417049691,3.5236072800373046,0.8371249403287758,0.4,1.5723542864692437,1.7,14.016815614290891,4.0955706232799365
PJ Dozier,24,14.643242537519557,6,21.8,3.0,7.1,0.4234858766669136,0.3529670138408797,3.0,0.315,2.0,4.1,0.49,0.483,0.8,1.3,0.0,0.7,2.9,1.869319902805427,1.1918879708625931,0.3111932470708385,0.4,0.4965543783791102,1.7,3.755519835246616,-1.7431136956328803
JaMychal Green,30,61.75271511562438,5,19.3,3.0,6.4,0.4553004490964666,1.189493374804735,3.4,0.399,1.6,3.0,0.534,0.568,0.8,1.0,0.7449811270805722,1.5,3.3,6.746865058773632,0.9410353888741572,0.5886611869058392,0.4,1.183784798021133,2.5,8.528845961064185,1.3465776198277997
Nikola Jokić,25,75.86993155160971,72,34.6,10.2,18.0,0.5152073688921373,1.1623642442187807,3.3,0.388,8.9,14.7,0.606,0.602,4.8,5.5,0.8263232970212252,2.8,8.0,10.316370470039796,6.885261553812901,1.2682162754804218,0.7,3.027645713530756,2.7,19.63056293862395,11.911224989346215
Paul Millsap,35,54.34519375697284,36,20.8,3.4,7.2,0.4783409055666495,0.9735574912896195,2.6,0.343,2.5,4.6,0.55,0.537,1.3,1.8,0.7567020428235148,1.4,3.3,6.380448734531399,2.025849696837819,1.0264425087103808,0.6,1.520590477448739,2.0,12.664624242094543,1.8046471064883018
Monte Morris,25,59.18706555379543,13,25.4,4.0,8.2,0.5207624054503474,0.7511534160726904,2.9,0.381,2.9,5.4,0.534,0.547,1.2,1.6,0.8668810734454178,0.2,1.8,1.7811235428240793,3.244690991863236,0.8823443287197067,0.3,0.5694194803007973,1.0,8.10278248544732,2.3647513772233566
Jamal Murray,23,69.76328304617827,48,35.5,7.9,16.5,0.4483135490548725,1.9582262332299587,6.6,0.408,5.2,9.9,0.523,0.559,2.8,3.2,0.8755326574632699,0.8,3.3,3.9958619890111775,4.462346663143528,1.0076656290298305,0.3,2.1417737667700414,2.0,17.963549867963902,8.408441948033223
Wayne Ellington,33,51.6868025666325,31,22.0,3.2,7.3,0.3819912686215075,2.1768610331468983,6.0,0.422,0.7,1.4,0.524,0.612,0.6,0.8,0.8427095476986595,0.3,1.6,2.1113278796839507,1.205821989589895,0.6950225064336394,0.2,0.6364025092890976,1.3,8.345470537134272,3.002055661652925
Jerami Grant,26,76.48154194559376,54,33.9,7.4,17.3,0.4982278605997963,1.1588190451025204,6.1,0.35,5.3,11.2,0.473,0.491,5.4,6.4,0.7182681732866047,0.6,4.0,4.176310723542577,1.0111932470708385,0.6617538512709672,1.1,0.8176556712802933,2.3,11.677478766212449,7.157476986037702
Josh Jackson,23,54.70659103128156,25,25.2,4.8,11.4,0.425243640847501,0.8935375757905453,4.1,0.3,3.5,7.3,0.487,0.473,2.6,3.5,0.6741906970321051,0.9,3.2,3.863403456198919,1.814638868691728,0.8823443287197067,0.8,1.7516818126003857,2.9,10.841545358584936,2.7577919438598215
Rodney McGruder,29,50.24593748791688,2,12.1,2.3,4.4,0.4226175976022711,0.7693374838806787,1.5,0.458,1.6,2.9,0.565,0.607,0.4,0.5,0.6003665881775924,0.5,0.9,2.7899103802541667,1.0475438016115637,0.475881904510252,0.1,0.5564126354617694,0.8,5.2007756416445305,-1.1831327837715868
Jahlil Okafor,25,39.408998034866194,2,12.9,2.3,3.8,0.5933810695028082,0.0,0.3,0.222,2.3,3.4,0.656,0.627,0.6,0.9,0.6579729251819999,0.9,1.6,4.084568985036901,0.8382372684873726,0.2082673211440524,0.2,1.0326406449519534,1.4,7.699982418924748,-3.1574817835861735
Mason Plumlee,30,71.29806133911151,56,26.8,4.2,6.8,0.6041196763285889,0.0,0.1,0.0,4.2,6.7,0.626,0.614,2.0,3.0,0.5252971822853489,2.6,6.7,5.657533843862027,2.525832115762567,0.6505606042001285,0.9,1.3923343709701697,3.3,7.380530730951517,3.616581627478425
Kent Bazemore,31,66.93537575790545,18,19.9,2.6,5.9,0.3942316340551869,1.399864514721231,2.7,0.408,1.5,3.1,0.486,0.545,0.8,1.2,0.7524147578234229,0.4,3.0,4.055877693681165,2.1980952424576183,1.2536308956473436,0.5,1.7468975008803511,2.4,10.736497930610856,1.6314981225248122
Marquese Chriss,23,56.67805037523349,0,13.5,2.5,7.0,0.4587803605864919,0.3759103566823859,2.5,0.2,2.0,4.5,0.444,0.393,1.0,2.0,0.7256185134019637,1.5,5.0,5.044416974622408,1.2623847407702613,0.602434861812885,1.0,1.1991122399292715,1.5,7.19125291003059,-0.7177994927731373
Stephen Curry,32,37.92353207901901,63,34.2,10.4,21.7,0.4483055252236131,3.755045437801156,12.7,0.421,5.1,9.0,0.569,0.605,5.7,6.3,0.952295868861322,0.5,5.0,5.209990042250463,6.001895594188308,1.2470329861591205,0.1,3.0153312580596605,1.9,24.36764230053959,13.35303885579208
Draymond Green,30,57.356757462480445,63,31.5,2.7,6.0,0.4237773192028543,0.8382461487290329,2.0,0.27,2.2,4.0,0.535,0.492,1.1,1.4,0.7400064429924184,0.9,6.3,6.91284285199879,6.704056014568702,1.3999999999999997,0.8,2.54703298615912,3.1,8.518894038251172,5.496285724834996
Damion Lee,28,35.00146411764985,1,18.9,2.2,4.8,0.4230153244635732,1.2242000919098666,3.4,0.397,0.9,1.4,0.638,0.608,0.7,0.8,0.8424356387450684,0.4,2.8,3.862627814554388,1.7225680680571662,0.8677054600279784,0.1,0.9042200074089404,1.6,9.557203346468592,1.6983437792298854
Kevon Looney,24,51.55920656941057,34,19.0,1.8,3.2,0.5063705387629072,0.0417737667700411,0.3,0.235,1.7,3.0,0.578,0.558,0.5,0.8,0.6558762438063405,1.9,3.4,3.948054617064007,1.0740683067420629,0.575881904510252,0.4,0.575881904510252,2.2,4.533844567404604,0.5077042040528053
Kelly Oubre,25,66.46358177866439,50,30.7,5.8,13.2,0.4391651790972695,1.71642352524746,5.2,0.316,4.1,8.0,0.519,0.501,2.2,3.2,0.784480016017968,1.5,4.5,5.358457598253501,1.3327361128623434,1.1900773299328424,0.8,1.391169597120642,2.2,15.8484927611786,5.1879923022197385
Gary Payton II,28,18.68479845816029,0,4.0,1.0,1.3,0.482526716414048,0.3407251539226608,0.4,0.5,0.8,0.9,0.889,0.846,0.3,0.4,0.0,0.2,0.9,1.8729579251321216,1.3811088135949765,0.8844818396629894,0.1,0.4786298084013485,0.8,3.609477800874945,-2.235172377603714
Andrew Wiggins,25,67.23361290776948,71,33.3,7.1,14.9,0.4337603150333546,1.7559911132295944,5.2,0.38,5.1,9.7,0.529,0.543,2.4,3.4,0.6873197086913081,1.2,3.7,4.814924329427784,2.871411664509523,0.9544951508730126,1.0,2.0652741725118258,2.2,19.52130781068584,5.489082102924465
Sterling Brown,25,54.52885017420761,14,24.1,2.9,6.6,0.4100558971678251,0.785871946760715,4.2,0.423,1.2,2.4,0.492,0.584,0.5,0.6,0.7805696201030788,0.7,3.6,3.1806127273716363,1.015842073512104,0.5317837245195782,0.2,0.7276457135307562,1.9,5.278106740235514,2.788918140780588
Bruno Caboclo,25,27.02306832145381,0,6.0,1.3,2.8,0.4003759600764618,0.6324963717660822,0.8,0.0,1.3,2.0,0.667,0.471,0.2,0.3,0.905230153799416,0.5,1.8,2.8466147554292363,0.7786052093085071,0.4167362946740969,0.3,0.6366028227783247,1.0,4.601177335580606,-1.9053060811287512
Eric Gordon,32,54.8735755884843,13,29.2,5.9,13.6,0.3968729314350356,2.991131166149794,7.8,0.329,3.3,5.8,0.573,0.527,3.5,4.2,0.7821691644764275,0.3,1.9,2.1888067529291613,1.805259219389079,0.6,0.5,1.402934806168446,1.6,15.882197916954722,4.5660685333862645
Danuel House,27,45.166808746450215,23,25.9,3.1,7.6,0.4426726031577687,1.652356620893066,4.3,0.346,1.6,3.2,0.483,0.504,1.1,1.8,0.8022903049226663,0.5,3.2,3.7782883141510033,1.1494393957998716,0.7024064096407513,0.4,0.8035276180410083,1.9,9.184204760757511,1.1044928961257252
David Nwaba,28,42.632570444339336,9,22.6,3.5,7.3,0.496985963843324,0.4935375757905453,2.1,0.27,3.0,5.2,0.574,0.525,1.6,2.3,0.6692220492022618,1.3,2.6,3.1858075314158483,0.9040560145687034,0.6823443287197067,0.7,0.6370429439086573,2.0,6.294594368845936,0.7687551375244315
Justin Patton,23,3.353113425605865,6,19.0,2.2,5.4,0.3852348184659075,0.0835475335400823,2.6,0.265,1.5,2.8,0.556,0.479,0.2,0.3,0.0,1.1,2.7,1.0999004225046296,0.5081764444822736,0.4799379190789554,1.1,0.1670950670801647,2.6,1.814128053239285,-1.0268408547467462
John Wall,30,46.16405632190302,40,32.2,7.3,18.2,0.4375023136266316,1.4453013848110494,6.2,0.317,5.4,11.9,0.449,0.458,4.0,5.3,0.7319741792539989,0.4,2.8,3.778816710678698,9.489335149456856,1.5864823397085286,0.8,3.906462424209455,1.2,20.835428501131208,7.723345998581154
Christian Wood,25,36.19779673653705,41,32.3,8.0,15.6,0.5395782518851847,0.5221416341027031,5.0,0.374,6.1,10.6,0.581,0.574,3.0,4.8,0.7391602182537765,1.9,7.8,4.505556355437259,0.61215159185224,0.3740472113675677,1.2,0.9815367082214996,2.1,8.910674137584392,5.272042066688764
Malcolm Brogdon,28,55.963728044636206,56,34.5,7.9,17.5,0.4721879571661228,1.444098179990674,6.7,0.388,5.3,10.8,0.493,0.527,2.7,3.2,0.9018671200375012,1.0,4.2,4.37767792120319,4.8291769040316055,0.7064624242094546,0.3,1.817737667700412,2.0,15.348893418196925,8.487966432798375
Justin Holiday,31,75.8285514417215,52,30.3,3.6,8.7,0.4004936907785714,1.96801628063358,6.3,0.382,1.2,2.4,0.494,0.551,0.9,1.2,0.829914009671945,0.4,3.1,3.679298835459293,1.653502583036537,1.270719165544009,0.6,0.9917774224374188,1.9,9.981833790600849,5.210935850130735
Jeremy Lamb,28,65.45583792078388,8,21.3,3.3,7.7,0.4486951905779616,1.3023244132206326,3.6,0.406,1.9,4.1,0.459,0.529,2.0,2.1,0.8597657554973466,0.7,2.9,4.661061461903034,2.182344328719706,1.0694194803007977,0.6,1.090009957749537,2.0,13.551500238684898,3.408464153905893
T.J. McConnell,28,73.91131166149793,3,26.0,4.0,7.1,0.5149696561633618,0.2064624242094546,0.7,0.313,3.8,6.4,0.586,0.574,0.5,0.7,0.8071221362211923,0.8,2.9,2.6359217355084,4.213088841259147,0.9646886574394136,0.3,1.355901820009326,1.6,6.417655671280293,2.926990888817306
Doug McDermott,29,74.62282247798663,29,24.5,5.4,10.1,0.4822588143347755,1.4487800931603003,4.3,0.388,3.7,5.7,0.641,0.616,1.2,1.5,0.8092675034383042,0.9,2.4,2.108434000265876,0.99903075533597,0.2077416108979437,0.1,0.5813750840556767,1.8,8.668443903774474,3.045510581849733
Domantas Sabonis,24,68.98714798759505,62,36.0,7.8,14.6,0.550783364042771,0.2076656290298302,2.6,0.321,7.0,12.0,0.582,0.564,3.9,5.3,0.7267832347630149,2.4,9.5,10.20909724203531,3.560186242763133,0.6594294380503345,0.5,2.336514547380962,3.3,15.335093350638113,6.736520087590778
JaKarr Sampson,27,20.87338721916698,4,10.9,1.9,3.9,0.5610049197852072,0.5334157483722786,0.5,0.2,1.8,3.4,0.541,0.509,0.7,1.0,0.7056450368628073,0.9,1.7,4.658902297379119,0.6881963599813476,0.6464225932113065,0.5,0.6046488264412653,1.8,9.876771307482224,-3.2563220846295398
Edmond Sumner,25,21.03592033385875,24,16.2,2.8,5.3,0.5381401458349818,0.3111932470708385,1.7,0.398,2.1,3.7,0.582,0.587,1.3,1.6,0.0,0.3,1.4,1.2088688338502058,0.8883603528215849,0.3794095225512603,0.2,0.4288489183511318,1.7,3.518412475993092,-3.130816215361448
Myles Turner,24,66.81651939351774,47,31.0,4.4,9.2,0.4725384223298078,1.1429769715904168,4.4,0.335,2.9,4.8,0.606,0.557,2.4,3.0,0.7521544841663027,1.3,5.2,6.756412635461769,1.3605506464505916,0.7099900422504628,3.4,1.424118095489748,3.5,12.654006225821018,5.038392955075427
T.J. Warren,27,58.331685032554425,4,29.3,6.8,12.8,0.5097810548437903,1.2711335005736164,1.8,0.0,6.8,11.0,0.614,0.529,2.0,2.5,0.8026824552867478,0.5,3.0,4.348846583927309,1.451763809020504,1.151763809020504,0.0,1.2658918622597888,4.0,19.137817329696706,2.030737840989161
Nicolas Batum,32,50.20691310800589,38,27.4,2.9,6.1,0.3981139491377453,1.0999180035798817,4.1,0.404,1.2,2.1,0.579,0.597,0.7,0.9,0.871420665903,0.7,4.0,4.81111125065072,3.7052768004643295,0.8823443287197067,0.6,1.4458297813387446,1.5,7.473611490371855,4.805819493526434
Patrick Beverley,32,50.56195899395777,34,22.5,2.5,5.9,0.4160609802052199,1.6764922974580658,3.8,0.397,1.0,2.1,0.468,0.55,1.0,1.2,0.7404834418914397,0.8,2.4,4.866484674132351,3.499389607052186,1.1764922974580658,0.8,1.4729646794170572,2.9,8.834753692838527,2.9175165542255215
Paul George,30,65.36796954648301,54,33.7,8.2,17.6,0.4364882900285206,3.422304497721558,7.7,0.411,5.1,9.9,0.51,0.557,3.7,4.2,0.8503562174716579,0.8,5.8,6.552703443505272,3.8235077025419337,1.8175736748601743,0.4,2.6582262332299584,2.4,23.813501335072697,10.144915077046297
Serge Ibaka,31,66.54534622348713,39,23.3,4.5,8.9,0.5108041357238089,1.1194692690484829,2.8,0.339,3.6,6.1,0.588,0.563,1.0,1.3,0.7524019574199957,1.8,4.9,7.707648047954577,1.2211832893213015,0.4417737667700412,1.1,1.636514547380962,1.9,14.588260775326216,2.094928281320941
Reggie Jackson,30,51.771683616072266,43,23.0,3.9,8.7,0.4178563672058086,1.7643535445998937,4.2,0.433,2.1,4.5,0.465,0.554,1.0,1.2,0.8467570762739491,0.4,2.5,2.7964656859699644,4.406007252391039,0.5653835536991753,0.1,1.812924848418909,1.9,13.761143889493171,2.9875008559950498
Luke Kennard,24,50.79099117946038,17,19.6,3.1,6.6,0.440876855445289,1.9312553279918832,3.6,0.446,1.5,3.0,0.511,0.597,0.4,0.5,0.8643934852019756,0.2,2.3,3.030052123171507,2.736678540221199,0.4482361909794958,0.1,1.150642600620247,1.4,11.741719767687805,1.0729075441776654
Kawhi Leonard,29,46.446558297127325,52,34.1,8.9,17.5,0.4783857539026598,1.856494631881888,4.9,0.398,7.0,12.6,0.557,0.568,5.0,5.7,0.8582027290803088,1.1,5.4,6.589381983726471,3.727199313423179,1.848236190979496,0.4,2.202406409640751,1.6,24.30058690291642,9.893939662458278
Marcus Morris,31,64.50461026704758,29,26.4,4.8,10.2,0.4380207835781459,1.995414551042696,5.2,0.473,2.4,5.1,0.472,0.592,1.3,1.6,0.823825930639272,0.6,3.5,5.472335667533087,1.4099900422504628,0.67074589533636,0.3,1.3576622810353167,2.1,14.992594790069486,3.44560637173719
Patrick Patterson,31,65.91148747225046,5,15.3,1.9,4.3,0.3939914236193534,0.8912131625699126,2.9,0.357,0.8,1.4,0.604,0.558,0.3,0.4,0.7657704041644772,0.5,1.5,2.4494393957998715,0.6317837245195782,0.2888067529291613,0.2,0.3658918622597891,1.2,4.215413254479778,0.06844361646289521
Ivica Zubac,23,60.57169440174568,33,22.3,3.6,5.5,0.5667539229837592,0.0,0.1,0.25,3.6,5.4,0.656,0.654,1.9,2.4,0.7684967286299201,2.6,4.6,5.924615759698545,0.982300042698736,0.2109839765604068,0.9,0.8801029035684164,2.6,7.394060225853869,2.398810672440682
Kentavious Caldwell-Pope,27,74.63996268071482,67,28.4,3.3,7.6,0.4444915698853253,1.6634854526190377,4.4,0.41,1.5,3.2,0.46,0.549,1.4,1.7,0.8097560200895587,0.4,2.3,3.1205260621038726,1.6423841597178548,0.9788167106786984,0.4,0.9623642442187808,1.7,11.005112807624092,3.4749481841277348
Alex Caruso,26,44.18594049908581,6,21.0,2.3,5.3,0.4278381235973216,0.6881963599813476,2.4,0.401,1.3,2.9,0.464,0.526,0.8,1.3,0.7472879743098185,0.5,2.4,2.148747006431939,2.3334157483722784,0.9453013848110494,0.3,1.1793275261311416,1.9,6.303757282082593,0.7931448783236519
Anthony Davis,27,63.088864149254576,36,32.3,8.4,17.0,0.5152517488854513,0.9770851093306276,2.8,0.26,7.6,14.3,0.536,0.512,4.4,5.9,0.8239225111869356,1.7,6.2,10.655045437801157,3.221694104773745,1.534108137740211,1.6,2.257105024829701,1.7,26.51414563431453,6.2443913388819805
Jared Dudley,35,50.498682148321954,0,6.8,0.2,0.8,0.4061566049959661,0.6187768796805504,0.5,0.333,0.0,0.3,0.0,0.333,0.0,0.0,0.8410808225982361,0.3,1.4,1.8704586922809356,1.1140460568191664,0.4505606042001284,0.1,0.467013070660046,0.6,3.0696843064928845,-5.008602755955589
Marc Gasol,36,62.9320959011007,42,19.1,1.7,3.7,0.4315880771322671,1.326217013451005,2.3,0.41,0.7,1.4,0.528,0.582,0.7,1.0,0.7675600872484296,0.7,3.4,7.294103625765507,3.9047730833407615,0.8557553916234041,1.1,1.8548228720884463,2.2,11.89544199565598,1.2820496395166714
Montrezl Harrell,27,72.6158985843073,1,22.9,5.4,8.7,0.6052028007284351,0.0,0.1,0.0,5.4,8.6,0.632,0.622,2.6,3.7,0.645165988782249,2.3,3.9,6.147690213376549,1.633497744792397,0.6782063177308847,0.7,1.4729470983418058,1.9,16.08486198797494,1.5306685394367978
LeBron James,36,66.52473779463689,45,33.4,9.4,18.3,0.5106162502058122,2.0353113425605867,6.3,0.365,7.1,12.0,0.591,0.576,4.0,5.7,0.6926145977188451,0.6,7.0,8.231701728099459,9.286646332548765,1.2823443287197065,0.6,3.8700298732486105,1.6,26.54686899331888,7.421208764178056
Kyle Kuzma,25,67.92862767497864,32,28.7,4.9,11.1,0.4461981609166069,1.7052592193890788,5.6,0.361,2.9,5.5,0.525,0.533,1.0,1.4,0.7340453166787064,1.6,4.5,5.275207096217571,1.82988813033127,0.5582262332299588,0.6,1.7087868374300872,1.8,15.608277277834128,3.988180697402843
Wesley Matthews,34,66.71743893521429,10,19.5,1.5,4.3,0.3990247900132402,1.9961106278488048,3.4,0.335,0.4,0.9,0.418,0.484,0.6,0.7,0.796449918312632,0.3,1.3,2.625430060302716,2.033855143622616,0.8213283026447583,0.3,1.0046177075888238,1.4,10.31198942662906,0.013448910314327378
Alfonzo McKinnie,28,44.64389924953302,0,6.6,1.2,2.4,0.4730300638632593,0.4199800845009259,1.0,0.41,0.8,1.4,0.593,0.602,0.3,0.5,0.6494902564612983,0.6,0.8,2.449932630177063,0.3276457135307562,0.3770851093306276,0.0,0.4770851093306277,0.7,3.886447177558025,-3.0338223318555855
Markieff Morris,31,61.61771432346219,27,19.7,2.5,6.2,0.446121433491406,1.2635000612332872,3.4,0.311,1.4,2.8,0.521,0.491,0.6,0.8,0.8006167673510817,0.8,3.6,4.465243756925316,1.498600210131452,0.633950258356064,0.3,1.279651109995833,1.7,10.010696145964518,0.9276712223539558
Dennis Schröder,27,70.25750119342447,61,32.1,5.4,12.5,0.4422815527312671,1.604730822861384,3.5,0.335,4.3,9.0,0.476,0.484,3.4,4.0,0.8345901820009326,0.5,3.0,3.47940952255126,4.564706238514665,0.8305805196992024,0.2,2.487685544528905,2.6,17.860913794281565,4.8920959624301705
Kyle Anderson,27,79.07324715373764,69,27.3,4.5,9.5,0.5002154272126969,0.4183533123039714,3.8,0.36,3.1,5.8,0.539,0.54,2.1,2.7,0.6522529590060858,0.8,5.0,4.658767646343635,2.467926377837132,1.0036032434452784,0.8,1.07628964789064,1.7,6.810886406071254,4.814056350690732
Dillon Brooks,25,56.41115283696132,67,29.8,6.4,15.4,0.4132535646246063,1.373639487709738,5.6,0.344,4.5,9.8,0.461,0.481,2.4,2.9,0.7677068584460955,0.8,2.1,2.706033605177129,1.5701118696687295,0.7976755867793673,0.4,1.4471149825792389,3.5,11.97845105113476,5.131062002969106
Tim Frazier,30,45.63239463358681,0,12.4,0.6,4.0,0.400613577902902,0.4579726766985562,1.6,0.0,0.6,2.4,0.25,0.15,0.4,1.2,0.7770224673798608,0.0,1.6,1.9278532649499969,3.65452804672689,0.5654170381153026,0.2,1.227645713530756,1.4,4.0229895840257,-4.860677446346243
Tyus Jones,24,70.12332036546347,9,17.5,2.5,5.9,0.4435100574845121,0.6176556712802932,2.0,0.321,1.9,3.9,0.487,0.485,0.6,0.6,0.8079087476062681,0.3,1.7,1.7364325509608436,4.150543023124876,1.0746786996898765,0.1,0.7417737667700411,0.4,6.674743115034742,2.1326950412939887
Jonas Valančiūnas,28,64.52555775883805,61,28.3,7.1,12.0,0.5730787938388018,0.4076656290298303,0.9,0.368,6.8,11.1,0.611,0.606,2.5,3.3,0.778123414672561,4.1,8.4,9.713273929473878,1.5587892495786506,0.3867743955701223,0.9,1.7422634868479894,2.9,14.592148921202432,5.989048888211668
Justise Winslow,24,43.50679018627231,1,19.5,2.8,8.1,0.4120311763594041,0.8893175683816047,2.1,0.185,2.5,6.0,0.41,0.376,0.8,1.3,0.6459800357245984,0.7,3.8,5.901285201240494,3.66819869440517,0.8187768796805502,0.5,1.934700949612773,1.8,10.899272448481565,-0.33418255138477093
Bam Adebayo,23,74.68727090932866,64,33.5,7.1,12.5,0.5526274032002535,0.0,0.1,0.25,7.1,12.4,0.573,0.571,4.4,5.5,0.713243009252617,2.2,6.7,8.07731351751573,3.2426125679029587,0.8870751515810907,1.0,1.922468490561796,2.3,11.341801764107924,6.583302200475439
Trevor Ariza,35,61.83383540699844,27,28.0,3.3,8.0,0.4167975074452726,1.907488969824172,4.8,0.35,1.6,3.3,0.5,0.515,1.1,1.5,0.8521084775242138,0.9,3.9,4.862181538178084,2.352324800907857,1.3518968942321477,0.6,1.1679940063436691,1.8,10.425285738685137,4.611939449411885
Jimmy Butler,31,60.62875059671224,52,33.6,7.0,14.2,0.4628707641296083,0.8472384658385692,2.0,0.245,6.6,12.2,0.538,0.514,6.9,8.0,0.8471193562578176,1.8,5.1,5.87958532897439,5.068280412227114,1.8797206258166133,0.3,1.8595232480533457,1.4,20.03754743467239,10.505955423950438
Dewayne Dedmon,31,55.1628847361968,0,13.1,2.9,4.1,0.4602991432360757,0.841421773230018,0.3,0.2,2.8,3.8,0.75,0.715,1.3,1.7,0.8310406643083132,1.8,3.6,6.823657696713229,1.0348625414961825,0.7439573825746646,0.4,1.3279157106506607,2.3,8.510771667258132,1.733124325652474
Goran Dragić,34,55.01402359811116,11,26.7,4.8,11.1,0.4336203500268182,1.7847507383604582,4.9,0.373,3.0,6.2,0.479,0.514,2.0,2.4,0.7840760121368496,0.5,2.9,3.38295472166752,4.925321300310123,0.7582262332299587,0.2,2.21533125805966,2.3,15.612595606881952,3.888393888772203
Udonis Haslem,40,8.458297813387444,0,3.0,2.0,2.0,0.313872800697348,0.1494393957998714,0.0,0.0,2.0,2.0,1.0,1.0,0.0,0.0,0.6897047612756302,0.0,1.0,2.7606970582155768,0.290009957749537,0.0,0.0,0.2517638090205041,0.0,2.2506250195449957,1.060571406606428
Andre Iguodala,37,47.40160579849073,5,21.3,1.5,3.9,0.4626701432651652,0.6517638090205041,2.9,0.33,0.6,1.0,0.53,0.504,0.4,0.6,0.518030792223399,0.6,2.9,3.724118095489748,2.8899279613294184,0.7923343709701696,0.6,1.0153312580596607,1.4,5.31284285199879,0.15679827351642395
Meyers Leonard,28,50.06955658586646,2,9.7,1.0,2.3,0.5408145869331717,0.7629570560913428,2.3,0.429,0.0,0.0,0.0,0.643,0.3,0.7,0.7534229425874807,0.0,2.3,3.933051344684821,0.9893995648017234,0.2417737667700411,0.0,0.6453013848110495,1.7,5.380595146296384,-4.77293345771659
Giannis Antetokounmpo,26,68.96390385538874,61,33.0,10.3,18.0,0.5557386915175132,0.9682982719005404,3.6,0.303,9.2,14.4,0.636,0.6,6.5,9.5,0.6963737935025823,1.6,9.4,12.356559047226757,5.509379649302649,1.222914890669372,1.2,3.5311733315717646,2.8,28.258983037942752,5.351768686737591
Pat Connaughton,28,68.57122605904952,4,22.8,2.4,5.6,0.4510341045947038,0.9264425087103806,3.9,0.371,1.0,1.7,0.583,0.565,0.4,0.6,0.7738638741531281,0.9,3.9,3.6694018992255457,1.615842073512104,0.4099900422504629,0.3,0.6253213003101236,1.4,5.911622066103163,2.1595272662810867
Bryn Forbes,27,73.58062240389722,10,19.3,3.6,7.6,0.4312668975382721,1.9423665786426032,4.9,0.452,1.4,2.7,0.511,0.618,0.7,0.9,0.8107001931119281,0.2,1.4,2.1622646667234102,1.667605882532608,0.475881904510252,0.0,0.8376357557812192,1.1,10.367570720382105,1.6883100732377159
Jrue Holiday,30,67.87010736236225,56,32.3,7.0,13.9,0.4702044406568375,1.8111932470708385,4.8,0.392,5.1,9.2,0.561,0.57,1.8,2.3,0.7476947347938304,1.2,3.3,4.795861989011177,6.872254708973873,1.575881904510252,0.6,2.937635755781219,1.7,19.79215279705468,7.436445955530205
Brook Lopez,32,73.88114363561229,70,27.2,4.6,9.1,0.4480338120627602,1.772865101921687,4.0,0.338,3.2,5.1,0.632,0.577,1.7,2.0,0.8059694212630479,1.5,3.5,4.5576158402821445,1.445911777758863,0.5935375757905453,1.5,1.0723542864692437,2.1,12.411721643598533,4.857131105875059
Khris Middleton,29,71.93983975898122,68,33.4,7.5,15.8,0.47042283326366,2.221183289321301,5.4,0.414,5.3,10.4,0.508,0.546,3.1,3.5,0.8813367806285141,0.8,5.2,5.890602769622098,4.227645713530756,1.0788167106786983,0.1,2.2582262332299585,2.4,19.82024365483653,8.061785356136857
Bobby Portis,25,62.23096464584861,7,20.8,4.7,9.1,0.4522179364099836,1.18783715664276,2.4,0.471,3.6,6.7,0.542,0.585,0.8,1.1,0.7779006968009666,1.9,5.2,6.508693896359088,1.51822102976811,0.6246384195175683,0.4,1.2978722333532198,1.7,12.250187584059656,3.1488605534584444
Malik Beasley,24,65.55638249673717,36,32.8,7.1,16.2,0.4408667037180716,1.6108857384952084,8.7,0.399,3.7,7.5,0.487,0.547,1.8,2.2,0.7963957145419299,0.8,3.6,2.251970380941072,1.105606588725656,0.5999166444201897,0.2,0.7749931817741742,1.7,9.287191468820176,7.2774915250109
Ed Davis,31,58.13636074718573,7,13.0,0.8,1.9,0.5501520493908288,0.0,0.0,0.0,0.8,1.9,0.432,0.432,0.4,0.5,0.5801837406239257,2.0,3.0,6.305442049161048,0.5605506464505915,0.4,0.6,0.6746786996898764,2.4,4.008458851749612,-2.3393104356829664
Juan Hernangómez,25,49.956628340204375,6,17.3,2.5,5.8,0.4111856936652598,0.8259051399153379,3.2,0.327,1.4,2.5,0.573,0.527,1.2,1.9,0.731058795418711,0.9,3.1,3.544653493320412,0.7293862871461746,0.3360986464817387,0.1,0.5368019810498954,1.0,5.2631894101422,0.21314129299399376
Jake Layman,26,42.26607757407098,11,13.9,2.0,4.1,0.4347175091254088,0.714720865111847,1.7,0.295,1.5,2.4,0.642,0.557,0.6,0.8,0.7142922373830122,0.3,1.2,2.222286916646307,0.6035276180410083,0.4770851093306277,0.4,0.6465045896314251,1.0,6.634812199227254,-1.3481438513954576
Ricky Rubio,30,68.91741559097608,51,26.1,2.8,7.3,0.4119716477132692,1.2,3.1,0.308,1.9,4.2,0.447,0.454,1.9,2.2,0.8609948918454756,0.4,2.9,4.300692389367932,7.034946938873129,1.414128053239285,0.1,2.6658918622597896,2.0,12.921793682269117,4.4637027417237185
D'Angelo Russell,24,58.00247245116836,26,28.5,6.7,15.5,0.4266331654989765,2.9066767279380983,7.4,0.387,3.8,8.1,0.471,0.523,2.7,3.5,0.7784573728421207,0.4,2.3,3.916709506708016,6.276242831578918,1.033904673424273,0.4,3.1779776979707437,1.6,20.582077070190262,5.5277800039062885
Karl-Anthony Towns,25,60.660922731070094,50,33.8,8.5,17.5,0.5203345091052278,2.354252215081374,6.3,0.387,6.1,11.2,0.541,0.555,5.3,6.2,0.824596474299728,2.7,7.9,11.707501636189592,3.5765567128029327,0.875881904510252,1.1,2.810582854123025,3.7,24.529588141988675,9.350864320261275
Steven Adams,27,71.93373582950308,58,27.7,3.3,5.3,0.601946939463413,0.0,0.1,0.0,3.3,5.3,0.62,0.614,1.0,2.3,0.548484165090385,3.7,5.2,9.29586198901118,1.7959439854312964,1.135229346140468,0.7,1.6164524664599176,1.9,12.646786996898763,2.2014207764850067
Lonzo Ball,23,54.88970745769398,55,31.8,5.3,12.7,0.3936524630716147,1.916534462880036,8.3,0.378,2.1,4.5,0.482,0.537,0.9,1.2,0.4874430649538757,0.6,4.2,6.020079661996296,6.5025059871361215,1.5064624242094544,0.6,2.6724362828893624,1.9,10.766055855100026,7.248871054780016
Eric Bledsoe,31,69.93373582950308,70,29.7,4.3,10.3,0.4779316609834197,1.4531119858977322,5.0,0.341,2.6,5.3,0.496,0.503,1.9,2.7,0.7764881334015742,0.4,3.0,4.41552916152436,5.34122087808375,1.3631035524327533,0.3,2.422177106739958,1.6,15.91997317341758,4.162767456848828
Josh Hart,25,65.19980084500926,4,28.7,3.2,7.3,0.4286370218868502,1.56063264287071,4.1,0.326,1.9,3.2,0.583,0.531,1.5,1.9,0.7126811544212857,1.1,6.9,4.990255947009892,1.5012032048203756,0.9276457135307562,0.3,0.9770851093306276,2.4,8.784914731200695,4.535349107889777
Willy Hernangómez,26,44.309273423114085,12,18.0,3.2,5.7,0.5332144529351474,0.2079802009596506,0.2,0.1,3.2,5.5,0.581,0.565,1.3,2.0,0.6569237067573589,2.5,4.6,4.563643323502236,0.8768276609520596,0.3221082541989355,0.5,0.9336752374031932,1.4,6.274146221857488,0.8439567087347708
Brandon Ingram,23,57.86564336128647,61,34.3,8.4,18.0,0.4762850335159539,1.3760458973504892,6.1,0.381,6.1,11.9,0.51,0.531,4.6,5.2,0.7499689152446574,0.6,4.3,5.565973858679907,3.718348060648225,0.7812231203194497,0.6,2.708868833850206,2.0,20.06695907157781,7.491661583440779
Isaiah Thomas,31,28.520273793561117,0,16.0,3.0,9.0,0.3774199200586423,1.589579098064866,4.0,0.25,2.0,5.0,0.4,0.389,0.7,0.7,0.7708575439824539,0.3,1.0,1.5918235555177265,3.34306197573883,0.3808369477515975,0.0,2.020575904101783,1.0,11.519833383955408,-0.5492773543178533
Reggie Bullock,29,48.55573834328852,64,30.0,3.8,8.6,0.4254822452999053,1.8299398092650712,6.1,0.41,1.3,2.5,0.521,0.587,0.8,0.8,0.8219740911080712,0.2,3.2,2.4982037172340736,1.655295473506733,0.7703090972191232,0.2,0.8329392968513729,2.2,9.9480802910297,4.702368350227269
Alec Burks,29,64.83547533540082,5,25.6,4.3,10.2,0.4133554001263743,1.2378535633425,5.0,0.415,2.2,5.2,0.425,0.522,2.1,2.4,0.853406094747033,0.4,4.2,3.763960773287406,2.11186317987626,0.7329165306319492,0.3,1.1503040515299334,2.1,11.119080303563534,4.657173492169353
Taj Gibson,35,69.55227011716644,3,20.8,2.2,3.5,0.5761722685224796,0.1341081377402109,0.3,0.2,2.1,3.2,0.671,0.636,0.9,1.2,0.7492095488113619,2.2,3.4,5.725685703997581,1.0329049329198352,0.6329049329198352,1.1,0.9405705619496656,2.2,9.174286298664535,1.4393742530335683
Nerlens Noel,26,58.98069243661189,41,24.2,2.1,3.5,0.6123261536083987,0.0,0.0,0.0,2.1,3.4,0.623,0.614,0.8,1.1,0.7295773174299628,2.2,4.2,4.83006970424676,0.7494393957998714,0.9658918622597892,2.2,0.8812231203194496,2.8,5.82375369180229,2.927162749396727
Frank Ntilikina,22,57.289660769217534,4,9.8,0.9,2.4,0.366905195173455,0.7517638090205041,1.5,0.479,0.2,0.9,0.194,0.513,0.2,0.5,0.7964262298416559,0.2,0.8,2.114128053239285,2.980019915499074,0.8076656290298303,0.1,1.3546986151889506,1.4,5.998878791599743,-2.332752586681398
Elfrid Payton,26,48.3180130559483,63,23.6,4.3,9.9,0.4503784971027518,0.5210738411557644,1.6,0.286,3.8,8.3,0.46,0.455,1.2,1.7,0.6447903283700132,1.0,2.4,4.796272267669131,7.112095980214933,1.334864521378097,0.1,2.4397867265663606,1.8,10.840907155075566,3.4218316786308396
Julius Randle,26,71.4109895847736,71,37.6,8.5,18.6,0.505464941733688,0.7488290028520578,5.5,0.411,6.2,13.1,0.474,0.516,4.9,6.0,0.7287001229217336,1.2,9.0,8.948910999272176,2.97940952255126,0.6935375757905454,0.3,2.8353113425605865,3.2,19.32803937041258,8.610298755157247
Al Horford,34,68.5469861518895,28,27.9,5.8,12.9,0.4883979743201809,1.3153312580596606,5.4,0.368,3.8,7.4,0.51,0.528,0.6,0.8,0.787606338987272,1.0,5.7,6.910600435198276,4.237042943908658,0.785871946760715,0.9,1.44703298615912,1.7,12.721019296481064,5.781236483510687
Darius Miller,30,57.99847679278874,0,10.9,1.2,2.7,0.3488466985200365,1.4076480479545783,2.3,0.405,0.3,0.3,0.833,0.635,0.7,0.7,0.0,0.1,1.2,1.5241005144144963,1.4512354124928089,0.4012032048203756,0.3,0.6629570560913427,0.7,6.182356000838817,-1.2318882809151397
Mike Muscala,29,54.24546914522072,0,18.4,3.4,7.6,0.4164964754582425,1.2083225605358936,5.3,0.37,1.5,2.4,0.614,0.573,0.9,1.0,0.840050355196903,0.5,3.2,3.3105051051160364,1.015250776014374,0.3465687092649264,0.3,0.6126532261365851,1.5,6.226218643649771,2.389439290127857
Dwayne Bacon,25,43.74085887817314,50,25.7,4.1,10.1,0.3978292207122997,0.5640782644915998,2.9,0.285,3.2,7.2,0.449,0.443,2.0,2.4,0.7207107625004137,0.4,2.7,2.357105024829701,1.0870751515810906,0.4253213003101235,0.1,0.608868833850206,1.4,5.666895912089424,2.3550116469516365
Michael Carter-Williams,29,40.8898832684465,25,25.8,3.4,8.7,0.3891200953335482,0.40303789796306,2.0,0.246,2.9,6.7,0.431,0.417,1.6,2.6,0.7581814182146683,1.3,3.2,2.8872989162455696,2.385871946760715,0.9009583447814016,0.5,0.9763505292137052,2.6,5.744589029290004,2.350747247415528
James Ennis,30,65.97164771326923,37,24.0,2.8,5.9,0.4576072609357822,0.8464325211023933,2.5,0.433,1.7,3.4,0.504,0.566,1.7,2.1,0.7954814188032069,1.0,3.0,3.3177519865775738,0.8580235900119833,0.6371586590559309,0.2,0.7360586107245589,2.0,6.769929133674616,2.3346528843084293
Markelle Fultz,22,39.93419161363443,8,26.9,5.1,13.0,0.4348393993456542,0.2770851093306277,2.0,0.25,4.6,11.0,0.42,0.413,2.1,2.4,0.6134848543168985,0.6,2.5,3.388196359981347,4.1043020038290585,1.0670950670801649,0.3,1.5682982719005405,2.3,9.563877853644378,3.7095675555192287
Frank Mason III,26,29.262141005252765,1,19.8,2.3,6.0,0.4230614485479161,0.5735574912896194,1.3,0.4,1.8,4.8,0.368,0.417,1.3,1.8,0.675974250902125,0.8,2.3,1.8553910045568829,2.762446240638899,0.555901820009326,0.0,1.121793682269115,1.8,6.527234475573684,-0.6724523096795672
Chasson Randle,27,24.23690532313903,5,20.4,2.2,5.8,0.2429149564792189,0.4665237175171535,3.2,0.338,1.2,2.6,0.449,0.481,0.9,1.2,0.8156761634358529,0.2,1.8,0.9625887427533713,1.7188386980638128,0.5427322950189704,0.1,0.4869313367777094,1.6,3.864360671758939,1.6901859660766156
Terrence Ross,29,62.23983355843874,2,29.3,5.5,13.4,0.4103211296605653,2.320572896373488,5.7,0.337,3.6,7.7,0.469,0.485,2.6,3.0,0.835662151948406,0.3,3.1,3.2540882222411365,1.467013070660046,1.0317837245195782,0.5,1.0823443287197068,1.9,13.389346821575968,5.068013291780419
Seth Curry,30,68.85789950340596,57,28.7,4.5,9.7,0.478321292912753,1.954780611609069,4.9,0.45,2.3,4.8,0.485,0.582,1.2,1.4,0.8381922327978812,0.2,2.2,2.133597322287768,1.7518633865158744,0.6864823397085287,0.1,1.0041380109888218,1.7,10.961606183649502,3.645753721651973
Joel Embiid,26,58.32822936499716,51,31.1,9.0,17.6,0.4808346553711996,1.109990042250463,3.0,0.377,7.9,14.6,0.541,0.545,9.2,10.7,0.7968118795816895,2.2,8.4,12.137454181865728,3.286993155160972,0.7594294380503344,1.4,3.3811411238993307,2.4,24.51074810281974,9.366223737017007
Terrance Ferguson,22,63.34536956772535,0,3.8,0.1,0.5,0.3944696982667073,1.0223044977215583,0.4,0.0,0.1,0.2,0.5,0.143,0.0,0.0,0.7776501087995692,0.0,0.1,1.3840583489925251,0.7893995648017234,0.475881904510252,0.0,0.5035276180410083,0.5,4.730299368288343,-6.251724035483827
Danny Green,33,72.57533843862026,69,28.0,3.2,7.9,0.4257187398006763,2.014638868691728,6.3,0.405,0.7,1.6,0.438,0.573,0.4,0.6,0.7597211080892184,0.8,3.0,3.61111125065072,1.4746786996898764,1.0670950670801649,0.8,0.948236190979496,1.8,8.929195740963337,4.5785985029212295
Tobias Harris,28,77.34026141320092,62,32.5,7.6,14.9,0.4743042119880437,1.9487074589058575,3.4,0.394,6.3,11.5,0.546,0.556,2.9,3.3,0.831140549870981,1.0,5.8,6.89378080234974,2.868623242137488,0.7145440061385556,0.8,1.5452550560261629,1.9,19.49417155305885,6.634394144148962
Dwight Howard,35,51.429288814643215,6,17.3,2.6,4.4,0.650879887843215,0.0,0.3,0.25,2.5,4.1,0.611,0.596,1.8,3.0,0.5591681812600385,2.8,5.7,9.202195582530898,0.7423841597178549,0.5846687419403394,0.9,1.742302163297736,2.9,11.50247798979824,-1.4824216146141715
Furkan Korkmaz,23,49.82555155829559,11,19.3,3.1,7.7,0.3850375011726996,1.2730290947619245,4.9,0.375,1.3,2.8,0.445,0.52,1.1,1.5,0.7149869832774757,0.3,1.7,1.9041204299135703,0.9070552360820168,0.4794095225512603,0.2,0.5288489183511319,1.2,6.457990660232234,0.8827874750321758
Mike Scott,32,73.68134279060303,12,16.7,1.5,4.1,0.4431892201463034,1.152687131112177,3.0,0.342,0.5,1.1,0.411,0.486,0.2,0.2,0.7248699017623147,0.2,2.1,3.483607358473775,0.8723542864692437,0.2999999999999999,0.3,0.5904739223114287,1.4,6.61572536981232,-1.5856579907546706
Ben Simmons,24,70.29213322038589,58,32.4,5.6,10.1,0.5657602831627523,0.0,0.2,0.3,5.6,9.9,0.562,0.56,3.0,4.9,0.5991252528258094,1.6,5.6,8.213435663871353,7.945911777758862,1.7647706538595318,0.6,3.475881904510252,2.9,16.425832115762564,3.8017133277778328
Anthony Tolliver,35,64.19915669156059,0,9.0,0.4,1.5,0.3926975747923149,1.2592687102538516,1.3,0.286,0.0,0.3,0.0,0.353,0.5,0.5,0.7519884822335804,0.3,0.6,2.8245747341497465,0.8291318723428421,0.325637141554113,0.2,0.620320480328835,0.6,5.371722972995427,-5.122278231830438
Devin Booker,24,64.09461645722767,67,33.9,9.3,19.2,0.4677488952679973,2.202934806168446,5.5,0.34,7.4,13.7,0.543,0.533,5.1,5.9,0.8910342678468914,0.5,3.7,4.238246148729032,6.16819869440517,0.8164524664599176,0.2,3.854088222241137,2.7,26.189992376674287,7.574817285099622
Jae Crowder,30,73.73393498449381,42,27.5,3.3,8.2,0.4031530972183864,1.9530309550007448,6.3,0.389,0.9,1.9,0.455,0.555,1.0,1.3,0.7780054861997028,0.5,4.2,4.960932854985513,1.918827623458383,0.9302477908632948,0.5,1.05056504241806,2.1,10.786172278696256,4.330938535472285
Langston Galloway,29,68.84569164444969,0,11.0,1.7,3.7,0.4035335941486622,1.7288489183511315,2.1,0.424,0.8,1.6,0.484,0.571,0.6,0.6,0.8408600077745045,0.2,0.9,2.0629570560913426,1.2429769715904169,0.6076656290298302,0.0,0.4253213003101235,0.6,8.663103467856327,-0.5164336413807984
Frank Kaminsky,27,51.37588921511605,13,15.2,2.6,5.5,0.4493692578533803,1.148236190979496,1.8,0.365,1.9,3.7,0.523,0.531,0.8,1.3,0.7276477781867214,0.8,3.2,3.94185576319016,1.6229968870894909,0.390009957749537,0.4,0.875881904510252,1.5,9.662463821714148,-0.7421277817117744
E'Twaun Moore,31,61.24746069512813,1,14.4,2.0,4.5,0.4645363140587092,1.3229148906693724,1.3,0.314,1.6,3.2,0.512,0.5,0.4,0.5,0.7183400981610131,0.5,1.1,2.478816710678698,1.7876035481087855,0.7646886574394135,0.2,0.9570230284095832,1.2,10.540852969217005,-1.4247147855332205
Abdel Nader,27,55.3582215801303,0,14.8,2.4,4.8,0.4208154519704379,0.6670950670801646,1.8,0.419,1.6,3.0,0.534,0.569,1.2,1.5,0.7210190135735128,0.3,2.3,1.761753851270967,0.5153312580596605,0.3417737667700412,0.4,0.6394493535494085,1.4,4.719615680813468,-0.35161434532084357
Chris Paul,35,63.01285201240494,70,31.4,6.3,12.6,0.4581300558898254,2.0217116858489965,3.7,0.395,4.8,8.9,0.543,0.557,2.4,2.6,0.8945455094756748,0.4,4.1,4.960039830998148,7.501039211980138,1.7605506464505911,0.3,2.3782063177308848,2.4,17.159018200093264,8.607442837926124
Cameron Payne,26,23.979404129714545,1,18.0,3.2,6.6,0.4463437372161715,1.2936943750968768,2.8,0.44,2.0,3.8,0.515,0.576,0.8,0.9,0.8144669815612711,0.3,2.1,2.9050393417123583,3.1120540659865337,0.8633040049892146,0.3,1.2920433823282953,1.6,8.552277665881933,1.2859129965420504
Dario Šarić,26,74.01039211980138,4,17.4,3.1,6.8,0.458085824307507,1.5138830972949335,2.7,0.348,2.1,4.1,0.512,0.516,1.7,2.0,0.8495582554173795,0.9,2.9,6.142049114462945,1.9597648452836105,0.6076956588000167,0.1,1.4202854619640155,1.9,11.605234321999207,0.8017931141026367
Carmelo Anthony,36,46.45171298264835,3,24.5,4.7,11.3,0.4152022607376128,1.873475494869501,4.7,0.409,2.8,6.6,0.429,0.506,2.0,2.2,0.7705916210014528,0.5,2.6,5.872436282889362,1.1106824316183952,0.6153312580596605,0.6,1.2965543783791105,2.1,14.910782009113769,2.495984899265336
Robert Covington,30,60.473961339900974,70,32.0,2.9,7.3,0.4221078241715065,2.404243890837774,5.1,0.379,1.0,2.2,0.451,0.533,0.7,0.9,0.7959958114255122,0.9,5.8,5.952201292020747,1.4839809240220558,1.8281762439388605,1.2,1.45056906765079,2.8,12.768655793073426,5.903444006444795
Rondae Hollis-Jefferson,26,61.58836626177772,1,9.7,0.8,1.6,0.4507762983107709,0.1582262332299588,0.1,0.0,0.8,1.5,0.529,0.5,0.8,1.5,0.7166675289756761,1.0,1.4,5.411128831725972,1.9006103929478135,0.8141280532392849,0.4,1.2611610393984052,1.4,9.312203205856614,-2.626264546323659
Derrick Jones,23,49.935024136400415,43,22.7,2.5,5.2,0.4856583504652486,0.4549486230069485,2.3,0.316,1.8,2.9,0.619,0.554,1.0,1.6,0.6889883581246438,1.3,2.2,3.449334418396277,0.7678680715176345,0.7388389606015948,0.9,0.529627322696825,2.2,6.671529920156599,0.8187411284404558
Enes Kanter,28,64.20508481028622,35,24.4,4.7,7.8,0.5697384719674253,0.0565075117785583,0.1,0.25,4.7,7.7,0.607,0.605,1.8,2.3,0.7708533905334763,3.9,7.1,9.103137197242056,1.3690198986013205,0.4475356228934747,0.7,1.429983006648059,2.3,11.454086982740549,4.500386295593099
T.J. Leaf,23,44.26196519450024,0,5.0,0.7,1.4,0.4731533376977261,0.190009957749537,0.0,0.0,0.7,1.4,0.5,0.5,0.3,0.3,0.5427900796111976,0.0,0.7,2.156494631881888,0.309990042250463,0.2594294380503344,0.1,0.2417737667700411,0.1,3.28285514417215,-4.4433882080797575
Damian Lillard,30,72.46340596791188,67,35.8,9.0,19.9,0.4507311109118204,3.4836295299602007,10.5,0.391,4.9,9.4,0.519,0.554,6.7,7.2,0.90293901979478,0.5,3.7,4.450560604200128,7.287157148001208,1.1,0.3,2.80766562902983,1.5,27.81979725472896,12.90388921122286
CJ McCollum,29,72.65299050387226,47,34.0,8.6,18.8,0.451799203380037,2.5429769715904165,8.9,0.402,5.0,9.9,0.509,0.554,2.3,2.8,0.8002700732324506,0.6,3.3,4.083547533540082,3.6813051167395687,0.8482361909794959,0.4,1.7217936822691151,1.9,21.59775758319949,7.993748512945752
Jusuf Nurkić,26,46.953055951456,37,23.8,4.6,9.0,0.5018458674552022,0.1253213003101235,0.8,0.4,4.3,8.2,0.525,0.532,1.9,3.1,0.7857154798998071,2.3,6.6,10.020572896373489,3.1965367973038585,1.1188588761006688,1.1,2.341773766770041,2.8,16.1219400940341,2.5982677583435603
Harrison Barnes,28,74.91131166149795,58,36.2,5.5,11.1,0.4421061920084659,1.7248898555625165,4.4,0.391,3.8,6.7,0.567,0.575,3.4,4.1,0.8182990026966692,1.1,5.5,5.11189865101286,1.9192083244281573,0.6217051785619523,0.2,1.30336168441489,1.3,16.23095599717487,6.465749102966994
De'Aaron Fox,23,66.53842232980782,58,35.1,9.1,19.1,0.456095904764125,0.9794095225512603,5.5,0.322,7.3,13.6,0.539,0.523,5.2,7.2,0.716845047491001,0.6,2.9,3.558819045102521,6.391706396947104,1.4135176602914714,0.5,2.828848918351132,2.9,17.512671694345933,7.1886538912811115
Buddy Hield,28,77.34026141320092,71,34.3,5.7,14.0,0.4429914361779182,3.277677921203189,10.2,0.391,1.7,3.8,0.446,0.548,1.2,1.5,0.8671198646979061,0.4,4.3,4.54348778704286,2.5641602609117182,0.8800199154990741,0.4,1.96063264287071,2.5,18.33689062318753,6.731531810988306
Richaun Holmes,27,53.83283963204474,61,29.2,6.0,9.4,0.6131328208729375,0.0241180954897479,0.2,0.182,6.0,9.2,0.645,0.638,2.2,2.8,0.7379283802160999,2.4,5.9,6.047953783712157,1.0382461487290326,0.6770851093306277,1.6,0.8606326428707101,3.5,9.502716814245977,4.502141568759834
Glenn Robinson III,27,47.47772209796668,2,16.0,1.8,4.3,0.4481268115497701,0.7905115703211234,1.9,0.364,1.1,2.4,0.473,0.505,0.9,1.0,0.8335730183322023,0.5,1.5,2.709954055413497,0.9628591608013404,0.5946985289549468,0.1,0.5458096933716632,1.0,7.319694739171738,-0.6206699275920062
Hassan Whiteside,31,65.5700544733433,4,15.2,3.5,6.2,0.5844102737831987,0.0417737667700411,0.0,0.0,3.5,6.2,0.565,0.563,1.1,2.2,0.6092637897889572,1.7,4.3,12.243140964430651,1.0153312580596607,0.5405705619496656,1.3,1.6053412158091975,2.0,14.046768159967032,-2.7308267644750455
DeMar DeRozan,31,73.96390385538874,61,33.7,7.5,15.1,0.4958573595125835,0.3411809548974792,1.2,0.257,7.1,13.9,0.515,0.505,6.3,7.2,0.8350601602410187,0.7,3.6,5.284651160865088,5.708176444482272,1.0582262332299586,0.2,2.419980084500926,2.1,22.010089619745838,7.5402161997996
Rudy Gay,34,65.27035320582941,1,21.6,4.2,10.0,0.4718122437617592,0.9794095225512603,4.4,0.381,2.5,5.6,0.451,0.505,1.3,1.6,0.8329587240527381,0.7,4.1,5.805159641893709,1.9105008577029063,0.6746786996898764,0.6,1.4605506464505913,1.8,11.957962662894351,2.5440001083730817
Trey Lyles,25,65.75289092637689,9,15.6,1.9,3.9,0.4473028644031274,0.955901820009326,1.7,0.35,1.3,2.2,0.58,0.556,0.7,1.0,0.7145502660086942,0.4,3.3,4.834882523528262,1.2264425087103803,0.4341081377402109,0.0,0.8187768796805502,0.6,7.960404234685606,-0.9488993855999013
Patty Mills,32,75.3161973167934,1,24.8,3.7,9.0,0.4241298926376377,2.0670950670801647,6.3,0.375,1.3,2.7,0.5,0.544,1.0,1.1,0.8676953663887143,0.3,1.4,1.8770031129105087,2.45047860778001,0.7076656290298302,0.0,1.0229148906693724,1.2,10.634272130580449,3.5009756895356787
Dejounte Murray,24,64.36315392390222,67,31.9,6.6,14.5,0.4480428442275381,0.3329869293399538,3.0,0.317,5.6,11.6,0.488,0.485,1.6,2.0,0.7440080238312593,0.9,6.2,4.632341374241636,3.015395673404527,1.1676878789527263,0.1,1.614720865111847,2.0,8.136114981543,6.910616877068771
Jakob Poeltl,25,73.61079042978287,51,26.7,3.8,6.2,0.639604042346856,0.0,0.0,0.0,3.8,6.2,0.616,0.616,0.9,1.8,0.5193058768451182,3.2,4.8,5.346504589631425,1.3300521231715074,0.5076656290298304,1.8,0.780019915499074,2.5,5.879427103626512,2.51660768863357
Derrick White,26,55.35868992282645,32,29.6,5.2,12.6,0.4716745947076762,0.8606326428707101,6.8,0.346,2.8,5.8,0.486,0.503,2.7,3.2,0.7884717223311147,0.4,2.6,3.0023068321453805,2.912889686268406,0.6399601690018517,1.0,1.1170452783324796,2.5,8.868920336967467,5.1359027920770455
OG Anunoby,23,69.52374201968318,43,33.3,5.8,12.1,0.479063615908576,1.1253213003101232,6.1,0.398,3.4,6.0,0.562,0.58,1.9,2.4,0.6447938942976303,1.3,4.3,3.806098020521997,1.0759639009303708,0.9924163673902884,0.7,0.8770851093306278,2.7,8.238556553334256,6.3769951366214865
Aron Baynes,34,54.47578963762067,31,18.5,2.5,5.7,0.4747596390093037,0.7212652857414201,1.9,0.262,2.0,3.8,0.532,0.485,0.5,0.8,0.786007417353505,1.6,3.5,5.244790569358606,1.308868833850206,0.2241180954897479,0.4,1.0153312580596607,2.2,8.161124621391421,-0.08469130101991951
DeAndre' Bembry,26,52.2020974854251,12,19.1,2.3,4.5,0.4424595861202848,0.4264425087103805,1.0,0.264,2.0,3.4,0.589,0.544,0.9,1.3,0.583626127451921,0.6,2.2,3.638146571233663,2.1046488264412653,1.1794095225512602,0.4,1.5987967951796245,1.7,6.542103008306995,0.21654025567153923
Chris Boucher,28,35.69119491958206,14,24.2,4.8,9.3,0.349635554853337,0.3870751515810906,3.9,0.383,3.3,5.4,0.609,0.595,2.5,3.2,0.0,2.0,4.8,2.8031632143535505,0.2012032048203756,0.2353113425605865,1.9,0.3111932470708385,2.8,3.8826371522496776,3.716934810033404
Henry Ellenson,24,17.734110795246337,0,19.0,2.5,7.0,0.2898212855601408,0.4311540473990808,4.5,0.222,1.5,2.5,0.6,0.429,1.5,2.0,0.0,1.5,4.5,2.2069355228652463,0.4967499294969469,0.1461893252968184,0.0,0.2731795147075778,3.5,3.178307151082735,0.0616381599121123
Stanley Johnson,24,49.59629848897555,13,16.5,1.5,3.8,0.3790817426223975,0.6951806734314532,2.2,0.328,0.7,1.6,0.458,0.479,0.7,0.9,0.6936172686281442,0.5,2.0,2.6259401413308625,1.1913921107701193,0.7343755896475804,0.3,0.9190378243008758,1.9,5.454306214163608,-0.42176567285883415
Kyle Lowry,34,65.21118873976435,46,34.8,5.7,13.0,0.4169475836168617,2.7359217355084,7.2,0.396,2.8,5.8,0.487,0.546,3.0,3.5,0.8470672599454505,0.8,4.6,5.076492297458065,7.764589079944043,1.3276457135307562,0.3,2.804730822861384,3.1,16.854597781837096,9.44008214102674
Patrick McCaw,25,39.09496807873271,0,6.6,0.2,0.2,0.4083407308262246,0.4253213003101235,0.0,0.0,0.2,0.2,1.0,1.0,0.6,0.6,0.770344507744693,0.2,0.4,1.853589317856368,1.5453985323031725,0.9217928722680327,0.0,0.6911996315000732,1.2,3.771952529576597,3.101998092494629
Pascal Siakam,26,71.88642760088923,56,35.8,7.8,17.2,0.4990087647499638,1.3565766283020066,4.4,0.297,6.5,12.8,0.509,0.493,4.4,5.4,0.7483704870707163,1.7,5.5,6.488260775326213,3.001796016692938,0.9176556712802932,0.7,1.88534355023302,3.1,17.091088839186668,7.517393623187486
Fred VanVleet,26,62.71679478176563,52,36.5,6.5,16.7,0.4151121082814608,2.0794915189713787,9.2,0.366,3.2,7.6,0.416,0.489,3.3,3.7,0.8424356978346297,0.6,3.6,3.0530490102609984,5.166038274024774,1.3177376677004118,0.7,1.603609614461127,2.3,13.178234315068767,10.51152850355169
Jordan Clarkson,28,90.5699377521522,1,26.7,6.7,15.8,0.4542380688402443,1.7772510103334456,8.8,0.347,3.7,7.0,0.523,0.522,1.9,2.1,0.8280439898185424,0.7,3.3,2.7570577115174006,2.221534630351261,0.6630138314444044,0.1,1.4378995418252514,1.6,14.48421414712923,6.234605067608099
Mike Conley,33,46.403538258836726,51,29.4,5.6,12.5,0.4121382932075317,2.0682162754804216,6.6,0.412,2.9,6.0,0.479,0.552,2.4,2.8,0.8273511218756984,0.7,2.8,3.0511534160726903,5.009808468334974,1.01877687968055,0.2,1.845301384811049,1.9,17.336433806817325,6.795164620524135
Derrick Favors,29,65.79773926238718,0,15.3,2.3,3.6,0.5934027057360707,0.1164524664599176,0.0,0.0,2.3,3.5,0.643,0.638,0.9,1.2,0.6224250383000143,2.0,3.5,8.354334211501493,1.391213162569913,0.6582262332299587,1.0,1.1,2.1,10.750925007887586,0.011802930140419221
Rudy Gobert,28,69.53988644745766,71,30.8,5.5,8.2,0.6676901991446283,0.0,0.1,0.0,5.5,8.1,0.68,0.675,3.3,5.3,0.6445878979190816,3.4,10.1,12.620044499845791,1.6464225932113066,0.8,2.7,1.7976755867793672,2.3,14.98697557408572,4.420591709717458
Joe Ingles,33,77.82262332299588,30,27.9,4.1,8.4,0.4513292251399508,2.222914890669372,6.1,0.451,1.4,2.3,0.59,0.652,1.1,1.3,0.7616429374470111,0.4,3.2,4.006462424209455,5.274068306742062,1.0505606042001283,0.2,2.1123144554710955,1.8,10.994494791350563,5.838607901512399
Donovan Mitchell,24,74.14046056819167,53,33.4,9.0,20.6,0.4403074451253944,2.441773766770041,8.7,0.386,5.7,11.9,0.476,0.52,5.0,6.0,0.8295698661040259,0.9,3.5,4.128848918351132,4.121183289321301,1.2570230284095831,0.3,2.734108137740211,2.2,23.087650382378403,9.636527626738394
Georges Niang,27,49.86511592902892,10,16.0,2.5,5.6,0.4327726203014645,0.8235896989620528,4.1,0.425,0.7,1.6,0.469,0.59,0.3,0.3,0.7526867420191394,0.4,2.1,1.5465045896314251,0.5694194803007973,0.2417737667700411,0.1,0.4176556712802932,1.6,4.070158703938345,0.5403422761642851
Royce O'Neale,27,74.26953324162824,71,31.6,2.5,5.5,0.4449136083019138,0.96063264287071,3.9,0.385,1.0,1.6,0.586,0.58,0.5,0.6,0.7727238944861975,1.2,5.6,4.311357239911076,1.893619572210664,0.6935375757905454,0.5,0.875881904510252,2.6,5.611275243490956,5.181823904250285
Bradley Beal,27,71.55655830748971,60,35.8,11.2,23.0,0.4630275323225295,2.684750738360458,6.2,0.349,9.0,16.8,0.535,0.532,6.8,7.7,0.8181030044685569,1.2,3.5,4.521101292901183,5.509461645722767,1.3023244132206326,0.4,2.9682982719005406,2.3,26.923371707039585,11.247475796602094
Thomas Bryant,23,69.94934026645521,10,27.1,5.9,9.1,0.508428644475741,1.183026105969977,2.1,0.429,5.0,7.0,0.714,0.698,1.6,2.4,0.7322962037270482,1.8,4.3,4.812761415956278,1.2692481403866522,0.3804270106722309,0.8,0.775710564596107,3.1,9.95353545794189,3.0559652660632235
Robin Lopez,32,68.24628910942191,9,19.1,3.8,6.0,0.5270870609686645,0.2670950670801647,0.3,0.278,3.7,5.7,0.649,0.639,1.4,1.9,0.6498412076874387,2.0,1.8,3.418102071387869,1.1599578345780293,0.1658918622597891,0.6,1.2711510816488685,1.5,8.341991758692513,0.2101272716138407
Raul Neto,28,45.06626417049691,22,21.9,3.3,7.0,0.4571877687968055,0.5417737667700412,2.6,0.39,2.3,4.4,0.512,0.539,1.2,1.3,0.8151567217171573,0.4,2.0,1.3287669219310132,2.038756964181476,0.375881904510252,0.1,0.8999999999999999,1.7,5.0235077025419335,1.5122861151160158
Ish Smith,32,67.2835568397394,1,21.0,2.9,6.8,0.4468557786737426,0.7453013848110496,1.1,0.367,2.5,5.6,0.448,0.465,0.4,0.8,0.7280728490012359,0.5,2.9,2.874760696109995,4.336003731928519,0.7394493535494086,0.3,1.2735574912896197,1.4,10.21783724519578,0.7298115494159401
Russell Westbrook,32,68.00446400107576,65,36.4,8.4,19.0,0.4514452574316652,1.252885017420761,4.2,0.315,7.0,14.8,0.475,0.474,4.2,6.4,0.7202335877906398,1.7,9.9,9.5220585084612,9.057898247549485,1.7505606042001285,0.4,4.572354286469244,2.9,25.29922435835547,9.317310975856445
Aaron Gordon,25,66.49257821884383,50,27.65,4.6,9.95,0.4403694336641328,1.529377314878827,3.55,0.3380281690140845,3.4,6.45,0.5271317829457364,0.5226130653266331,1.9,3.0,0.6992299814294597,1.55,4.15,7.6459117777588625,3.362346663143529,0.8141280532392849,0.7,1.81877687968055,1.8,15.71750925951531,2.729984199723482
Al-Farouq Aminu,30,51.7883554761043,14,18.88695652173913,1.6304347826086956,4.28695652173913,0.3645163749004373,1.0522922055481991,1.5913043478260869,0.2185792349726776,1.3086956521739128,2.695652173913043,0.4854838709677419,0.4208924949290061,0.7739130434782608,0.9478260869565216,0.7473272712657378,0.9652173913043476,3.834782608695652,6.396226392698635,1.234108137740211,0.955901820009326,0.3695652173913043,0.948236190979496,1.2739130434782608,7.245419799238151,0.6540742233963339
Alex Len,27,65.88032367141112,42,15.2640625,2.659375,4.339062500000001,0.539119335773681,0.4739979080340581,0.365625,0.3632478632478633,2.5265625,3.984375,0.6341176470588235,0.628195894850558,1.1124999999999998,1.790625,0.6611330272206559,1.246875,2.846875,6.141861746553297,1.0557610225933167,0.4075952303218257,0.9890625,1.1378353541931192,2.0234375,9.151359441268886,-1.4494687729503788
Andre Drummond,27,69.56859035569346,46,27.028260869565216,6.15,12.415217391304346,0.5305550953899211,0.0634230617893625,0.1630434782608695,0.0,6.15,12.252173913043478,0.5019517388218595,0.4953598319033445,2.6891304347826086,4.469565217391304,0.5844388526454191,3.5891304347826085,8.35,15.504459629437047,2.3120924145182395,1.7477701852814758,1.1086956521739129,2.8813051167395685,3.2565217391304344,16.936563683156514,4.359646050436803
Austin Rivers,28,69.04038433493452,7,23.458333333333336,2.925,6.775,0.4159842491211121,1.574993112475767,4.158333333333333,0.3627254509018036,1.3583333333333334,2.675,0.5077881619937695,0.5430504305043049,0.625,0.8666666666666667,0.6296387632785199,0.2,2.041666666666667,2.378081581317061,2.420320180818647,0.7864823397085287,0.0416666666666666,1.030373786865261,1.75,10.090107668679808,1.2993443148124744
Avery Bradley,30,53.05159641893709,6,22.296296296296298,2.344444444444444,6.348148148148148,0.4237857791523105,1.4177578692978094,3.737037037037037,0.3270564915758176,1.1222222222222222,2.611111111111111,0.4297872340425532,0.4655775962660443,0.4481481481481481,0.5851851851851853,0.8184257671818238,0.3259259259259259,1.7888888888888888,2.5317648921563896,1.8738559357628628,0.8877648637380121,0.1,1.4109298207416647,2.033333333333333,10.423454231933656,0.3421730221925756
Ben McLemore,27,49.64605405162815,5,17.077358490566038,2.5396226415094336,6.881132075471698,0.4203755250350461,1.5924983638104069,5.279245283018868,0.3445318084345961,0.7207547169811321,1.6018867924528302,0.4499411071849234,0.5012338908692076,0.739622641509434,1.0,0.7388314094868267,0.260377358490566,1.581132075471698,1.828948495846502,0.6194692690484827,0.5217936822691152,0.1792452830188679,0.6600398309981481,1.679245283018868,7.358224977373478,-0.171104868676478
Blake Griffin,31,47.088876707819374,30,25.76086956521739,3.817391304347826,8.952173913043477,0.4098460217430788,1.9375537593611003,4.447826086956521,0.3479960899315738,2.269565217391304,4.504347826086956,0.5038610038610039,0.51287032540068,1.917391304347826,2.534782608695652,0.7716331960744537,0.7956521739130434,4.165217391304347,6.2916624118087325,4.605916744345508,0.5709362365966396,0.3260869565217391,2.7606594935423283,2.4391304347826086,19.991036713583775,2.1804065385051636
Bojan Bogdanović,31,73.2395410264951,73,26.57865168539326,4.759550561797752,10.966292134831464,0.4705659546523373,2.393619572210664,5.635955056179776,0.3961323763955343,2.546067415730337,5.330337078651686,0.4776559865092748,0.5358094262295081,2.646067415730337,3.050561797752809,0.8618148543479858,0.5617977528089887,2.9179775280898874,3.931173331571764,1.9211832893213012,0.6846687419403393,0.1191011235955056,1.937717752201338,1.6191011235955055,18.02665333582023,3.8411116237127665
Caris LeVert,26,49.56529794032392,39,31.59787234042553,7.672340425531914,17.29574468085106,0.4287761350585832,1.450642600620247,5.523404255319148,0.3258859784283514,5.846808510638297,11.846808510638295,0.4935344827586206,0.4956329191782507,3.093617021276596,3.842553191489362,0.7041783724519578,0.7255319148936169,3.872340425531915,3.942976971590416,4.18122312031945,1.1658918622597891,0.6489361702127658,2.1965543783791097,2.2212765957446807,15.40279881066609,6.863901797738871
Cory Joseph,29,77.82262332299588,13,22.97777777777777,3.163492063492064,6.785714285714287,0.4161473844618709,0.7658918622597891,2.0698412698412696,0.3381901840490798,2.433333333333333,4.6460317460317455,0.5237444482405194,0.5177777777777778,1.1317460317460315,1.4317460317460318,0.775755794044547,0.5698412698412698,1.9714285714285715,3.0175736748601745,3.5640782644916,0.9087868374300871,0.2904761904761904,1.0658918622597893,2.2,6.79587957008643,2.6368084895334096
D.J. Augustin,33,69.52721024580524,12,19.82631578947368,2.356140350877193,6.042105263157895,0.4359993684051161,1.4087868374300874,3.8157894736842106,0.3774712643678161,0.9157894736842104,2.226315789473684,0.4113475177304964,0.5091463414634146,1.526315789473684,1.66140350877193,0.8765080659346048,0.3701754385964912,1.3456140350877193,2.236432550960844,4.645812200263492,0.6241180954897478,0.0,1.5582262332299588,1.0052631578947369,10.836943366413283,2.0331487807033444
D.J. Wilson,24,37.13418082796101,1,12.414285714285716,1.957142857142857,4.782857142857143,0.4415812089257161,0.5740683067420628,2.4971428571428573,0.3466819221967963,1.0914285714285714,2.3514285714285714,0.4641555285540705,0.4997013142174432,0.4942857142857143,0.7257142857142858,0.5644461941170575,0.5628571428571428,2.588571428571429,2.73390898274947,0.691723978022356,0.2023244132206326,0.4314285714285714,0.4958619890111779,1.2314285714285715,3.723308547551193,-2.0583649036507854
Damian Jones,25,34.77923910463546,10,14.03846153846154,1.8025641025641024,2.612820512820513,0.6488663577049296,0.0,0.123076923076923,0.3541666666666667,1.758974358974359,2.525641025641025,0.6964467005076143,0.6982335623159961,1.0846153846153848,1.5102564102564104,0.6743607856353602,0.9076923076923076,2.1974358974358976,2.820044499845793,0.6840583489925257,0.4035276180410083,0.7641025641025642,0.5199800845009259,1.9923076923076923,4.591178000419409,-1.9478656636587655
Daniel Theis,28,64.85871946760714,51,24.67692307692308,3.870769230769232,7.183076923076924,0.5541720927117272,0.4176556712802932,2.370769230769231,0.3225178455548345,3.1061538461538465,4.847692307692308,0.6407489685814028,0.5920968087384877,1.1353846153846154,1.706153846153846,0.7517200746385704,1.4415384615384617,4.070769230769232,4.9538233960490485,1.2682982719005405,0.4735574912896194,0.8584615384615385,0.7217936822691153,2.581538461538462,7.065609454992449,1.9613440705217222
DeMarcus Cousins,30,46.269064898932086,11,17.351219512195122,3.2,7.424390243902439,0.4701711773073931,1.5591287558365985,3.273170731707317,0.3576751117734724,2.029268292682927,4.190243902439024,0.4842840512223517,0.5098554533508541,1.4487804878048782,2.009756097560976,0.7478126995276942,1.278048780487805,5.11219512195122,10.48441867137529,4.452112672285057,1.4321370590343487,0.5829268292682928,3.6130758174540167,2.6487804878048777,21.915590529184858,0.9612616026663225
Delon Wright,28,72.7174389352143,39,27.74285714285714,3.842857142857144,8.185714285714285,0.4526287051884481,0.6718844998127087,2.757142857142857,0.3730569948186528,2.771428571428572,5.5285714285714285,0.5012919896640827,0.5322862129144852,1.6142857142857143,1.985714285714285,0.7971036446327427,1.0,3.242857142857143,3.504715811374718,3.194886889813488,1.1322084767161165,0.4571428571428571,1.038670900925571,1.2142857142857144,7.791979234467369,4.8726161632037766
Dennis Smith,23,48.92187959205184,9,18.256521739130434,2.526086956521739,6.343478260869565,0.3833699448381981,0.9870169665344708,2.5173913043478264,0.3454231433506044,1.743478260869565,3.8260869565217375,0.4556818181818182,0.4667580534612748,0.8304347826086955,1.1304347826086956,0.5968026004801856,0.5217391304347826,1.917391304347826,2.873499306243,4.080890121192978,1.01877687968055,0.608695652173913,2.375240253038441,1.6478260869565216,10.606719267843411,0.3730098337955212
Derrick Rose,32,44.31155750496512,3,25.6,5.72,12.23,0.4736732878620451,0.8215782549027544,2.6,0.4000000000000001,4.75,9.63,0.4932502596053998,0.5102207686017989,2.17,2.53,0.8641544605772566,0.3999999999999999,2.2,2.262108182142743,4.157140332282104,0.6044401803337092,0.37,1.937374948146774,1.1,15.716789361558344,3.0671967433591405
Evan Fournier,28,68.94559206695432,36,29.995238095238097,5.852380952380952,12.904761904761903,0.4551791924161589,2.264770653859532,6.704761904761905,0.4176136363636363,3.090476190476191,6.161904761904762,0.5015455950540959,0.5619926199261992,2.580952380952381,3.252380952380953,0.825724890261151,0.238095238095238,2.814285714285714,2.949357399379753,3.2640782644916,0.9594294380503344,0.4142857142857142,1.851763809020504,2.2904761904761903,17.171496648404595,5.286396422516528
Gary Harris,26,58.99407188127438,38,27.72820512820513,3.5487179487179485,8.866666666666665,0.4370410875779445,1.57528909263769,3.592307692307692,0.3476088508208423,2.3487179487179484,5.274358974358973,0.445308701993194,0.4706477732793523,1.6615384615384614,2.01025641025641,0.812436869420336,0.5461538461538461,1.4923076923076923,2.793537575790545,2.3270529016581945,1.360039830998148,0.3025641025641025,1.3029348061684465,1.7974358974358973,12.965088223277377,3.0570039577383135
George Hill,34,61.27052901658194,17,22.4,3.173333333333334,6.573333333333334,0.4800652531464354,1.142016594285168,2.66,0.4010025062656642,2.16,3.913333333333333,0.5519591141396935,0.563894523326572,1.34,1.6933333333333334,0.8176724017686712,0.5466666666666666,1.5,2.7542626800180177,2.7382950117013007,0.8582262332299588,0.1533333333333333,1.0359901052466465,1.06,8.948101278491057,1.7784920144156633
Gorgui Dieng,31,71.29295318458708,1,14.542105263157891,2.205263157894737,4.268421052631579,0.478403226921988,0.5119368405441356,1.863157894736842,0.4011299435028248,1.4578947368421051,2.447368421052632,0.5956989247311827,0.6041923551171393,1.5315789473684212,1.7894736842105263,0.7828056019193216,1.0894736842105264,2.6526315789473687,4.869741551541919,1.0220059219950408,0.6835475335400824,0.3894736842105263,0.8481571517790535,1.4473684210526316,6.674602617709112,1.0216747377093078
J.J. Redick,36,67.86911158740854,0,16.44318181818182,2.415909090909091,6.072727272727274,0.4502542087780549,3.019980084500926,4.027272727272727,0.3679458239277652,0.9340909090909092,2.0454545454545454,0.4566666666666666,0.5198353293413173,1.1454545454545455,1.175,0.895576334213574,0.1,1.3636363636363638,2.465891862259789,2.479937919078955,0.3823443287197067,0.1,1.3482361909794958,1.1409090909090909,16.68915357554137,-0.3331330843644533
JaVale McGee,33,69.66402677712232,2,14.719565217391304,3.145652173913043,6.1326086956521735,0.6287070468154129,0.0,0.5152173913043477,0.2784810126582279,3.002173913043478,5.589130434782609,0.5371450797355114,0.5246366536689117,0.9586956521739132,1.4739130434782608,0.6617252418826561,1.6565217391304348,3.5,5.566285519141609,0.5682162754804218,0.4858719467607149,1.1717391304347826,0.9081764444822736,2.626086956521739,8.007713719155925,-1.4672081800948167
Jabari Parker,25,45.17984912817248,0,12.692307692307692,2.3,4.223076923076923,0.4973314977194435,0.926448490276086,0.8384615384615385,0.1834862385321101,2.1461538461538465,3.3846153846153846,0.6340909090909093,0.5628415300546448,0.7692307692307693,1.0,0.7349282787962333,0.7615384615384616,2.4692307692307693,5.791043264097592,2.0205722450633816,0.9278561689956208,0.3769230769230769,1.8933191928527808,0.9923076923076924,13.84694241897912,-1.3845783525142714
James Harden,31,72.37553759361101,43,36.54545454545455,7.745454545454546,16.654545454545456,0.4445237420196831,4.367605882532608,7.609090909090909,0.3643966547192354,5.054545454545455,9.127272727272729,0.5537848605577689,0.5483078602620087,6.354545454545455,7.336363636363636,0.868086872599347,0.7636363636363638,7.118181818181819,6.310582854123024,7.813535241366722,1.8682162754804217,0.8000000000000002,4.646422593211306,2.290909090909091,33.973340755223624,11.168721390658723
James Johnson,33,49.733290831045146,12,20.46274509803921,2.86078431372549,6.423529411764706,0.4722048640290261,0.9307099733959312,2.3588235294117648,0.2485453034081462,2.2745098039215685,4.02156862745098,0.5655777669429547,0.4909951159951159,0.9019607843137254,1.4745098039215687,0.6694813050654669,0.6294117647058823,2.845098039215686,3.813654736329665,2.7456528703654057,0.7721873342296913,0.8431372549019608,1.52825610647857,2.345098039215686,8.797683209120834,-0.06092613331018981
Jarrett Allen,22,73.89317568381604,45,29.61428571428572,4.752380952380952,7.666666666666666,0.6144053414394268,0.0582262332299588,0.3238095238095238,0.25,4.671428571428572,7.3428571428571425,0.6361867704280156,0.6251552795031056,3.2333333333333334,4.614285714285714,0.6934110612328998,3.119047619047619,6.895238095238096,8.177742336548057,1.3147208651118467,0.5176556712802932,1.438095238095238,1.168216275480422,1.5571428571428574,10.332358955316888,3.848276975215427
Jeff Teague,32,55.85460708803642,7,17.26,2.223636363636364,5.156363636363636,0.4347755621064702,0.8738154237108338,1.4472727272727273,0.4736180904522614,1.5763636363636362,3.670909090909091,0.4294205052005943,0.4977080394922426,1.6145454545454547,1.9145454545454543,0.8487080194834207,0.2618181818181818,1.3236363636363635,2.591561249693287,6.661618030693318,1.0129699257699891,0.2,2.200257932421214,1.0327272727272727,12.092450265029624,1.4189370852591487
Jordan Bell,26,49.05524045581167,8,24.55396825396825,3.187301587301587,7.949206349206349,0.5499279891679573,0.0677023116617908,6.817460317460317,0.3981373690337602,0.473015873015873,1.1317460317460315,0.4179523141654979,0.571685303514377,1.6444444444444444,1.8412698412698407,0.6123818196619129,0.3825396825396825,2.6222222222222222,2.9602771008939808,1.0325888149700715,0.3003305506588278,0.2603174603174603,0.7371756486986178,2.2825396825396824,3.5847257470425564,1.664065897925802
Justin Jackson,25,71.18084490312617,3,16.985294117647058,2.611764705882353,6.476470588235294,0.424177200816605,0.8605506464505914,3.4764705882352938,0.2961082910321489,1.5823529411764703,3.097058823529412,0.5109211775878442,0.4827429609445958,0.9029411764705882,1.126470588235294,0.785685836738777,0.4470588235294118,1.7676470588235291,2.5718471554836544,1.0062603087085902,0.3042409109726816,0.0970588235294117,0.3402655464649414,0.9029411764705882,6.381888131068046,-0.026039362678019984
Kelly Olynyk,29,73.2636051229026,62,28.520000000000003,4.841428571428572,9.934285714285714,0.4707824147988139,1.3999999999999997,5.275714285714286,0.3411860276198213,3.041428571428572,4.720000000000001,0.6443704600484261,0.5779407535231522,2.0500000000000003,2.481428571428572,0.8253326217179466,1.2314285714285715,5.732857142857143,4.899407188127438,1.9752890926376896,0.7241180954897479,0.6000000000000001,1.395269177138616,2.9771428571428573,9.609843630485477,5.909061582161483
Khem Birch,28,47.23507702541934,22,22.80597014925373,2.8507462686567164,5.704477611940298,0.5489559967453205,0.0,0.7402985074626867,0.2883064516129032,2.6373134328358208,4.892537313432836,0.5390482001220256,0.5184458398744113,1.3567164179104476,1.9417910447761195,0.6773722577368062,2.570149253731344,3.1671641791044776,4.2547806116090685,0.8835475335400824,0.4,0.7701492537313432,0.5076656290298304,1.6835820895522386,4.488196359981348,1.1624146104053796
LaMarcus Aldridge,35,67.85625957500359,23,25.91923076923077,5.403846153846154,11.376923076923076,0.505968192045712,0.6318657209396967,3.1000000000000005,0.3883374689826303,4.2,8.276923076923076,0.5074349442379184,0.5278904665314402,1.5961538461538465,1.8384615384615384,0.8362334370970169,0.7230769230769232,3.8346153846153848,8.279245529711021,2.303527618041008,0.6076656290298302,1.15,1.5605506464505914,1.7961538461538462,20.731555316334475,2.478073739268334
Lou Williams,34,71.78734714258579,4,21.57272727272727,4.009090909090909,9.763636363636364,0.4244876458750719,1.7665022552076026,2.618181818181818,0.40625,2.9454545454545458,7.181818181818182,0.4101265822784811,0.4650837988826816,2.3181818181818183,2.618181818181818,0.8706986588040837,0.3636363636363636,1.7363636363636363,2.9211832893213017,5.459429438050334,0.8305805196992024,0.1,2.711803640018652,0.9272727272727272,19.875142680872703,2.548389933250581
Luke Kornet,25,35.55191849566142,2,11.206451612903226,1.396774193548387,3.261290322580645,0.4068585310982898,1.225239303890005,1.9161290322580649,0.2609427609427609,0.896774193548387,1.3451612903225807,0.6666666666666666,0.5049455984174085,0.1419354838709677,0.1838709677419354,0.7553364666827034,0.4483870967741935,1.7387096774193551,2.7217116858489963,1.0987967951796245,0.4023244132206325,1.0225806451612902,0.4823443287197067,0.6806451612903227,6.509908045830344,-1.2627112900758437
Maurice Harkless,27,60.594294380503335,23,20.85675675675676,1.9054054054054053,4.4324324324324325,0.4936167318607434,0.6145476693907529,2.264864864864865,0.2828162291169451,1.264864864864865,2.167567567567568,0.5835411471321696,0.5021341463414635,0.9135135135135136,1.183783783783784,0.6655887770712691,0.3405405405405405,2.054054054054054,3.800408731065243,1.100694896259762,0.9697014563981184,0.5405405405405406,0.7933999357363984,2.354054054054054,6.596668172538997,-0.31925632556814243
Nemanja Bjelica,32,72.49950211252315,3,16.097297297297295,2.4324324324324325,5.324324324324325,0.4754942181472462,1.5024064096407512,2.2891891891891896,0.331759149940968,1.672972972972973,2.964864864864865,0.5642661804922515,0.5281725888324873,0.991891891891892,1.3621621621621622,0.7954703173030263,0.7810810810810812,2.6324324324324326,5.640634977294532,2.131255327991883,0.7835475335400823,0.1594594594594594,1.15296701384088,1.8000000000000005,9.71839489491784,-0.004742576120696285
Nikola Vučević,30,66.93356001875055,70,33.542857142857144,9.491428571428573,19.93142857142857,0.4905019745636915,1.308868833850206,6.24,0.4088827838827839,7.039999999999999,13.654285714285717,0.5155890353630466,0.5402092889908257,1.8771428571428568,2.24,0.7941467403084222,2.111428571428571,9.614285714285714,10.865181891816604,3.619980084500926,0.9582262332299588,0.6742857142857143,1.725239303890005,1.9485714285714288,19.261636692700343,10.600095944337953
Norman Powell,27,59.06990820737149,58,31.96521739130435,6.3478260869565215,13.304347826086955,0.4682360137108116,1.445383381231168,6.008695652173914,0.4138929088277857,3.860869565217391,7.295652173913044,0.5292014302741358,0.5705882352941176,3.4391304347826086,3.9391304347826086,0.8322367169538216,0.6565217391304348,2.460869565217392,2.7401241618420893,1.5770851093306275,0.8606326428707101,0.2782608695652174,1.2188588761006691,2.3,10.94359778080086,6.481209832462428
Otto Porter,27,43.51981800942977,6,21.642857142857142,3.5357142857142856,8.121428571428572,0.4644623367983915,1.7813710409822447,3.7142857142857135,0.3692307692307692,2.075,4.4071428571428575,0.4708265802269044,0.5197889182058048,1.2535714285714286,1.5214285714285716,0.7667205042686626,0.9821428571428572,4.432142857142858,4.864785786653807,1.9804052247228128,1.330468637366963,0.1785714285714286,0.9804052247228132,1.4785714285714286,13.261732945734686,3.2614555713198428
P.J. Tucker,35,77.82262332299588,33,26.115384615384617,1.2692307692307694,3.407692307692308,0.4024899299569229,1.578206317730885,2.315384615384616,0.3289036544850497,0.5461538461538462,1.1307692307692307,0.4829931972789116,0.4841986455981942,0.4461538461538462,0.5461538461538462,0.749599025796393,0.9615384615384616,2.9461538461538463,6.085953943180833,1.2947407806109208,1.2464225932113064,0.4076923076923077,0.9076656290298304,2.376923076923077,6.84348778704286,1.7208934544997305
Quinn Cook,27,51.579450818190985,0,6.852173913043478,1.2869565217391306,2.9391304347826086,0.4528729314350356,1.0052592193890788,1.134782608695652,0.4252873563218391,0.7652173913043478,1.8043478260869563,0.4240963855421686,0.5199704142011835,0.3304347826086956,0.3304347826086956,0.8028726263445272,0.0913043478260869,0.6347826086956522,1.820508481028621,1.6564302165370213,0.3241180954897478,0.0695652173913043,0.8141280532392849,0.4043478260869566,6.775142680872705,-3.133928796219829
Rajon Rondo,34,51.41791347845293,3,17.1,2.08,4.779999999999999,0.4256249898386465,0.944098179990674,1.98,0.4040404040404041,1.32,2.8,0.4714285714285715,0.5188284518828452,0.32,0.38,0.6242013816838501,0.38,2.06,4.02566812292233,6.79502318787826,1.0087868374300872,0.1,2.3034456216208894,1.1800000000000002,8.105688038421402,0.9592474141471552
Rodney Hood,28,47.80120748850925,5,17.12181818181818,1.6836363636363636,4.743636363636363,0.4624109400866076,1.615552951154333,2.045454545454546,0.3119999999999999,1.1145454545454545,2.6981818181818182,0.4130727762803234,0.4221924108853968,0.4163636363636364,0.4854545454545454,0.8354882214458914,0.4381818181818182,1.430909090909091,2.829111107336158,1.6039190178482614,0.7915586665785882,0.1309090909090909,0.9121906445570924,1.3836363636363638,11.969112843036148,-1.6868800670485236
Shaquille Harrison,27,48.40882222411368,0,9.8,0.8,2.3,0.4572327803850035,0.3417737667700412,0.45,0.2222222222222222,0.7,1.85,0.3783783783783783,0.3695652173913044,0.55,0.65,0.73108702329297,0.2,1.25,2.509908045830344,1.6864003432884105,1.0087868374300872,0.15,0.6811411238993311,1.0,5.855737827169089,-2.9213359092954017
Sindarius Thornwell,26,40.27089319665178,1,10.333333333333334,0.7,2.2,0.4494888965062749,0.4900919541696555,1.0666666666666669,0.3125,0.3999999999999999,1.1333333333333333,0.3529411764705882,0.3939393939393938,0.1999999999999999,0.3666666666666666,0.621154886022067,0.1666666666666666,0.7333333333333333,1.5324761138875105,1.1548626080291875,0.4459117777588631,0.1,0.6888887493492799,0.7,4.6235884431055725,-4.729196855824912
Taurean Prince,26,65.27152479153565,10,22.09024390243902,3.2073170731707314,7.968292682926828,0.4102293372760109,2.2176556712802933,3.807317073170731,0.4003843689942345,1.6829268292682926,4.2317073170731705,0.3976945244956772,0.4981634527089073,1.5756097560975608,1.8756097560975609,0.8162570328507283,0.4829268292682926,2.982926829268292,4.867869452868216,2.095269177138616,0.9582262332299588,0.5585365853658536,2.004138010988822,1.870731707317073,13.05987583815791,1.8155436755060457
Tony Bradley,23,27.42265745290753,57,23.03738317757009,3.352336448598131,7.551401869158878,0.5150141137442409,0.0417737667700411,2.955140186915888,0.3289057558507274,2.380373831775701,4.616822429906542,0.515587044534413,0.5082920792079209,1.3345794392523365,1.7990654205607477,0.6840866029392021,1.0485981308411214,3.200934579439252,3.9164173043094137,0.2935375757905453,0.3223044977215586,0.416822429906542,0.5499502112523148,1.7242990654205606,4.20814128233177,0.4648534405765563
Torrey Craig,30,59.21594527278374,8,16.064,2.152,4.584,0.45259000619018,0.7035276180410084,2.096,0.3740458015267175,1.432,2.388,0.5996649916247906,0.5549738219895287,0.356,0.42,0.6456974997769422,1.148,2.7880000000000003,3.368216275480421,0.8199800845009259,0.4099900422504629,0.528,0.4923343709701696,1.62,5.212907267343657,0.3612357615558963
Victor Oladipo,28,38.30451689009469,33,32.75454545454545,7.148484848484848,17.493939393939392,0.4239093792011519,1.9329049329198356,7.287878787878789,0.3293139293139293,4.748484848484848,10.206060606060603,0.4652612826603325,0.4772215485882556,3.181818181818182,4.209090909090909,0.7817314499747605,0.3666666666666667,4.533333333333333,4.793373582950308,4.022140504881321,1.5346365342679058,0.4181818181818182,2.5282561064785694,2.503030303030303,18.04080613494739,6.811288193981214
Wesley Iwundu,26,59.86911158740853,4,13.114634146341464,0.7878048780487805,2.5195121951219512,0.4172886649942638,0.3694194803007974,1.0,0.1,0.6878048780487805,1.5195121951219512,0.4526484751203852,0.3325266214908035,0.6317073170731708,0.7317073170731707,0.7885573191821295,0.3878048780487805,1.875609756097561,2.495861989011178,1.0935375757905452,0.4658918622597891,0.1,0.5341081377402108,1.1878048780487809,5.020654892793606,-2.4741470481894936
Yogi Ferrell,27,64.88049948216361,0,13.6,2.0,5.7,0.4265633063904164,0.8676234636078597,2.82,0.3333333333333334,1.14,2.8800000000000003,0.3958333333333333,0.4333333333333333,0.7200000000000001,0.9200000000000002,0.8555901354699359,0.54,1.44,1.652902598496013,1.8358397390882808,0.5305805196992025,0.3399999999999999,0.6964723819589916,1.12,6.310471604508543,-0.40900376101275526
