PLAYER,POS,AGE,TEAM,G,GS,MP,FG,FGA,FG%,3P,3PA,3P%,2P,2PA,2P%,eFG%,FT,FTA,FT%,ORB,DRB,TRB,AST,STL,BLK,TOV,PF,PTS,SEASON
Bogdan Bogdanović,SG,28,ATL,44,27,29.7,6.1,12.8,.473,3.3,7.6,.438,2.8,5.3,.522,.602,0.9,1.0,.909,0.5,3.2,3.6,3.3,1.1,0.3,1.2,2.3,16.4,2020-21
Clint Capela,C,26,ATL,63,63,30.1,6.6,11.0,.594,0.0,0.0,0,6.6,11.0,.594,.594,2.1,3.6,.573,4.7,9.6,14.3,0.8,0.7,2.0,1.2,2.3,15.2,2020-21
John Collins,PF,23,ATL,63,63,29.3,6.8,12.2,.556,1.3,3.3,.399,5.5,8.9,.615,.610,2.7,3.2,.833,1.9,5.5,7.4,1.2,0.5,1.0,1.3,3.1,17.6,2020-21
Kris Dunn,PG,26,ATL,4,0,11.3,0.3,3.0,.083,0.0,0.5,.000,0.3,2.5,.100,.083,0.8,1.0,.750,0.0,1.5,1.5,0.5,0.5,0.5,0.8,2.5,1.3,2020-21
Bruno Fernando,C,22,ATL,33,0,6.8,0.5,1.3,.409,0.0,0.1,.000,0.5,1.3,.429,.409,0.5,0.7,.682,0.5,1.9,2.4,0.3,0.1,0.1,0.6,0.7,1.5,2020-21
Danilo Gallinari,PF,32,ATL,51,4,24.0,4.0,9.3,.434,2.0,5.0,.406,2.0,4.3,.466,.542,3.2,3.4,.925,0.3,3.8,4.1,1.5,0.6,0.2,0.8,2.1,13.3,2020-21
Brandon Goodwin,PG,25,ATL,47,5,13.2,1.8,4.7,.377,0.7,2.2,.311,1.1,2.6,.433,.448,0.6,0.9,.651,0.2,1.3,1.5,2.0,0.4,0.0,0.8,0.9,4.9,2020-21
Solomon Hill,PF,29,ATL,71,16,21.3,1.5,4.2,.359,1.0,3.0,.321,0.5,1.2,.453,.473,0.5,0.6,.761,0.6,2.4,3.0,1.1,0.7,0.2,0.6,1.6,4.5,2020-21
Kevin Huerter,SG,22,ATL,69,49,30.8,4.6,10.6,.432,2.0,5.6,.363,2.6,5.0,.510,.528,0.7,0.9,.781,0.6,2.8,3.3,3.5,1.2,0.3,1.1,2.4,11.9,2020-21
De'Andre Hunter,SF,23,ATL,23,19,29.5,5.2,10.8,.484,1.3,4.1,.326,3.9,6.7,.582,.546,3.2,3.7,.859,0.7,4.0,4.8,1.9,0.8,0.5,1.3,2.6,15.0,2020-21
Nathan Knight,PF,23,ATL,33,0,8.5,1.1,3.0,.370,0.2,1.0,.182,0.9,2.0,.463,.400,1.3,1.7,.800,0.8,1.4,2.2,0.2,0.3,0.3,0.5,0.7,3.8,2020-21
Skylar Mays,SG,23,ATL,33,0,8.2,1.3,3.0,.449,0.4,1.2,.350,0.9,1.8,.517,.520,0.7,0.8,.880,0.3,0.8,1.1,0.9,0.4,0.1,0.3,0.5,3.8,2020-21
Onyeka Okongwu,C,20,ATL,50,4,12.0,1.9,3.0,.644,0.0,0.1,.000,1.9,2.9,.658,.644,0.7,1.1,.632,1.2,2.0,3.3,0.4,0.5,0.7,0.6,2.0,4.6,2020-21
Cam Reddish,SF,21,ATL,26,21,28.8,3.7,10.1,.365,1.3,4.8,.262,2.4,5.3,.460,.428,2.6,3.2,.817,0.8,3.2,4.0,1.3,1.3,0.3,1.3,2.6,11.2,2020-21
Tony Snell,SG,29,ATL,47,23,21.1,1.9,3.6,.515,1.3,2.3,.569,0.6,1.3,.419,.696,0.2,0.2,1.000,0.4,2.0,2.4,1.3,0.3,0.2,0.4,1.6,5.3,2020-21
Trae Young,PG,22,ATL,63,63,33.7,7.7,17.7,.438,2.2,6.3,.343,5.6,11.3,.491,.499,7.7,8.7,.886,0.6,3.3,3.9,9.4,0.8,0.2,4.1,1.8,25.3,2020-21
Bruce Brown,PG,24,BRK,65,37,22.3,3.6,6.5,.556,0.3,0.9,.288,3.4,5.6,.599,.576,1.3,1.8,.735,1.7,3.7,5.4,1.6,0.9,0.4,0.8,2.2,8.8,2020-21
Chris Chiozza,PG,25,BRK,22,1,10.5,1.4,4.0,.352,0.6,1.9,.310,0.8,2.1,.391,.426,0.6,0.8,.765,0.1,1.0,1.1,3.0,0.3,0.3,0.7,0.9,4.0,2020-21
Nicolas Claxton,C,21,BRK,32,1,18.6,2.8,4.5,.621,0.0,0.2,.200,2.8,4.4,.636,.624,1.0,2.0,.484,1.3,3.8,5.2,0.9,0.7,1.3,0.6,2.1,6.6,2020-21
Spencer Dinwiddie,SG,27,BRK,3,3,21.3,2.0,5.3,.375,0.7,2.3,.286,1.3,3.0,.444,.438,2.0,2.0,1.000,0.0,4.3,4.3,3.0,0.7,0.3,1.7,1.3,6.7,2020-21
Kevin Durant,PF,32,BRK,35,32,33.1,9.3,17.2,.537,2.4,5.4,.450,6.8,11.8,.577,.608,6.0,6.8,.882,0.4,6.7,7.1,5.6,0.7,1.3,3.4,2.0,26.9,2020-21
Jeff Green,C,34,BRK,68,38,27.0,3.8,7.8,.492,1.5,3.7,.412,2.3,4.1,.564,.590,1.8,2.4,.776,0.5,3.4,3.9,1.6,0.5,0.4,0.8,1.8,11.0,2020-21
Joe Harris,SF,29,BRK,69,65,31.0,5.2,10.2,.505,3.1,6.4,.475,2.1,3.8,.555,.654,0.7,0.9,.778,0.6,3.0,3.6,1.9,0.7,0.2,0.9,2.0,14.1,2020-21
Kyrie Irving,PG,28,BRK,54,54,34.9,10.2,20.1,.506,2.8,7.0,.402,7.4,13.1,.561,.576,3.7,4.0,.922,1.0,3.8,4.8,6.0,1.4,0.7,2.4,2.6,26.9,2020-21
Mike James,PG,30,BRK,13,1,18.2,2.6,7.1,.370,0.8,2.4,.355,1.8,4.7,.377,.429,1.6,2.1,.778,0.2,2.2,2.5,4.2,0.5,0.1,1.5,0.8,7.7,2020-21
Alize Johnson,PF,24,BRK,18,0,10.5,2.2,3.8,.588,0.1,0.3,.167,2.2,3.4,.629,.596,0.7,0.7,1.000,1.5,3.5,5.0,0.8,0.3,0.3,0.5,0.9,5.2,2020-21
Tyler Johnson,SG,28,BRK,39,3,17.5,1.8,4.7,.393,1.2,3.4,.364,0.6,1.3,.471,.525,0.5,0.5,.857,0.2,1.8,2.0,1.2,0.4,0.0,0.4,1.1,5.4,2020-21
DeAndre Jordan,C,32,BRK,57,43,21.9,3.3,4.4,.763,0.0,0.0,.000,3.3,4.4,.766,.763,0.8,1.6,.500,2.1,5.4,7.5,1.6,0.3,1.1,1.5,2.0,7.5,2020-21
Timothé Luwawu-Cabarrot,SF,25,BRK,58,7,18.1,2.2,6.1,.365,1.3,4.1,.314,0.9,2.0,.470,.471,0.6,0.7,.814,0.5,1.7,2.2,1.2,0.6,0.1,0.7,1.7,6.4,2020-21
Reggie Perry,PF,20,BRK,26,0,8.1,1.2,3.0,.410,0.2,0.8,.190,1.1,2.2,.491,.436,0.4,0.5,.769,1.0,1.8,2.8,0.5,0.2,0.2,0.6,1.5,3.0,2020-21
Andre Roberson,SG,29,BRK,5,0,12.6,0.4,2.8,.143,0.2,1.6,.125,0.2,1.2,.167,.179,0.2,0.4,.500,1.4,1.6,3.0,0.8,0.6,0.2,0.4,0.8,1.2,2020-21
Landry Shamet,SG,23,BRK,61,12,23.0,3.0,7.5,.408,2.1,5.5,.387,0.9,2.0,.463,.549,1.1,1.3,.846,0.2,1.7,1.8,1.6,0.5,0.2,0.8,1.5,9.3,2020-21
Iman Shumpert,SG,30,BRK,2,0,5.5,0.5,2.0,.250,0.0,1.5,.000,0.5,0.5,1.000,.250,0.0,0.0,0,0.5,0.0,0.5,0.0,0.5,0.0,0.5,0.0,1.0,2020-21
Noah Vonleh,PF,25,BRK,4,0,2.8,0.0,0.8,.000,0.0,0.5,.000,0.0,0.3,.000,.000,0.0,0.0,0,0.0,0.3,0.3,0.3,0.0,0.0,0.5,0.5,0.0,2020-21
Jaylen Brown,SG,24,BOS,58,58,34.5,9.3,19.2,.484,2.8,7.1,.397,6.5,12.1,.536,.558,3.3,4.3,.764,1.2,4.8,6.0,3.4,1.2,0.6,2.7,2.9,24.7,2020-21
Carsen Edwards,SG,22,BOS,31,1,8.9,1.5,3.6,.423,0.6,2.0,.286,0.9,1.5,.604,.505,0.4,0.4,.846,0.1,0.7,0.8,0.5,0.2,0.0,0.2,0.8,4.0,2020-21
Tacko Fall,C,25,BOS,19,0,7.2,1.1,1.5,.724,0.0,0.0,0,1.1,1.5,.724,.724,0.3,0.8,.333,0.8,1.9,2.7,0.2,0.1,1.1,0.3,1.2,2.5,2020-21
Romeo Langford,SG,21,BOS,18,4,15.7,1.2,3.3,.356,0.3,1.0,.278,0.9,2.3,.390,.398,0.5,0.7,.750,0.7,1.3,1.9,0.7,0.3,0.3,0.6,1.3,3.1,2020-21
Aaron Nesmith,SF,21,BOS,46,1,14.5,1.7,3.9,.438,0.9,2.3,.370,0.8,1.5,.543,.551,0.5,0.6,.786,0.6,2.2,2.8,0.5,0.3,0.2,0.5,1.9,4.7,2020-21
Semi Ojeleye,PF,26,BOS,56,15,17.0,1.6,3.9,.403,1.0,2.8,.367,0.6,1.1,.492,.534,0.4,0.6,.750,0.6,2.1,2.6,0.7,0.3,0.0,0.4,1.0,4.6,2020-21
Payton Pritchard,SG,23,BOS,66,4,19.2,2.8,6.3,.440,1.5,3.8,.411,1.2,2.6,.482,.562,0.6,0.7,.889,0.5,1.9,2.4,1.8,0.6,0.1,0.8,1.6,7.7,2020-21
Marcus Smart,PG,26,BOS,48,45,32.9,4.2,10.6,.398,1.9,5.9,.330,2.3,4.8,.482,.489,2.7,3.4,.790,0.8,2.7,3.5,5.7,1.5,0.5,2.0,2.6,13.1,2020-21
Jayson Tatum,SF,22,BOS,64,64,35.8,9.5,20.6,.459,2.9,7.6,.386,6.5,13.0,.502,.530,4.6,5.3,.868,0.8,6.6,7.4,4.3,1.2,0.5,2.7,1.9,26.4,2020-21
Tristan Thompson,PF,29,BOS,54,43,23.8,3.1,6.0,.518,0.0,0.1,.000,3.1,6.0,.523,.518,1.3,2.2,.592,3.1,5.0,8.1,1.2,0.4,0.6,1.1,2.2,7.6,2020-21
Kemba Walker,PG,30,BOS,43,43,31.8,6.6,15.7,.420,3.0,8.2,.360,3.7,7.5,.486,.514,3.1,3.5,.899,0.4,3.6,4.0,4.9,1.1,0.3,2.0,1.4,19.3,2020-21
Tremont Waters,PG,23,BOS,26,3,9.2,1.3,3.2,.405,0.6,1.5,.395,0.7,1.8,.413,.494,0.6,0.7,.941,0.2,0.6,0.8,2.4,0.6,0.0,1.0,0.7,3.8,2020-21
Grant Williams,PF,22,BOS,63,9,18.1,1.7,3.9,.437,0.8,2.0,.372,1.0,1.9,.508,.534,0.5,0.8,.588,0.8,2.1,2.8,1.0,0.5,0.4,0.9,2.6,4.7,2020-21
Robert Williams,C,23,BOS,52,13,18.9,3.6,5.0,.721,0.0,0.0,.000,3.6,4.9,.727,.721,0.9,1.4,.616,2.6,4.3,6.9,1.8,0.8,1.8,1.0,2.0,8.0,2020-21
Ryan Arcidiacono,PG,26,CHI,44,0,10.2,1.1,2.7,.419,0.6,1.5,.373,0.5,1.1,.480,.526,0.3,0.5,.650,0.1,1.4,1.5,1.3,0.2,0.0,0.2,1.1,3.1,2020-21
Devon Dotson,PG,21,CHI,11,0,4.5,1.0,1.9,.524,0.1,0.6,.143,0.9,1.3,.714,.548,0.0,0.0,0,0.2,0.3,0.5,0.6,0.4,0.0,0.0,0.3,2.1,2020-21
Cristiano Felício,C,28,CHI,18,0,4.7,0.4,0.7,.538,0.0,0.1,.000,0.4,0.6,.636,.538,0.5,0.9,.563,0.6,0.9,1.4,0.5,0.2,0.0,0.2,0.6,1.3,2020-21
Zach LaVine,SG,25,CHI,58,58,35.1,9.8,19.4,.507,3.4,8.2,.419,6.4,11.1,.571,.596,4.4,5.1,.849,0.6,4.4,5.0,4.9,0.8,0.5,3.5,2.4,27.4,2020-21
Lauri Markkanen,PF,23,CHI,51,26,25.8,4.9,10.2,.480,2.3,5.8,.402,2.6,4.4,.582,.594,1.5,1.8,.826,0.7,4.6,5.3,0.9,0.5,0.3,1.0,1.5,13.6,2020-21
Adam Mokoka,SG,22,CHI,14,0,4.0,0.5,1.4,.368,0.1,0.7,.100,0.4,0.6,.667,.395,0.0,0.1,.000,0.1,0.3,0.4,0.4,0.1,0.1,0.4,0.4,1.1,2020-21
Tomáš Satoranský,SG,29,CHI,58,18,22.5,2.9,5.7,.514,0.7,2.0,.356,2.2,3.6,.602,.578,1.2,1.4,.848,0.5,1.9,2.4,4.7,0.7,0.2,1.7,1.5,7.7,2020-21
Garrett Temple,SG,34,CHI,56,25,27.3,2.8,6.8,.415,1.2,3.6,.335,1.6,3.2,.503,.503,0.7,0.9,.800,0.5,2.3,2.9,2.2,0.8,0.5,1.0,2.3,7.6,2020-21
Denzel Valentine,SG,27,CHI,62,3,16.7,2.5,6.7,.373,1.3,3.9,.331,1.2,2.8,.431,.469,0.3,0.3,.941,0.4,2.8,3.2,1.7,0.5,0.1,0.7,1.1,6.5,2020-21
Coby White,PG,20,CHI,69,54,31.2,5.4,13.1,.416,2.4,6.6,.359,3.1,6.5,.473,.506,1.9,2.1,.901,0.4,3.7,4.1,4.8,0.6,0.2,2.3,2.6,15.1,2020-21
Patrick Williams,PF,19,CHI,71,71,27.9,3.6,7.4,.483,0.8,1.9,.391,2.8,5.5,.515,.534,1.3,1.8,.728,0.9,3.7,4.6,1.4,0.9,0.6,1.4,1.8,9.2,2020-21
Thaddeus Young,PF,32,CHI,68,23,24.3,5.4,9.7,.559,0.2,0.7,.267,5.3,9.1,.580,.568,1.0,1.7,.628,2.5,3.8,6.2,4.3,1.1,0.6,2.0,2.2,12.1,2020-21
LaMelo Ball,PG,19,CHO,51,31,28.8,5.7,13.2,.436,1.8,5.1,.352,3.9,8.1,.489,.504,2.5,3.2,.758,1.2,4.7,5.9,6.1,1.6,0.4,2.8,2.7,15.7,2020-21
Bismack Biyombo,C,28,CHO,66,36,20.4,2.2,3.7,.587,0.0,0.0,.000,2.2,3.7,.589,.587,0.7,1.6,.448,2.1,3.2,5.3,1.2,0.3,1.1,1.1,2.1,5.0,2020-21
Miles Bridges,PF,22,CHO,66,19,29.3,4.7,9.4,.503,1.8,4.4,.400,3.0,5.0,.593,.596,1.5,1.7,.867,1.2,4.8,6.0,2.2,0.7,0.8,1.6,2.2,12.7,2020-21
Vernon Carey,C,19,CHO,19,4,6.1,0.9,1.9,.500,0.1,0.4,.143,0.9,1.5,.586,.514,0.5,0.6,.818,0.3,1.1,1.4,0.1,0.1,0.3,0.3,0.7,2.4,2020-21
Nate Darling,SG,22,CHO,7,0,3.7,0.3,1.0,.286,0.3,1.0,.286,0.0,0.0,0,.429,0.4,0.4,1.000,0.1,0.0,0.1,0.1,0.0,0.1,0.1,0.1,1.3,2020-21
Devonte' Graham,PG,25,CHO,55,44,30.2,4.6,12.2,.377,3.3,8.7,.375,1.3,3.5,.380,.510,2.4,2.9,.842,0.4,2.3,2.7,5.4,0.9,0.1,1.5,1.4,14.8,2020-21
Gordon Hayward,SF,30,CHO,44,44,34.0,7.1,15.0,.473,1.9,4.7,.415,5.1,10.3,.499,.537,3.5,4.2,.843,0.8,5.0,5.9,4.1,1.2,0.3,2.1,1.7,19.6,2020-21
Caleb Martin,SF,25,CHO,53,3,15.4,1.8,4.8,.375,0.6,2.4,.248,1.2,2.5,.496,.436,0.8,1.2,.641,0.6,2.1,2.7,1.3,0.7,0.2,0.6,1.2,5.0,2020-21
Cody Martin,SF,25,CHO,52,10,16.3,1.6,3.6,.441,0.3,1.1,.276,1.3,2.5,.515,.484,0.5,0.8,.581,1.0,2.1,3.1,1.7,0.7,0.2,0.8,1.0,4.0,2020-21
Jalen McDaniels,SF,23,CHO,47,18,19.2,2.8,6.0,.468,0.7,2.2,.333,2.1,3.8,.547,.530,1.0,1.4,.703,1.0,2.6,3.6,1.1,0.6,0.4,1.0,2.0,7.4,2020-21
Malik Monk,SG,22,CHO,42,0,20.9,4.1,9.5,.434,2.0,5.0,.401,2.1,4.5,.471,.540,1.4,1.7,.819,0.3,2.1,2.4,2.1,0.5,0.1,1.3,1.1,11.7,2020-21
Nick Richards,PF,23,CHO,18,0,3.5,0.2,0.5,.444,0.0,0.1,.000,0.2,0.4,.500,.444,0.4,0.6,.636,0.2,0.4,0.6,0.1,0.0,0.0,0.2,0.4,0.8,2020-21
Grant Riller,PG,23,CHO,7,0,3.9,1.1,1.7,.667,0.3,0.6,.500,0.9,1.1,.750,.750,0.0,0.0,0,0.0,0.1,0.1,0.4,0.1,0.0,0.1,0.0,2.6,2020-21
Terry Rozier,SG,26,CHO,69,69,34.5,7.4,16.4,.450,3.2,8.3,.389,4.2,8.2,.512,.548,2.4,2.9,.817,0.7,3.7,4.4,4.2,1.3,0.4,1.9,1.7,20.4,2020-21
P.J. Washington,PF,22,CHO,64,61,30.5,4.7,10.7,.440,1.8,4.5,.386,3.0,6.2,.480,.522,1.7,2.3,.745,1.5,5.1,6.5,2.5,1.1,1.2,2.0,2.7,12.9,2020-21
Cody Zeller,C,28,CHO,48,21,20.9,3.8,6.8,.559,0.1,0.6,.143,3.7,6.2,.598,.565,1.8,2.5,.714,2.5,4.4,6.8,1.8,0.6,0.4,1.1,2.5,9.4,2020-21
Marques Bolden,C,22,CLE,6,0,4.8,0.2,0.5,.333,0.0,0.0,0,0.2,0.5,.333,.333,0.8,1.3,.625,0.5,0.5,1.0,0.0,0.3,0.3,0.3,0.0,1.2,2020-21
Matthew Dellavedova,PG,30,CLE,13,1,17.2,1.1,4.3,.250,0.3,1.9,.160,0.8,2.4,.323,.286,0.3,0.3,1.000,0.5,1.4,1.8,4.5,0.3,0.1,0.5,1.6,2.8,2020-21
Damyean Dotson,SG,26,CLE,46,7,19.7,2.6,6.4,.406,1.0,3.5,.289,1.6,2.9,.545,.485,0.5,0.8,.667,0.1,1.9,2.0,2.0,0.3,0.1,0.9,0.9,6.7,2020-21
Dante Exum,SG,25,CLE,6,3,19.3,1.7,4.3,.385,0.3,1.8,.182,1.3,2.5,.533,.423,0.2,0.3,.500,0.3,2.5,2.8,2.2,0.7,0.3,1.2,1.5,3.8,2020-21
Darius Garland,PG,21,CLE,54,50,33.1,6.7,14.9,.451,1.9,4.9,.395,4.8,9.9,.479,.517,2.1,2.4,.848,0.4,2.0,2.4,6.1,1.2,0.1,3.0,2.0,17.4,2020-21
Kevin Love,PF,32,CLE,25,25,24.9,4.1,10.1,.409,2.3,6.2,.365,1.8,3.8,.479,.522,1.7,2.0,.824,0.7,6.8,7.4,2.5,0.6,0.1,1.5,1.0,12.2,2020-21
Thon Maker,C,23,CLE,8,0,9.5,1.3,2.3,.556,0.0,0.3,.000,1.3,2.0,.625,.556,1.3,1.4,.909,1.0,1.3,2.3,0.5,0.3,0.5,0.4,0.9,3.8,2020-21
Jeremiah Martin,PG,24,CLE,9,0,8.3,1.0,3.7,.273,0.3,1.3,.250,0.7,2.3,.286,.318,0.1,0.6,.200,0.2,0.6,0.8,0.4,0.6,0.2,0.7,0.1,2.4,2020-21
Larry Nance,PF,28,CLE,35,27,31.2,3.7,7.8,.471,1.2,3.3,.360,2.5,4.5,.551,.546,0.9,1.4,.612,1.5,5.2,6.7,3.1,1.7,0.5,1.6,2.1,9.3,2020-21
Isaac Okoro,SG,20,CLE,67,67,32.4,3.5,8.3,.420,0.9,3.2,.290,2.6,5.1,.501,.476,1.7,2.3,.726,1.0,2.1,3.1,1.9,0.9,0.4,1.3,2.8,9.6,2020-21
Cedi Osman,SF,25,CLE,59,26,25.6,3.7,9.9,.374,1.7,5.5,.306,2.0,4.4,.458,.458,1.3,1.6,.800,0.6,2.8,3.4,2.9,0.9,0.2,1.4,2.0,10.4,2020-21
Collin Sexton,SG,22,CLE,60,60,35.3,8.8,18.4,.475,1.6,4.4,.371,7.1,14.0,.508,.519,5.2,6.4,.815,1.0,2.2,3.1,4.4,1.0,0.2,2.8,2.6,24.3,2020-21
Lamar Stevens,PF,23,CLE,40,0,12.5,1.6,3.4,.456,0.1,0.6,.160,1.5,2.8,.523,.471,0.9,1.3,.725,0.6,1.8,2.4,0.6,0.4,0.3,0.6,1.3,4.1,2020-21
Anderson Varejão,C,38,CLE,5,0,7.2,0.8,3.2,.250,0.0,0.2,.000,0.8,3.0,.267,.250,1.0,1.8,.556,1.4,2.6,4.0,0.6,0.0,0.4,0.2,0.6,2.6,2020-21
Dean Wade,PF,24,CLE,63,19,19.2,2.1,4.9,.431,1.2,3.4,.366,0.9,1.6,.571,.556,0.5,0.6,.769,0.6,2.8,3.4,1.2,0.6,0.3,0.5,1.2,6.0,2020-21
Dylan Windler,SF,24,CLE,31,0,16.5,1.8,4.2,.438,0.8,2.5,.338,1.0,1.7,.585,.538,0.7,0.9,.778,0.6,2.8,3.5,1.1,0.6,0.4,1.0,1.2,5.2,2020-21
Tyler Bey,SF,22,DAL,18,0,3.9,0.4,1.2,.318,0.1,0.2,.250,0.3,1.0,.333,.341,0.2,0.3,.600,0.4,0.6,1.1,0.2,0.0,0.1,0.2,0.3,1.0,2020-21
Jalen Brunson,PG,24,DAL,68,12,25.0,4.8,9.2,.523,1.2,2.9,.405,3.6,6.3,.578,.588,1.8,2.2,.795,0.4,3.0,3.4,3.5,0.5,0.0,1.2,1.6,12.6,2020-21
Trey Burke,PG,28,DAL,62,1,14.7,2.4,5.7,.428,0.9,2.6,.354,1.5,3.0,.492,.510,0.8,0.9,.895,0.2,0.7,0.9,1.3,0.6,0.1,0.5,1.0,6.6,2020-21
Willie Cauley-Stein,C,27,DAL,53,16,17.1,2.2,3.4,.632,0.0,0.2,.091,2.2,3.2,.667,.635,0.9,1.5,.628,1.2,3.2,4.5,0.7,0.4,0.8,0.5,2.4,5.3,2020-21
Luka Dončić,PG,21,DAL,66,66,34.3,9.8,20.5,.479,2.9,8.3,.350,6.9,12.2,.567,.550,5.2,7.1,.730,0.8,7.2,8.0,8.6,1.0,0.5,4.3,2.3,27.7,2020-21
Dorian Finney-Smith,PF,27,DAL,60,60,32.0,3.7,7.8,.472,2.0,5.0,.394,1.7,2.7,.616,.600,0.5,0.7,.756,1.6,3.8,5.4,1.7,0.9,0.4,0.8,2.3,9.8,2020-21
Josh Green,SG,20,DAL,39,5,11.4,1.1,2.4,.452,0.1,0.6,.160,1.0,1.7,.559,.473,0.3,0.6,.565,0.7,1.3,2.0,0.7,0.4,0.1,0.4,0.9,2.6,2020-21
Tim Hardaway,SG,28,DAL,70,31,28.4,5.8,13.0,.447,3.0,7.6,.391,2.9,5.5,.524,.560,2.0,2.5,.816,0.3,3.0,3.3,1.8,0.4,0.2,0.9,1.6,16.6,2020-21
Nate Hinton,SG,21,DAL,21,0,4.4,0.7,2.0,.357,0.2,0.9,.211,0.5,1.1,.478,.405,0.3,0.5,.700,0.0,0.4,0.4,0.4,0.3,0.1,0.2,0.4,2.0,2020-21
Maxi Kleber,PF,29,DAL,50,40,26.8,2.3,5.5,.422,1.7,4.2,.410,0.6,1.3,.460,.580,0.7,0.7,.919,0.9,4.3,5.2,1.4,0.5,0.7,0.6,2.1,7.1,2020-21
Boban Marjanović,C,32,DAL,33,3,8.2,1.9,3.7,.508,0.0,0.2,.125,1.8,3.5,.535,.512,0.9,1.2,.816,1.4,2.5,3.9,0.3,0.1,0.2,0.4,0.9,4.7,2020-21
Kristaps Porziņģis,C,25,DAL,43,43,30.9,7.6,15.9,.476,2.3,6.0,.376,5.3,9.9,.536,.547,2.7,3.2,.855,1.9,7.0,8.9,1.6,0.5,1.3,1.2,2.7,20.1,2020-21
Dwight Powell,C,29,DAL,58,19,16.7,2.1,3.3,.619,0.1,0.4,.238,2.0,3.0,.665,.631,1.7,2.1,.782,1.4,2.7,4.0,1.1,0.6,0.5,0.7,2.3,5.9,2020-21
Josh Richardson,SG,27,DAL,59,56,30.3,4.5,10.5,.427,1.5,4.5,.330,3.0,5.9,.501,.498,1.7,1.8,.917,0.9,2.4,3.3,2.6,1.0,0.4,1.3,2.2,12.1,2020-21
Tyrell Terry,PG,20,DAL,11,0,5.1,0.5,1.5,.313,0.0,0.6,.000,0.5,0.8,.556,.313,0.1,0.3,.333,0.0,0.5,0.5,0.5,0.5,0.0,0.2,0.2,1.0,2020-21
Will Barton,SF,30,DEN,56,52,31.0,4.6,10.9,.426,1.8,4.6,.381,2.9,6.3,.459,.507,1.7,2.2,.785,0.7,3.3,4.0,3.2,0.9,0.4,1.7,1.7,12.7,2020-21
Bol Bol,PF,21,DEN,32,2,5.0,0.8,1.8,.431,0.3,0.8,.375,0.5,1.1,.471,.509,0.3,0.5,.667,0.0,0.8,0.8,0.2,0.1,0.3,0.4,0.4,2.2,2020-21
Facundo Campazzo,PG,29,DEN,65,19,21.9,1.8,4.8,.381,1.2,3.3,.352,0.7,1.5,.444,.502,1.2,1.4,.879,0.3,1.7,2.1,3.6,1.2,0.2,1.1,2.0,6.1,2020-21
Vlatko Čančar,PF,23,DEN,41,1,6.9,0.8,1.8,.458,0.2,0.8,.273,0.6,1.0,.615,.521,0.2,0.3,.769,0.3,1.0,1.2,0.3,0.3,0.0,0.3,0.4,2.1,2020-21
PJ Dozier,SG,24,DEN,50,6,21.8,3.0,7.1,.417,0.9,3.0,.315,2.0,4.1,.490,.483,0.8,1.3,.636,0.7,2.9,3.6,1.8,0.6,0.4,0.9,1.7,7.7,2020-21
JaMychal Green,PF,30,DEN,58,5,19.3,3.0,6.4,.463,1.4,3.4,.399,1.6,3.0,.534,.568,0.8,1.0,.807,1.5,3.3,4.8,0.9,0.4,0.4,0.9,2.5,8.1,2020-21
Markus Howard,SG,21,DEN,37,1,5.5,1.1,2.9,.377,0.5,1.8,.277,0.6,1.1,.537,.462,0.2,0.2,.778,0.0,0.5,0.6,0.5,0.1,0.0,0.5,0.6,2.8,2020-21
Nikola Jokić,C,25,DEN,72,72,34.6,10.2,18.0,.566,1.3,3.3,.388,8.9,14.7,.606,.602,4.8,5.5,.868,2.8,8.0,10.8,8.3,1.3,0.7,3.1,2.7,26.4,2020-21
Paul Millsap,PF,35,DEN,56,36,20.8,3.4,7.2,.476,0.9,2.6,.343,2.5,4.6,.550,.537,1.3,1.8,.724,1.4,3.3,4.7,1.8,0.9,0.6,0.9,2.0,9.0,2020-21
Monte Morris,PG,25,DEN,47,13,25.4,4.0,8.2,.481,1.1,2.9,.381,2.9,5.4,.534,.547,1.2,1.6,.795,0.2,1.8,2.0,3.2,0.7,0.3,0.7,1.0,10.2,2020-21
Jamal Murray,PG,23,DEN,48,48,35.5,7.9,16.5,.477,2.7,6.6,.408,5.2,9.9,.523,.559,2.8,3.2,.869,0.8,3.3,4.0,4.8,1.3,0.3,2.3,2.0,21.2,2020-21
Zeke Nnaji,PF,20,DEN,42,1,9.5,1.2,2.5,.481,0.6,1.4,.407,0.6,1.1,.578,.596,0.3,0.4,.800,0.3,1.2,1.5,0.2,0.2,0.1,0.2,0.7,3.2,2020-21
Michael Porter,SF,22,DEN,61,54,31.3,7.3,13.4,.542,2.8,6.3,.445,4.5,7.1,.628,.646,1.7,2.2,.791,1.5,5.8,7.3,1.1,0.7,0.9,1.3,2.1,19.0,2020-21
Greg Whittington,PF,27,DEN,4,0,3.0,0.0,0.8,.000,0.0,0.5,.000,0.0,0.3,.000,.000,0.0,0.0,0,0.0,0.0,0.0,0.0,0.0,0.0,0.0,0.0,0.0,2020-21
Saddiq Bey,SF,21,DET,70,53,27.3,4.0,9.9,.404,2.5,6.6,.380,1.5,3.3,.450,.530,1.8,2.1,.844,0.6,3.9,4.5,1.4,0.7,0.2,0.9,1.6,12.2,2020-21
Sekou Doumbouya,PF,20,DET,56,11,15.5,1.9,5.0,.379,0.5,2.1,.226,1.4,3.0,.485,.426,0.8,1.1,.703,0.7,1.9,2.6,0.8,0.4,0.2,0.8,1.7,5.1,2020-21
Wayne Ellington,SG,33,DET,46,31,22.0,3.2,7.3,.441,2.5,6.0,.422,0.7,1.4,.524,.612,0.6,0.8,.800,0.3,1.6,1.8,1.5,0.4,0.2,0.7,1.3,9.6,2020-21
Jerami Grant,SF,26,DET,54,54,33.9,7.4,17.3,.429,2.1,6.1,.350,5.3,11.2,.473,.491,5.4,6.4,.845,0.6,4.0,4.6,2.8,0.6,1.1,2.0,2.3,22.3,2020-21
Killian Hayes,PG,19,DET,26,18,25.8,2.7,7.7,.353,0.8,2.8,.278,2.0,5.0,.395,.403,0.5,0.7,.824,0.2,2.4,2.7,5.3,1.0,0.4,3.2,2.2,6.8,2020-21
Frank Jackson,PG,22,DET,40,6,18.5,3.4,7.3,.457,1.5,3.8,.407,1.8,3.6,.510,.561,1.5,1.9,.813,0.4,1.8,2.2,0.9,0.4,0.0,0.9,1.3,9.8,2020-21
Josh Jackson,SG,23,DET,62,25,25.2,4.8,11.4,.419,1.2,4.1,.300,3.5,7.3,.487,.473,2.6,3.5,.729,0.9,3.2,4.1,2.3,0.9,0.8,2.3,2.9,13.4,2020-21
Saben Lee,PG,21,DET,48,7,16.3,2.1,4.4,.471,0.2,0.5,.348,1.9,3.9,.487,.490,1.3,1.9,.685,0.4,1.6,2.0,3.6,0.7,0.3,1.1,1.6,5.6,2020-21
Rodney McGruder,SG,29,DET,16,2,12.1,2.3,4.4,.529,0.7,1.5,.458,1.6,2.9,.565,.607,0.4,0.5,.750,0.5,0.9,1.4,1.0,0.5,0.1,0.4,0.8,5.7,2020-21
Jahlil Okafor,C,25,DET,27,2,12.9,2.3,3.8,.618,0.1,0.3,.222,2.3,3.4,.656,.627,0.6,0.9,.708,0.9,1.6,2.4,0.5,0.2,0.2,0.8,1.4,5.4,2020-21
Mason Plumlee,C,30,DET,56,56,26.8,4.2,6.8,.614,0.0,0.1,.000,4.2,6.7,.626,.614,2.0,3.0,.669,2.6,6.7,9.3,3.6,0.8,0.9,1.9,3.3,10.4,2020-21
Deividas Sirvydis,SG,20,DET,20,0,6.7,0.7,2.0,.350,0.5,1.4,.357,0.2,0.6,.333,.475,0.2,0.3,.500,0.0,1.5,1.5,0.3,0.1,0.0,0.3,0.5,2.1,2020-21
Isaiah Stewart,C,19,DET,68,14,21.4,3.3,6.0,.553,0.3,0.9,.333,3.0,5.1,.592,.578,0.9,1.4,.696,2.3,4.3,6.7,0.9,0.6,1.3,1.0,2.7,7.9,2020-21
Kent Bazemore,SF,31,GSW,67,18,19.9,2.6,5.9,.449,1.1,2.7,.408,1.5,3.1,.486,.545,0.8,1.2,.692,0.4,3.0,3.4,1.6,1.0,0.5,1.2,2.4,7.2,2020-21
Marquese Chriss,PF,23,GSW,2,0,13.5,2.5,7.0,.357,0.5,2.5,.200,2.0,4.5,.444,.393,1.0,2.0,.500,1.5,5.0,6.5,1.0,0.0,1.0,1.0,1.5,6.5,2020-21
Stephen Curry,PG,32,GSW,63,63,34.2,10.4,21.7,.482,5.3,12.7,.421,5.1,9.0,.569,.605,5.7,6.3,.916,0.5,5.0,5.5,5.8,1.2,0.1,3.4,1.9,32.0,2020-21
Draymond Green,PF,30,GSW,63,63,31.5,2.7,6.0,.447,0.5,2.0,.270,2.2,4.0,.535,.492,1.1,1.4,.795,0.9,6.3,7.1,8.9,1.7,0.8,3.0,3.1,7.0,2020-21
Damion Lee,SG,28,GSW,57,1,18.9,2.2,4.8,.467,1.4,3.4,.397,0.9,1.4,.638,.608,0.7,0.8,.909,0.4,2.8,3.2,1.3,0.7,0.1,0.5,1.6,6.5,2020-21
Kevon Looney,C,24,GSW,61,34,19.0,1.8,3.2,.548,0.1,0.3,.235,1.7,3.0,.578,.558,0.5,0.8,.646,1.9,3.4,5.3,2.0,0.3,0.4,0.6,2.2,4.1,2020-21
Nico Mannion,PG,19,GSW,30,1,12.1,1.3,3.8,.342,0.7,2.0,.367,0.6,1.8,.315,.439,0.8,0.9,.821,0.2,1.3,1.5,2.3,0.5,0.0,1.0,1.0,4.1,2020-21
Mychal Mulder,PG,26,GSW,60,6,12.8,2.0,4.4,.449,1.4,3.6,.397,0.6,0.9,.667,.609,0.2,0.4,.636,0.1,0.9,1.0,0.4,0.2,0.2,0.3,0.9,5.6,2020-21
Kelly Oubre,SF,25,GSW,55,50,30.7,5.8,13.2,.439,1.6,5.2,.316,4.1,8.0,.519,.501,2.2,3.2,.695,1.5,4.5,6.0,1.3,1.0,0.8,1.3,2.2,15.4,2020-21
Eric Paschall,PF,24,GSW,40,2,17.4,3.7,7.5,.497,0.5,1.4,.333,3.3,6.1,.533,.527,1.7,2.4,.713,0.7,2.5,3.2,1.3,0.3,0.2,1.1,1.7,9.5,2020-21
Gary Payton II,PG,28,GSW,10,0,4.0,1.0,1.3,.769,0.2,0.4,.500,0.8,0.9,.889,.846,0.3,0.4,.750,0.2,0.9,1.1,0.1,0.6,0.1,0.1,0.8,2.5,2020-21
Jordan Poole,SG,21,GSW,51,7,19.4,4.0,9.3,.432,1.9,5.4,.351,2.1,3.9,.545,.535,2.1,2.3,.882,0.3,1.5,1.8,1.9,0.5,0.2,1.0,1.7,12.0,2020-21
Alen Smailagić,PF,20,GSW,15,1,5.6,0.7,1.8,.407,0.3,0.7,.400,0.5,1.1,.412,.481,0.1,0.4,.333,0.4,0.7,1.1,0.3,0.2,0.3,0.3,0.7,1.9,2020-21
Juan Toscano-Anderson,SG,27,GSW,53,16,20.9,2.3,3.9,.579,0.7,1.7,.402,1.6,2.2,.718,.667,0.4,0.6,.710,0.5,3.9,4.4,2.8,0.8,0.5,1.2,2.1,5.7,2020-21
Andrew Wiggins,PF,25,GSW,71,71,33.3,7.1,14.9,.477,2.0,5.2,.380,5.1,9.7,.529,.543,2.4,3.4,.714,1.2,3.7,4.9,2.4,0.9,1.0,1.8,2.2,18.6,2020-21
James Wiseman,C,19,GSW,39,27,21.4,4.9,9.4,.519,0.3,1.0,.316,4.6,8.5,.542,.535,1.4,2.2,.628,1.4,4.4,5.8,0.7,0.3,0.9,1.5,3.1,11.5,2020-21
Armoni Brooks,SG,22,HOU,20,5,26.0,3.9,9.6,.406,3.0,7.9,.382,0.9,1.8,.514,.563,0.4,0.6,.583,0.5,2.9,3.4,1.5,0.6,0.3,1.1,1.7,11.2,2020-21
Sterling Brown,SG,25,HOU,51,14,24.1,2.9,6.6,.448,1.8,4.2,.423,1.2,2.4,.492,.584,0.5,0.6,.806,0.7,3.6,4.4,1.4,0.7,0.2,0.8,1.9,8.2,2020-21
Bruno Caboclo,PF,25,HOU,6,0,6.0,1.3,2.8,.471,0.0,0.8,.000,1.3,2.0,.667,.471,0.2,0.3,.500,0.5,1.8,2.3,0.2,0.0,0.3,0.7,1.0,2.8,2020-21
Eric Gordon,SG,32,HOU,27,13,29.2,5.9,13.6,.433,2.6,7.8,.329,3.3,5.8,.573,.527,3.5,4.2,.825,0.3,1.9,2.1,2.6,0.5,0.5,1.9,1.6,17.8,2020-21
Danuel House,SF,27,HOU,36,23,25.9,3.1,7.6,.404,1.5,4.3,.346,1.6,3.2,.483,.504,1.1,1.8,.651,0.5,3.2,3.7,1.9,0.6,0.4,1.0,1.9,8.8,2020-21
Anthony Lamb,SF,23,HOU,24,3,17.3,1.9,4.9,.390,1.0,3.0,.324,1.0,2.0,.489,.487,0.8,0.9,.857,1.1,1.8,2.9,1.0,0.3,0.2,0.8,1.4,5.5,2020-21
Kenyon Martin,SF,20,HOU,45,8,23.7,3.6,7.1,.509,0.8,2.1,.365,2.8,4.9,.572,.564,1.3,1.9,.714,1.6,3.8,5.4,1.1,0.7,0.9,0.8,2.0,9.3,2020-21
David Nwaba,SF,28,HOU,30,9,22.6,3.5,7.3,.486,0.6,2.1,.270,3.0,5.2,.574,.525,1.6,2.3,.691,1.3,2.6,3.9,1.0,1.0,0.7,0.6,2.0,9.2,2020-21
Cameron Oliver,SF,24,HOU,4,0,21.8,4.8,8.3,.576,1.0,3.3,.308,3.8,5.0,.750,.636,0.3,1.0,.250,1.3,4.0,5.3,1.3,0.5,1.0,0.8,2.8,10.8,2020-21
Justin Patton,C,23,HOU,13,6,19.0,2.2,5.4,.414,0.7,2.6,.265,1.5,2.8,.556,.479,0.2,0.3,.750,1.1,2.7,3.8,1.1,0.9,1.1,0.3,2.6,5.4,2020-21
Kevin Porter,SG,20,HOU,26,23,32.1,6.0,14.1,.425,1.9,6.2,.311,4.1,7.9,.515,.493,2.7,3.6,.734,0.8,3.0,3.8,6.3,0.7,0.3,3.5,2.3,16.6,2020-21
Ray Spalding,C,23,HOU,2,0,9.5,1.0,2.0,.500,0.0,0.5,.000,1.0,1.5,.667,.500,0.0,1.0,.000,1.0,1.0,2.0,0.0,0.0,1.0,1.5,1.5,2.0,2020-21
Jae'Sean Tate,SF,25,HOU,70,58,29.2,4.5,8.9,.506,0.9,2.8,.308,3.7,6.1,.595,.554,1.5,2.1,.694,1.9,3.5,5.3,2.5,1.2,0.5,1.4,3.2,11.3,2020-21
Khyri Thomas,SG,24,HOU,5,2,30.6,6.4,13.2,.485,1.8,5.4,.333,4.6,7.8,.590,.553,1.8,1.8,1.000,1.4,2.2,3.6,5.0,1.8,1.2,1.2,1.6,16.4,2020-21
John Wall,PG,30,HOU,40,40,32.2,7.3,18.2,.404,2.0,6.2,.317,5.4,11.9,.449,.458,4.0,5.3,.749,0.4,2.8,3.2,6.9,1.1,0.8,3.5,1.2,20.6,2020-21
Christian Wood,C,25,HOU,41,41,32.3,8.0,15.6,.514,1.9,5.0,.374,6.1,10.6,.581,.574,3.0,4.8,.631,1.9,7.8,9.6,1.7,0.8,1.2,2.0,2.1,21.0,2020-21
Goga Bitadze,C,21,IND,45,3,12.5,1.8,4.3,.428,0.4,1.8,.253,1.4,2.6,.548,.479,1.0,1.4,.738,1.3,2.0,3.3,0.8,0.2,1.3,0.4,2.1,5.1,2020-21
Brian Bowen,SF,22,IND,6,0,2.5,0.2,0.7,.250,0.0,0.2,.000,0.2,0.5,.333,.250,0.2,0.2,1.000,0.0,0.5,0.5,0.0,0.0,0.0,0.0,0.2,0.5,2020-21
Amida Brimah,C,26,IND,5,0,5.8,1.0,1.6,.625,0.0,0.0,0,1.0,1.6,.625,.625,0.6,0.6,1.000,0.4,1.2,1.6,0.2,0.0,1.0,0.8,0.8,2.6,2020-21
Oshae Brissett,SF,22,IND,21,16,24.7,3.5,7.2,.483,1.6,3.7,.423,1.9,3.5,.548,.593,2.4,3.1,.769,1.4,4.1,5.5,0.9,0.9,1.0,0.5,1.5,10.9,2020-21
Malcolm Brogdon,PG,28,IND,56,56,34.5,7.9,17.5,.453,2.6,6.7,.388,5.3,10.8,.493,.527,2.7,3.2,.864,1.0,4.2,5.3,5.9,0.9,0.3,2.1,2.0,21.2,2020-21
Aaron Holiday,PG,24,IND,66,8,17.8,2.6,6.6,.390,1.0,2.8,.368,1.6,3.8,.406,.467,1.0,1.3,.819,0.2,1.1,1.3,1.9,0.7,0.2,1.0,1.4,7.2,2020-21
Justin Holiday,SG,31,IND,72,52,30.3,3.6,8.7,.413,2.4,6.3,.382,1.2,2.4,.494,.551,0.9,1.2,.788,0.4,3.1,3.6,1.7,1.0,0.6,0.8,1.9,10.5,2020-21
Jeremy Lamb,SG,28,IND,36,8,21.3,3.3,7.7,.435,1.4,3.6,.406,1.9,4.1,.459,.529,2.0,2.1,.947,0.7,2.9,3.6,1.5,0.9,0.6,0.6,2.0,10.1,2020-21
Jalen Lecque,PG,20,IND,4,0,3.0,0.3,2.3,.111,0.0,0.3,.000,0.3,2.0,.125,.111,0.8,0.8,1.000,0.5,0.8,1.3,0.5,0.0,0.0,0.0,0.0,1.3,2020-21
Kelan Martin,SF,25,IND,35,0,9.2,1.8,3.9,.449,0.7,1.7,.400,1.1,2.2,.487,.536,0.3,0.3,.900,0.5,1.7,2.2,0.5,0.3,0.3,0.5,1.0,4.5,2020-21
T.J. McConnell,PG,28,IND,69,3,26.0,4.0,7.1,.559,0.2,0.7,.313,3.8,6.4,.586,.574,0.5,0.7,.688,0.8,2.9,3.7,6.6,1.9,0.3,2.0,1.6,8.6,2020-21
Doug McDermott,PF,29,IND,66,29,24.5,5.4,10.1,.532,1.7,4.3,.388,3.7,5.7,.641,.616,1.2,1.5,.816,0.9,2.4,3.3,1.3,0.3,0.1,0.8,1.8,13.6,2020-21
Domantas Sabonis,PF,24,IND,62,62,36.0,7.8,14.6,.535,0.8,2.6,.321,7.0,12.0,.582,.564,3.9,5.3,.732,2.4,9.5,12.0,6.7,1.2,0.5,3.4,3.3,20.3,2020-21
JaKarr Sampson,PF,27,IND,29,4,10.9,1.9,3.9,.496,0.1,0.5,.200,1.8,3.4,.541,.509,0.7,1.0,.655,0.9,1.7,2.7,0.1,0.1,0.5,0.5,1.8,4.6,2020-21
Cassius Stanley,SG,21,IND,24,0,3.9,0.5,1.8,.302,0.1,0.5,.231,0.4,1.3,.333,.337,0.3,0.4,.778,0.3,0.5,0.8,0.0,0.0,0.1,0.0,0.6,1.5,2020-21
Edmond Sumner,SG,25,IND,53,24,16.2,2.8,5.3,.525,0.7,1.7,.398,2.1,3.7,.582,.587,1.3,1.6,.819,0.3,1.4,1.8,0.9,0.6,0.2,1.0,1.7,7.5,2020-21
Myles Turner,C,24,IND,47,47,31.0,4.4,9.2,.477,1.5,4.4,.335,2.9,4.8,.606,.557,2.4,3.0,.782,1.3,5.2,6.5,1.0,0.9,3.4,1.4,3.5,12.6,2020-21
T.J. Warren,SF,27,IND,4,4,29.3,6.8,12.8,.529,0.0,1.8,.000,6.8,11.0,.614,.529,2.0,2.5,.800,0.5,3.0,3.5,1.3,0.5,0.0,1.0,4.0,15.5,2020-21
Nicolas Batum,SF,32,LAC,67,38,27.4,2.9,6.1,.464,1.6,4.1,.404,1.2,2.1,.579,.597,0.7,0.9,.828,0.7,4.0,4.7,2.2,1.0,0.6,0.8,1.5,8.1,2020-21
Patrick Beverley,PG,32,LAC,37,34,22.5,2.5,5.9,.423,1.5,3.8,.397,1.0,2.1,.468,.550,1.0,1.2,.800,0.8,2.4,3.2,2.1,0.8,0.8,0.9,2.9,7.5,2020-21
Amir Coffey,SG,23,LAC,44,1,9.0,1.0,2.3,.437,0.5,1.3,.411,0.5,1.1,.468,.549,0.6,0.9,.711,0.2,0.8,1.0,0.5,0.2,0.0,0.3,0.7,3.2,2020-21
Malik Fitts,PF,23,LAC,3,0,3.7,0.3,1.0,.333,0.3,0.7,.500,0.0,0.3,.000,.500,0.0,0.0,0,0.0,1.0,1.0,0.0,0.0,0.0,0.0,1.0,1.0,2020-21
Paul George,SF,30,LAC,54,54,33.7,8.2,17.6,.467,3.2,7.7,.411,5.1,9.9,.510,.557,3.7,4.2,.868,0.8,5.8,6.6,5.2,1.1,0.4,3.3,2.4,23.3,2020-21
Serge Ibaka,C,31,LAC,41,39,23.3,4.5,8.9,.510,1.0,2.8,.339,3.6,6.1,.588,.563,1.0,1.3,.811,1.8,4.9,6.7,1.8,0.2,1.1,1.1,1.9,11.1,2020-21
Reggie Jackson,SG,30,LAC,67,43,23.0,3.9,8.7,.450,1.8,4.2,.433,2.1,4.5,.465,.554,1.0,1.2,.817,0.4,2.5,2.9,3.1,0.6,0.1,1.1,1.9,10.7,2020-21
Luke Kennard,SG,24,LAC,63,17,19.6,3.1,6.6,.476,1.6,3.6,.446,1.5,3.0,.511,.597,0.4,0.5,.839,0.2,2.3,2.6,1.7,0.4,0.1,0.8,1.4,8.3,2020-21
Kawhi Leonard,SF,29,LAC,52,52,34.1,8.9,17.5,.512,1.9,4.9,.398,7.0,12.6,.557,.568,5.0,5.7,.885,1.1,5.4,6.5,5.2,1.6,0.4,2.0,1.6,24.8,2020-21
Terance Mann,SG,24,LAC,67,10,18.9,2.7,5.2,.509,0.6,1.4,.418,2.1,3.9,.541,.563,1.2,1.4,.830,0.8,2.8,3.6,1.6,0.4,0.2,0.6,1.9,7.0,2020-21
Marcus Morris,PF,31,LAC,57,29,26.4,4.8,10.2,.473,2.5,5.2,.473,2.4,5.1,.472,.592,1.3,1.6,.820,0.6,3.5,4.1,1.0,0.6,0.3,1.0,2.1,13.4,2020-21
Daniel Oturu,C,21,LAC,30,0,5.4,0.7,1.7,.423,0.0,0.2,.200,0.7,1.6,.447,.433,0.3,0.4,.750,0.7,0.9,1.6,0.3,0.1,0.2,0.3,0.8,1.8,2020-21
Patrick Patterson,PF,31,LAC,38,5,15.3,1.9,4.3,.436,1.1,2.9,.357,0.8,1.4,.604,.558,0.3,0.4,.765,0.5,1.5,2.0,0.8,0.4,0.2,0.3,1.2,5.2,2020-21
Jay Scrubb,SG,20,LAC,4,1,21.0,3.5,9.0,.389,0.5,2.3,.222,3.0,6.8,.444,.417,1.3,1.3,1.000,0.5,3.0,3.5,0.3,1.0,0.0,1.8,1.3,8.8,2020-21
Ivica Zubac,C,23,LAC,72,33,22.3,3.6,5.5,.652,0.0,0.1,.250,3.6,5.4,.656,.654,1.9,2.4,.789,2.6,4.6,7.2,1.3,0.3,0.9,1.1,2.6,9.0,2020-21
Kostas Antetokounmpo,PF,23,LAL,15,0,3.7,0.2,0.7,.300,0.0,0.0,0,0.2,0.7,.300,.300,0.4,0.9,.462,0.3,1.0,1.3,0.1,0.1,0.3,0.7,0.5,0.8,2020-21
Devontae Cacok,PF,24,LAL,20,1,4.9,0.9,1.5,.586,0.0,0.0,0,0.9,1.5,.586,.586,0.3,0.6,.455,0.6,1.0,1.6,0.1,0.3,0.2,0.3,0.4,2.0,2020-21
Kentavious Caldwell-Pope,SG,27,LAL,67,67,28.4,3.3,7.6,.431,1.8,4.4,.410,1.5,3.2,.460,.549,1.4,1.7,.866,0.4,2.3,2.7,1.9,0.9,0.4,1.0,1.7,9.7,2020-21
Alex Caruso,PG,26,LAL,58,6,21.0,2.3,5.3,.436,0.9,2.4,.401,1.3,2.9,.464,.526,0.8,1.3,.645,0.5,2.4,2.9,2.8,1.1,0.3,1.3,1.9,6.4,2020-21
Anthony Davis,PF,27,LAL,36,36,32.3,8.4,17.0,.491,0.7,2.8,.260,7.6,14.3,.536,.512,4.4,5.9,.738,1.7,6.2,7.9,3.1,1.3,1.6,2.1,1.7,21.8,2020-21
Jared Dudley,PF,35,LAL,12,0,6.8,0.2,0.8,.222,0.2,0.5,.333,0.0,0.3,.000,.333,0.0,0.0,0,0.3,1.4,1.8,0.4,0.1,0.1,0.2,0.6,0.5,2020-21
Marc Gasol,C,36,LAL,52,42,19.1,1.7,3.7,.454,1.0,2.3,.410,0.7,1.4,.528,.582,0.7,1.0,.720,0.7,3.4,4.1,2.1,0.5,1.1,1.0,2.2,5.0,2020-21
Montrezl Harrell,C,27,LAL,69,1,22.9,5.4,8.7,.622,0.0,0.1,.000,5.4,8.6,.632,.622,2.6,3.7,.707,2.3,3.9,6.2,1.1,0.7,0.7,1.1,1.9,13.5,2020-21
Talen Horton-Tucker,SG,20,LAL,65,4,20.1,3.4,7.5,.458,0.6,2.0,.282,2.9,5.5,.522,.496,1.5,2.0,.775,0.4,2.2,2.6,2.8,1.0,0.3,1.6,2.0,9.0,2020-21
LeBron James,PG,36,LAL,45,45,33.4,9.4,18.3,.513,2.3,6.3,.365,7.1,12.0,.591,.576,4.0,5.7,.698,0.6,7.0,7.7,7.8,1.1,0.6,3.7,1.6,25.0,2020-21
Kyle Kuzma,SF,25,LAL,68,32,28.7,4.9,11.1,.443,2.0,5.6,.361,2.9,5.5,.525,.533,1.0,1.4,.691,1.6,4.5,6.1,1.9,0.5,0.6,1.7,1.8,12.9,2020-21
Wesley Matthews,SG,34,LAL,58,10,19.5,1.5,4.3,.353,1.1,3.4,.335,0.4,0.9,.418,.484,0.6,0.7,.854,0.3,1.3,1.6,0.9,0.7,0.3,0.4,1.4,4.8,2020-21
Alfonzo McKinnie,SF,28,LAL,39,0,6.6,1.2,2.4,.516,0.4,1.0,.410,0.8,1.4,.593,.602,0.3,0.5,.556,0.6,0.8,1.4,0.2,0.2,0.0,0.1,0.7,3.1,2020-21
Markieff Morris,PF,31,LAL,61,27,19.7,2.5,6.2,.405,1.1,3.4,.311,1.4,2.8,.521,.491,0.6,0.8,.720,0.8,3.6,4.4,1.2,0.4,0.3,0.9,1.7,6.7,2020-21
Dennis Schröder,SG,27,LAL,61,61,32.1,5.4,12.5,.437,1.2,3.5,.335,4.3,9.0,.476,.484,3.4,4.0,.848,0.5,3.0,3.5,5.8,1.1,0.2,2.7,2.6,15.4,2020-21
Grayson Allen,SG,25,MEM,50,38,25.2,3.5,8.3,.418,2.1,5.5,.391,1.3,2.8,.471,.547,1.6,1.8,.868,0.4,2.8,3.2,2.2,0.9,0.2,1.0,1.4,10.6,2020-21
Kyle Anderson,PF,27,MEM,69,69,27.3,4.5,9.5,.468,1.4,3.8,.360,3.1,5.8,.539,.540,2.1,2.7,.783,0.8,5.0,5.7,3.6,1.2,0.8,1.2,1.7,12.4,2020-21
Desmond Bane,SG,22,MEM,68,17,22.3,3.4,7.3,.469,1.7,4.0,.432,1.7,3.4,.513,.586,0.6,0.7,.816,0.5,2.6,3.1,1.7,0.6,0.2,0.9,1.8,9.2,2020-21
Dillon Brooks,SF,25,MEM,67,67,29.8,6.4,15.4,.419,1.9,5.6,.344,4.5,9.8,.461,.481,2.4,2.9,.815,0.8,2.1,2.9,2.3,1.2,0.4,1.8,3.5,17.2,2020-21
Brandon Clarke,PF,24,MEM,59,16,24.0,4.3,8.4,.517,0.3,1.3,.260,4.0,7.1,.565,.537,1.3,1.9,.690,1.6,3.9,5.6,1.6,1.0,0.9,0.6,1.4,10.3,2020-21
Tim Frazier,PG,30,MEM,5,0,12.4,0.6,4.0,.150,0.0,1.6,.000,0.6,2.4,.250,.150,0.4,1.2,.333,0.0,1.6,1.6,3.2,0.4,0.2,0.8,1.4,1.6,2020-21
Jaren Jackson,C,21,MEM,11,4,23.5,4.8,11.4,.424,1.5,5.5,.283,3.3,5.9,.554,.492,3.2,3.8,.833,1.5,4.1,5.6,1.1,1.1,1.6,1.4,3.8,14.4,2020-21
Tyus Jones,PG,24,MEM,70,9,17.5,2.5,5.9,.431,0.6,2.0,.321,1.9,3.9,.487,.485,0.6,0.6,.911,0.3,1.7,2.0,3.7,0.9,0.1,0.7,0.4,6.3,2020-21
John Konchar,SG,24,MEM,43,0,13.4,1.6,3.2,.500,0.5,1.3,.375,1.1,1.9,.585,.576,0.6,0.7,.833,0.8,2.2,3.0,1.1,0.7,0.2,0.4,0.9,4.3,2020-21
Sean McDermott,SF,24,MEM,18,0,8.8,0.7,1.8,.394,0.3,1.2,.227,0.4,0.6,.727,.470,0.4,0.4,1.000,0.3,0.7,1.1,0.2,0.1,0.2,0.2,0.4,2.2,2020-21
De'Anthony Melton,PG,22,MEM,52,1,20.1,3.3,7.6,.438,1.7,4.1,.412,1.6,3.5,.467,.548,0.8,1.0,.804,0.6,2.5,3.1,2.5,1.2,0.6,1.3,1.6,9.1,2020-21
Ja Morant,PG,21,MEM,63,63,32.6,6.8,15.2,.449,1.2,3.8,.303,5.7,11.4,.499,.487,4.3,5.9,.728,0.9,3.1,4.0,7.4,0.9,0.2,3.2,1.4,19.1,2020-21
Jontay Porter,PF,21,MEM,11,0,4.9,0.7,1.4,.533,0.3,0.7,.375,0.5,0.6,.714,.633,0.3,0.5,.600,0.4,0.9,1.3,0.1,0.3,0.1,0.6,1.1,2.0,2020-21
Killian Tillie,C,22,MEM,18,1,10.1,1.1,3.2,.333,0.6,1.8,.303,0.5,1.3,.375,.421,0.5,0.6,.818,0.3,1.0,1.3,0.4,0.3,0.4,0.1,1.1,3.2,2020-21
Xavier Tillman,PF,22,MEM,59,12,18.4,2.8,5.1,.559,0.4,1.1,.338,2.5,4.0,.620,.595,0.6,0.9,.642,1.3,3.1,4.3,1.3,0.7,0.6,0.8,2.0,6.6,2020-21
Jonas Valančiūnas,C,28,MEM,62,61,28.3,7.1,12.0,.592,0.3,0.9,.368,6.8,11.1,.611,.606,2.5,3.3,.773,4.1,8.4,12.5,1.8,0.6,0.9,1.6,2.9,17.1,2020-21
Justise Winslow,SF,24,MEM,26,1,19.5,2.8,8.1,.352,0.4,2.1,.185,2.5,6.0,.410,.376,0.8,1.3,.571,0.7,3.8,4.5,1.9,0.6,0.5,1.4,1.8,6.8,2020-21
Precious Achiuwa,PF,21,MIA,61,4,12.1,2.0,3.7,.544,0.0,0.0,.000,2.0,3.7,.546,.544,0.9,1.8,.509,1.2,2.2,3.4,0.5,0.3,0.5,0.7,1.5,5.0,2020-21
Bam Adebayo,C,23,MIA,64,64,33.5,7.1,12.5,.570,0.0,0.1,.250,7.1,12.4,.573,.571,4.4,5.5,.799,2.2,6.7,9.0,5.4,1.2,1.0,2.6,2.3,18.7,2020-21
Trevor Ariza,SF,35,MIA,30,27,28.0,3.3,8.0,.411,1.7,4.8,.350,1.6,3.3,.500,.515,1.1,1.5,.773,0.9,3.9,4.8,1.8,1.0,0.6,0.7,1.8,9.4,2020-21
Jimmy Butler,SF,31,MIA,52,52,33.6,7.0,14.2,.497,0.5,2.0,.245,6.6,12.2,.538,.514,6.9,8.0,.863,1.8,5.1,6.9,7.1,2.1,0.3,2.1,1.4,21.5,2020-21
Dewayne Dedmon,C,31,MIA,16,0,13.1,2.9,4.1,.708,0.1,0.3,.200,2.8,3.8,.750,.715,1.3,1.7,.741,1.8,3.6,5.4,0.8,0.6,0.4,0.8,2.3,7.1,2020-21
Goran Dragić,PG,34,MIA,50,11,26.7,4.8,11.1,.432,1.8,4.9,.373,3.0,6.2,.479,.514,2.0,2.4,.828,0.5,2.9,3.4,4.4,0.7,0.2,2.4,2.3,13.4,2020-21
Udonis Haslem,C,40,MIA,1,0,3.0,2.0,2.0,1.000,0.0,0.0,0,2.0,2.0,1.000,1.000,0.0,0.0,0,0.0,1.0,1.0,0.0,0.0,0.0,0.0,0.0,4.0,2020-21
Tyler Herro,SG,21,MIA,54,15,30.3,5.7,12.9,.439,2.0,5.5,.360,3.7,7.4,.498,.516,1.7,2.2,.803,0.5,4.5,5.0,3.4,0.6,0.3,1.9,1.3,15.1,2020-21
Andre Iguodala,SF,37,MIA,63,5,21.3,1.5,3.9,.383,1.0,2.9,.330,0.6,1.0,.530,.504,0.4,0.6,.658,0.6,2.9,3.5,2.3,0.9,0.6,1.1,1.4,4.4,2020-21
Meyers Leonard,C,28,MIA,3,2,9.7,1.0,2.3,.429,1.0,2.3,.429,0.0,0.0,0,.643,0.3,0.7,.500,0.0,2.3,2.3,0.7,0.0,0.0,0.7,1.7,3.3,2020-21
Kendrick Nunn,PG,25,MIA,56,44,29.5,5.7,11.8,.485,2.2,5.7,.381,3.5,6.0,.583,.578,1.0,1.1,.933,0.4,2.8,3.2,2.6,0.9,0.3,1.4,1.9,14.6,2020-21
KZ Okpala,PF,21,MIA,37,9,12.1,1.0,2.6,.375,0.3,1.4,.240,0.6,1.2,.522,.438,0.2,0.4,.533,0.6,1.3,1.8,0.5,0.3,0.3,0.4,1.6,2.5,2020-21
Duncan Robinson,SF,26,MIA,72,72,31.4,4.4,10.0,.439,3.5,8.5,.408,0.9,1.4,.625,.614,0.9,1.0,.827,0.1,3.4,3.5,1.8,0.6,0.3,1.1,2.5,13.1,2020-21
Max Strus,SF,24,MIA,39,0,13.0,2.2,4.8,.455,1.3,3.8,.338,0.9,1.0,.897,.588,0.4,0.6,.667,0.1,0.9,1.1,0.6,0.3,0.1,0.2,1.1,6.1,2020-21
Gabe Vincent,PG,24,MIA,50,7,13.1,1.8,4.7,.378,0.9,3.0,.309,0.8,1.7,.500,.476,0.4,0.5,.870,0.2,0.9,1.1,1.3,0.4,0.0,0.7,1.6,4.8,2020-21
Jaylen Adams,PG,24,MIL,7,0,2.6,0.1,1.1,.125,0.0,0.3,.000,0.1,0.9,.167,.125,0.0,0.0,0,0.0,0.4,0.4,0.3,0.0,0.0,0.0,0.1,0.3,2020-21
Giannis Antetokounmpo,PF,26,MIL,61,61,33.0,10.3,18.0,.569,1.1,3.6,.303,9.2,14.4,.636,.600,6.5,9.5,.685,1.6,9.4,11.0,5.9,1.2,1.2,3.4,2.8,28.1,2020-21
Thanasis Antetokounmpo,SF,28,MIL,57,3,9.7,1.2,2.4,.489,0.1,0.5,.241,1.1,1.9,.556,.515,0.4,0.9,.510,0.9,1.2,2.2,0.8,0.4,0.2,0.8,1.3,2.9,2020-21
Elijah Bryant,SG,25,MIL,1,0,32.0,6.0,13.0,.462,1.0,5.0,.200,5.0,8.0,.625,.500,3.0,3.0,1.000,2.0,4.0,6.0,3.0,0.0,1.0,4.0,4.0,16.0,2020-21
Pat Connaughton,SG,28,MIL,69,4,22.8,2.4,5.6,.434,1.5,3.9,.371,1.0,1.7,.583,.565,0.4,0.6,.775,0.9,3.9,4.8,1.2,0.7,0.3,0.5,1.4,6.8,2020-21
Mamadi Diakite,PF,24,MIL,14,1,10.1,1.1,2.9,.400,0.1,0.6,.125,1.1,2.3,.469,.413,0.8,1.0,.786,0.6,1.9,2.4,0.6,0.5,0.4,0.2,1.1,3.1,2020-21
Donte DiVincenzo,SG,24,MIL,66,66,27.5,3.8,9.1,.420,2.0,5.2,.379,1.8,3.9,.475,.528,0.8,1.1,.718,1.2,4.5,5.8,3.1,1.1,0.2,1.4,1.7,10.4,2020-21
Bryn Forbes,SG,27,MIL,70,10,19.3,3.6,7.6,.473,2.2,4.9,.452,1.4,2.7,.511,.618,0.7,0.9,.770,0.2,1.4,1.6,0.6,0.3,0.0,0.6,1.1,10.0,2020-21
Jrue Holiday,PG,30,MIL,59,56,32.3,7.0,13.9,.503,1.9,4.8,.392,5.1,9.2,.561,.570,1.8,2.3,.787,1.2,3.3,4.5,6.1,1.6,0.6,2.2,1.7,17.7,2020-21
Brook Lopez,C,32,MIL,70,70,27.2,4.6,9.1,.503,1.4,4.0,.338,3.2,5.1,.632,.577,1.7,2.0,.845,1.5,3.5,5.0,0.7,0.6,1.5,0.9,2.1,12.3,2020-21
Sam Merrill,SG,24,MIL,30,2,7.8,1.1,2.4,.444,0.7,1.6,.447,0.4,0.8,.440,.590,0.1,0.1,1.000,0.2,0.8,1.0,0.7,0.3,0.0,0.3,0.6,3.0,2020-21
Khris Middleton,SF,29,MIL,68,68,33.4,7.5,15.8,.476,2.2,5.4,.414,5.3,10.4,.508,.546,3.1,3.5,.898,0.8,5.2,6.0,5.4,1.1,0.1,2.6,2.4,20.4,2020-21
Jordan Nwora,SF,22,MIL,30,2,9.1,2.1,4.5,.459,0.9,2.1,.452,1.1,2.4,.466,.563,0.6,0.8,.760,0.3,1.7,2.0,0.2,0.5,0.2,0.8,0.7,5.7,2020-21
Bobby Portis,C,25,MIL,66,7,20.8,4.7,9.1,.523,1.1,2.4,.471,3.6,6.7,.542,.585,0.8,1.1,.740,1.9,5.2,7.1,1.1,0.8,0.4,0.8,1.7,11.4,2020-21
Axel Toupane,SF,28,MIL,8,1,7.6,0.5,1.4,.364,0.1,0.3,.500,0.4,1.1,.333,.409,0.6,0.9,.714,0.0,0.8,0.8,0.5,0.3,0.4,0.0,0.8,1.8,2020-21
Malik Beasley,SG,24,MIN,37,36,32.8,7.1,16.2,.440,3.5,8.7,.399,3.7,7.5,.487,.547,1.8,2.2,.850,0.8,3.6,4.4,2.4,0.8,0.2,1.6,1.7,19.6,2020-21
Jarrett Culver,SG,21,MIN,34,7,14.7,2.0,4.9,.411,0.4,1.6,.245,1.6,3.4,.487,.449,0.9,1.4,.604,1.0,2.1,3.1,0.7,0.5,0.3,0.8,1.7,5.3,2020-21
Ed Davis,C,31,MIN,23,7,13.0,0.8,1.9,.432,0.0,0.0,0,0.8,1.9,.432,.432,0.4,0.5,.833,2.0,3.0,5.0,0.9,0.6,0.6,0.3,2.4,2.1,2020-21
Anthony Edwards,SG,19,MIN,72,55,32.1,7.0,16.8,.417,2.4,7.2,.329,4.6,9.6,.483,.488,2.9,3.8,.776,0.8,3.8,4.7,2.9,1.1,0.5,2.2,1.8,19.3,2020-21
Ashton Hagans,PG,21,MIN,2,0,2.0,0.0,0.0,0,0.0,0.0,0,0.0,0.0,0,0,0.0,0.0,0,0.0,0.0,0.0,0.0,0.0,0.0,0.5,0.0,0.0,2020-21
Juan Hernangómez,PF,25,MIN,52,6,17.3,2.5,5.8,.435,1.1,3.2,.327,1.4,2.5,.573,.527,1.2,1.9,.619,0.9,3.1,3.9,0.7,0.4,0.1,0.5,1.0,7.2,2020-21
Jake Layman,SF,26,MIN,45,11,13.9,2.0,4.1,.495,0.5,1.7,.295,1.5,2.4,.642,.557,0.6,0.8,.703,0.3,1.2,1.5,0.6,0.6,0.4,0.6,1.0,5.1,2020-21
Jaden McDaniels,PF,20,MIN,63,27,24.0,2.6,5.8,.447,1.1,3.1,.364,1.5,2.7,.544,.545,0.4,0.7,.600,0.8,2.9,3.7,1.1,0.6,1.0,0.7,2.7,6.8,2020-21
Jordan McLaughlin,PG,24,MIN,51,2,18.4,2.0,4.7,.413,0.6,1.8,.359,1.3,2.9,.447,.481,0.5,0.6,.767,0.4,1.7,2.1,3.8,1.0,0.1,1.0,0.9,5.0,2020-21
Jaylen Nowell,SG,21,MIN,42,0,18.1,3.4,8.0,.424,1.2,3.6,.333,2.2,4.4,.497,.499,1.1,1.3,.818,0.5,1.8,2.3,1.5,0.5,0.3,0.7,1.7,9.0,2020-21
Josh Okogie,SG,22,MIN,59,37,20.3,1.7,4.3,.402,0.5,1.8,.269,1.2,2.5,.500,.459,1.4,1.8,.769,1.1,1.6,2.6,1.1,0.9,0.5,0.7,2.1,5.4,2020-21
Naz Reid,C,21,MIN,70,15,19.2,4.3,8.3,.523,0.9,2.5,.351,3.5,5.8,.597,.576,1.6,2.4,.693,1.2,3.4,4.6,1.0,0.5,1.1,1.0,2.6,11.2,2020-21
Ricky Rubio,PG,30,MIN,68,51,26.1,2.8,7.3,.388,1.0,3.1,.308,1.9,4.2,.447,.454,1.9,2.2,.867,0.4,2.9,3.3,6.4,1.4,0.1,1.6,2.0,8.6,2020-21
D'Angelo Russell,PG,24,MIN,42,26,28.5,6.7,15.5,.431,2.9,7.4,.387,3.8,8.1,.471,.523,2.7,3.5,.765,0.4,2.3,2.6,5.8,1.1,0.4,2.7,1.6,19.0,2020-21
Karl-Anthony Towns,C,25,MIN,50,50,33.8,8.5,17.5,.486,2.4,6.3,.387,6.1,11.2,.541,.555,5.3,6.2,.859,2.7,7.9,10.6,4.5,0.8,1.1,3.2,3.7,24.8,2020-21
Jarred Vanderbilt,PF,21,MIN,64,30,17.8,2.2,3.7,.606,0.0,0.1,.200,2.2,3.6,.615,.608,0.9,1.6,.559,1.8,3.9,5.8,1.2,1.0,0.7,0.8,1.9,5.4,2020-21
Steven Adams,C,27,NOP,58,58,27.7,3.3,5.3,.614,0.0,0.1,.000,3.3,5.3,.620,.614,1.0,2.3,.444,3.7,5.2,8.9,1.9,0.9,0.7,1.3,1.9,7.6,2020-21
Nickeil Alexander-Walker,SG,22,NOP,46,13,21.9,4.2,10.0,.419,1.7,4.8,.347,2.5,5.2,.485,.502,1.0,1.4,.727,0.3,2.8,3.1,2.2,1.0,0.5,1.5,1.9,11.0,2020-21
Lonzo Ball,PG,23,NOP,55,55,31.8,5.3,12.7,.414,3.1,8.3,.378,2.1,4.5,.482,.537,0.9,1.2,.781,0.6,4.2,4.8,5.7,1.5,0.6,2.2,1.9,14.6,2020-21
Eric Bledsoe,SG,31,NOP,71,70,29.7,4.3,10.3,.421,1.7,5.0,.341,2.6,5.3,.496,.503,1.9,2.7,.687,0.4,3.0,3.4,3.8,0.8,0.3,1.6,1.6,12.2,2020-21
Wenyen Gabriel,PF,23,NOP,21,0,11.5,1.1,2.9,.400,0.6,1.5,.406,0.5,1.3,.393,.508,0.5,0.8,.647,1.0,1.6,2.6,0.5,0.4,0.4,0.7,1.5,3.4,2020-21
Josh Hart,SF,25,NOP,47,4,28.7,3.2,7.3,.439,1.3,4.1,.326,1.9,3.2,.583,.531,1.5,1.9,.775,1.1,6.9,8.0,2.3,0.8,0.3,1.0,2.4,9.2,2020-21
Jaxson Hayes,C,20,NOP,60,3,16.1,2.9,4.7,.625,0.1,0.2,.429,2.8,4.4,.635,.636,1.6,2.0,.775,1.5,2.8,4.3,0.6,0.4,0.6,0.7,1.7,7.5,2020-21
Willy Hernangómez,C,26,NOP,47,12,18.0,3.2,5.7,.563,0.0,0.2,.100,3.2,5.5,.581,.565,1.3,2.0,.667,2.5,4.6,7.1,1.1,0.5,0.5,0.7,1.4,7.8,2020-21
Brandon Ingram,SF,23,NOP,61,61,34.3,8.4,18.0,.466,2.3,6.1,.381,6.1,11.9,.510,.531,4.6,5.2,.878,0.6,4.3,4.9,4.9,0.7,0.6,2.5,2.0,23.8,2020-21
Kira Lewis,PG,19,NOP,54,0,16.7,2.4,6.2,.386,0.7,2.2,.333,1.7,4.0,.415,.445,0.8,0.9,.843,0.2,1.1,1.3,2.3,0.7,0.2,0.6,1.6,6.4,2020-21
Didi Louzada,SF,21,NOP,3,0,18.7,1.0,4.3,.231,0.7,2.7,.250,0.3,1.7,.200,.308,0.0,0.0,0,0.3,0.7,1.0,1.0,0.7,0.0,1.0,1.7,2.7,2020-21
Will Magnay,C,22,NOP,1,0,3.0,0.0,1.0,.000,0.0,1.0,.000,0.0,0.0,0,.000,0.0,0.0,0,0.0,0.0,0.0,0.0,0.0,0.0,1.0,1.0,0.0,2020-21
Naji Marshall,SF,23,NOP,32,10,21.9,2.6,6.5,.392,0.9,2.6,.349,1.7,3.9,.421,.462,1.7,2.3,.707,0.5,4.2,4.6,2.8,0.8,0.3,1.2,1.8,7.7,2020-21
James Nunnally,SF,30,NOP,9,0,5.3,0.6,1.4,.385,0.4,1.3,.333,0.1,0.1,1.000,.538,0.1,0.2,.500,0.2,0.8,1.0,0.3,0.0,0.0,0.2,0.1,1.7,2020-21
Isaiah Thomas,PG,31,NOP,3,0,16.0,3.0,9.0,.333,1.0,4.0,.250,2.0,5.0,.400,.389,0.7,0.7,1.000,0.3,1.0,1.3,1.7,0.3,0.0,2.0,1.0,7.7,2020-21
Zion Williamson,PF,20,NOP,61,61,33.2,10.4,17.0,.611,0.2,0.6,.294,10.2,16.4,.622,.616,6.0,8.7,.698,2.7,4.5,7.2,3.7,0.9,0.6,2.7,2.2,27.0,2020-21
RJ Barrett,SG,20,NYK,72,72,34.9,6.5,14.7,.441,1.7,4.3,.401,4.8,10.4,.457,.499,2.9,3.8,.746,0.9,4.8,5.8,3.0,0.7,0.3,1.9,2.6,17.6,2020-21
Reggie Bullock,SF,29,NYK,65,64,30.0,3.8,8.6,.442,2.5,6.1,.410,1.3,2.5,.521,.587,0.8,0.8,.909,0.2,3.2,3.4,1.5,0.8,0.2,0.7,2.2,10.9,2020-21
Alec Burks,SG,29,NYK,49,5,25.6,4.3,10.2,.420,2.1,5.0,.415,2.2,5.2,.425,.522,2.1,2.4,.856,0.4,4.2,4.6,2.2,0.6,0.3,1.0,2.1,12.7,2020-21
Taj Gibson,PF,35,NYK,45,3,20.8,2.2,3.5,.627,0.1,0.3,.200,2.1,3.2,.671,.636,0.9,1.2,.727,2.2,3.4,5.6,0.8,0.7,1.1,0.5,2.2,5.4,2020-21
Jared Harper,PG,23,NYK,8,0,2.0,0.0,0.5,.000,0.0,0.1,.000,0.0,0.4,.000,.000,0.4,0.5,.750,0.0,0.3,0.3,0.1,0.0,0.0,0.4,0.1,0.4,2020-21
Kevin Knox,SF,21,NYK,42,0,11.0,1.3,3.4,.392,0.8,2.1,.393,0.5,1.3,.389,.514,0.4,0.5,.800,0.2,1.2,1.5,0.5,0.3,0.1,0.4,0.9,3.9,2020-21
Nerlens Noel,C,26,NYK,64,41,24.2,2.1,3.5,.614,0.0,0.0,.000,2.1,3.4,.623,.614,0.8,1.1,.714,2.2,4.2,6.4,0.7,1.1,2.2,1.0,2.8,5.1,2020-21
Frank Ntilikina,PG,22,NYK,33,4,9.8,0.9,2.4,.367,0.7,1.5,.479,0.2,0.9,.194,.513,0.2,0.5,.444,0.2,0.8,0.9,0.6,0.5,0.1,0.3,1.4,2.7,2020-21
Elfrid Payton,PG,26,NYK,63,63,23.6,4.3,9.9,.432,0.4,1.6,.286,3.8,8.3,.460,.455,1.2,1.7,.682,1.0,2.4,3.4,3.2,0.7,0.1,1.6,1.8,10.1,2020-21
Theo Pinson,SG,25,NYK,17,0,2.0,0.1,0.5,.111,0.0,0.5,.000,0.1,0.1,1.000,.111,0.0,0.0,0,0.0,0.3,0.3,0.1,0.0,0.0,0.1,0.2,0.1,2020-21
Immanuel Quickley,PG,21,NYK,64,3,19.4,3.6,9.1,.395,1.8,4.7,.389,1.7,4.3,.401,.497,2.4,2.7,.891,0.4,1.8,2.1,2.0,0.5,0.2,0.9,1.8,11.4,2020-21
Julius Randle,PF,26,NYK,71,71,37.6,8.5,18.6,.456,2.3,5.5,.411,6.2,13.1,.474,.516,4.9,6.0,.811,1.2,9.0,10.2,6.0,0.9,0.3,3.4,3.2,24.1,2020-21
Mitchell Robinson,C,22,NYK,31,29,27.5,3.7,5.7,.653,0.0,0.0,0,3.7,5.7,.653,.653,0.8,1.7,.491,3.6,4.5,8.1,0.5,1.1,1.5,0.8,2.8,8.3,2020-21
Obi Toppin,PF,22,NYK,62,0,11.0,1.7,3.4,.498,0.4,1.4,.306,1.3,2.0,.629,.560,0.3,0.4,.731,0.4,1.8,2.2,0.5,0.3,0.2,0.4,0.9,4.1,2020-21
Darius Bazley,PF,20,OKC,55,55,31.2,5.0,12.5,.396,1.5,5.2,.290,3.5,7.3,.470,.456,2.3,3.2,.702,0.9,6.3,7.2,1.8,0.5,0.5,2.2,1.1,13.7,2020-21
Charlie Brown,SG,23,OKC,9,1,16.9,1.4,4.8,.302,0.6,2.3,.238,0.9,2.4,.364,.360,1.0,1.1,.900,0.3,1.6,1.9,1.0,0.4,0.2,0.7,2.1,4.4,2020-21
Moses Brown,C,21,OKC,43,32,21.4,3.4,6.2,.545,0.0,0.0,0,3.4,6.2,.545,.545,1.8,2.9,.619,3.6,5.3,8.9,0.2,0.7,1.1,1.0,2.2,8.6,2020-21
Gabriel Deck,PF,25,OKC,10,0,21.2,3.2,6.7,.478,0.2,1.5,.133,3.0,5.2,.577,.493,1.8,2.2,.818,1.6,2.4,4.0,2.4,0.8,0.0,0.6,0.9,8.4,2020-21
Luguentz Dort,SG,21,OKC,52,52,29.7,4.8,12.3,.387,2.2,6.3,.343,2.6,6.0,.432,.475,2.3,3.2,.744,0.7,2.9,3.6,1.7,0.9,0.4,1.5,2.6,14.0,2020-21
Shai Gilgeous-Alexander,SG,22,OKC,35,35,33.7,8.2,16.1,.508,2.0,4.9,.418,6.2,11.3,.547,.571,5.3,6.5,.808,0.5,4.2,4.7,5.9,0.8,0.7,3.0,2.0,23.7,2020-21
Josh Hall,SF,20,OKC,21,1,16.0,1.4,4.7,.303,0.2,1.8,.108,1.2,3.0,.419,.323,1.0,2.1,.500,0.3,2.5,2.8,1.3,0.2,0.0,1.2,1.8,4.1,2020-21
Jaylen Hoard,SF,21,OKC,19,0,16.8,2.3,4.6,.500,0.0,0.6,.000,2.3,4.1,.571,.500,1.5,2.2,.683,1.1,2.3,3.4,1.3,0.7,0.3,0.9,1.0,6.1,2020-21
Al Horford,C,34,OKC,28,28,27.9,5.8,12.9,.450,2.0,5.4,.368,3.8,7.4,.510,.528,0.6,0.8,.818,1.0,5.7,6.7,3.4,0.9,0.9,1.0,1.7,14.2,2020-21
Ty Jerome,SG,23,OKC,33,1,23.9,3.9,8.7,.446,2.2,5.1,.423,1.7,3.6,.479,.570,0.8,1.0,.765,0.3,2.5,2.8,3.6,0.6,0.2,1.4,1.8,10.7,2020-21
Darius Miller,SF,30,OKC,18,0,10.9,1.2,2.7,.458,0.9,2.3,.405,0.3,0.3,.833,.635,0.7,0.7,1.000,0.1,1.2,1.3,1.2,0.7,0.3,0.4,0.7,4.1,2020-21
Mike Muscala,C,29,OKC,35,0,18.4,3.4,7.6,.446,1.9,5.3,.370,1.5,2.4,.614,.573,0.9,1.0,.917,0.5,3.2,3.8,0.8,0.2,0.3,0.6,1.5,9.7,2020-21
Aleksej Pokusevski,PF,19,OKC,45,28,24.2,3.1,9.1,.341,1.3,4.6,.280,1.8,4.5,.403,.412,0.7,0.9,.738,0.7,4.0,4.7,2.2,0.4,0.9,2.2,1.3,8.2,2020-21
Justin Robinson,PG,23,OKC,9,0,9.8,0.8,2.3,.333,0.4,1.6,.286,0.3,0.8,.429,.429,0.3,0.6,.600,0.1,0.7,0.8,1.0,0.3,0.0,0.2,1.1,2.3,2020-21
Isaiah Roby,PF,22,OKC,61,34,23.4,3.4,7.0,.483,0.5,1.8,.294,2.9,5.2,.547,.520,1.4,1.9,.744,1.5,4.1,5.6,1.8,0.9,0.6,1.9,2.7,8.7,2020-21
Kenrich Williams,PF,26,OKC,66,13,21.6,3.3,6.2,.533,0.8,1.8,.444,2.5,4.5,.568,.596,0.5,1.0,.571,1.3,2.9,4.1,2.3,0.8,0.3,1.2,2.2,8.0,2020-21
Cole Anthony,PG,20,ORL,47,34,27.1,4.7,11.7,.397,1.2,3.7,.337,3.4,8.1,.424,.449,2.3,2.8,.832,0.8,3.9,4.7,4.1,0.6,0.4,2.3,2.1,12.9,2020-21
Dwayne Bacon,SG,25,ORL,72,50,25.7,4.1,10.1,.402,0.8,2.9,.285,3.2,7.2,.449,.443,2.0,2.4,.824,0.4,2.7,3.1,1.3,0.6,0.1,0.6,1.4,10.9,2020-21
Mo Bamba,C,22,ORL,46,5,15.8,3.1,6.5,.472,0.8,2.6,.322,2.3,4.0,.568,.535,1.0,1.4,.682,1.7,4.1,5.8,0.8,0.3,1.3,0.8,1.9,8.0,2020-21
Jordan Bone,PG,23,ORL,14,0,14.0,1.6,3.9,.426,0.7,2.3,.313,0.9,1.6,.591,.519,0.0,0.0,0,0.3,1.4,1.7,1.3,0.1,0.0,0.2,0.8,4.0,2020-21
Devin Cannady,PG,24,ORL,8,0,9.3,1.4,3.5,.393,0.8,2.0,.375,0.6,1.5,.417,.500,0.8,0.9,.857,0.0,0.6,0.6,0.1,0.6,0.1,0.3,1.1,4.3,2020-21
Michael Carter-Williams,SG,29,ORL,31,25,25.8,3.4,8.7,.389,0.5,2.0,.246,2.9,6.7,.431,.417,1.6,2.6,.613,1.3,3.2,4.5,4.2,0.8,0.5,2.2,2.6,8.8,2020-21
James Ennis,SF,30,ORL,41,37,24.0,2.8,5.9,.473,1.1,2.5,.433,1.7,3.4,.504,.566,1.7,2.1,.805,1.0,3.0,4.0,1.5,0.8,0.2,0.9,2.0,8.4,2020-21
Robert Franks,PF,24,ORL,7,0,14.4,1.9,4.0,.464,0.7,2.1,.333,1.1,1.9,.615,.554,1.7,1.9,.923,0.9,1.1,2.0,0.7,0.4,0.4,0.3,1.1,6.1,2020-21
Markelle Fultz,PG,22,ORL,8,8,26.9,5.1,13.0,.394,0.5,2.0,.250,4.6,11.0,.420,.413,2.1,2.4,.895,0.6,2.5,3.1,5.4,1.0,0.3,2.3,2.3,12.9,2020-21
Donta Hall,PF,23,ORL,13,0,13.8,1.9,2.7,.714,0.0,0.0,0,1.9,2.7,.714,.714,1.8,2.6,.676,1.8,2.9,4.8,0.8,0.4,0.8,0.6,1.4,5.6,2020-21
Karim Mané,PG,20,ORL,10,0,8.8,0.3,1.3,.231,0.1,0.2,.500,0.2,1.1,.182,.269,0.4,0.5,.800,0.1,1.3,1.4,0.4,0.0,0.2,0.3,1.0,1.1,2020-21
Frank Mason III,PG,26,ORL,4,1,19.8,2.3,6.0,.375,0.5,1.3,.400,1.8,4.8,.368,.417,1.3,1.8,.714,0.8,2.3,3.0,3.0,0.0,0.0,1.3,1.8,6.3,2020-21
Chuma Okeke,PF,22,ORL,45,19,25.2,3.0,7.2,.417,1.1,3.1,.348,1.9,4.1,.470,.492,0.7,0.9,.750,0.9,3.1,4.0,2.2,1.1,0.5,0.8,1.1,7.8,2020-21
Chasson Randle,PG,27,ORL,41,5,20.4,2.2,5.8,.388,1.1,3.2,.338,1.2,2.6,.449,.481,0.9,1.2,.792,0.2,1.8,2.0,1.8,0.5,0.1,1.1,1.6,6.5,2020-21
Terrence Ross,SG,29,ORL,46,2,29.3,5.5,13.4,.412,1.9,5.7,.337,3.6,7.7,.469,.485,2.6,3.0,.870,0.3,3.1,3.4,2.3,1.0,0.5,1.6,1.9,15.6,2020-21
Seth Curry,SG,30,PHI,57,57,28.7,4.5,9.7,.467,2.2,4.9,.450,2.3,4.8,.485,.582,1.2,1.4,.896,0.2,2.2,2.4,2.7,0.8,0.1,1.1,1.7,12.5,2020-21
Joel Embiid,C,26,PHI,51,51,31.1,9.0,17.6,.513,1.1,3.0,.377,7.9,14.6,.541,.545,9.2,10.7,.859,2.2,8.4,10.6,2.8,1.0,1.4,3.1,2.4,28.5,2020-21
Terrance Ferguson,SG,22,PHI,13,0,3.8,0.1,0.5,.143,0.0,0.4,.000,0.1,0.2,.500,.143,0.0,0.0,0,0.0,0.1,0.1,0.2,0.1,0.0,0.3,0.5,0.2,2020-21
Danny Green,SF,33,PHI,69,69,28.0,3.2,7.9,.412,2.5,6.3,.405,0.7,1.6,.438,.573,0.4,0.6,.775,0.8,3.0,3.8,1.7,1.3,0.8,1.0,1.8,9.5,2020-21
Tobias Harris,PF,28,PHI,62,62,32.5,7.6,14.9,.512,1.3,3.4,.394,6.3,11.5,.546,.556,2.9,3.3,.892,1.0,5.8,6.8,3.5,0.9,0.8,1.7,1.9,19.5,2020-21
Dwight Howard,C,35,PHI,69,6,17.3,2.6,4.4,.587,0.1,0.3,.250,2.5,4.1,.611,.596,1.8,3.0,.576,2.8,5.7,8.4,0.9,0.4,0.9,1.6,2.9,7.0,2020-21
Isaiah Joe,SG,21,PHI,41,1,9.3,1.2,3.2,.361,1.0,2.6,.368,0.2,0.7,.333,.508,0.4,0.6,.750,0.1,0.7,0.9,0.5,0.3,0.1,0.3,0.8,3.7,2020-21
Furkan Korkmaz,SG,23,PHI,55,11,19.3,3.1,7.7,.401,1.8,4.9,.375,1.3,2.8,.445,.520,1.1,1.5,.732,0.3,1.7,2.1,1.5,0.9,0.2,0.8,1.2,9.1,2020-21
Dakota Mathias,SG,25,PHI,8,2,15.4,2.4,6.0,.396,1.0,3.3,.308,1.4,2.8,.500,.479,0.3,0.8,.333,0.1,0.8,0.9,1.6,0.1,0.4,0.1,0.9,6.0,2020-21
Tyrese Maxey,SG,20,PHI,61,8,15.3,3.2,7.0,.462,0.5,1.7,.301,2.7,5.3,.512,.498,1.0,1.1,.871,0.2,1.5,1.7,2.0,0.4,0.2,0.7,1.3,8.0,2020-21
Shake Milton,SG,24,PHI,63,4,23.2,4.8,10.6,.450,1.1,3.2,.350,3.6,7.4,.494,.503,2.3,2.8,.830,0.5,1.8,2.3,3.1,0.6,0.3,1.6,2.1,13.0,2020-21
Vincent Poirier,C,27,PHI,10,0,3.9,0.3,1.2,.250,0.0,0.1,.000,0.3,1.1,.273,.250,0.2,0.6,.333,0.6,0.8,1.4,0.2,0.0,0.3,0.4,0.8,0.8,2020-21
Paul Reed,PF,21,PHI,26,0,6.8,1.6,3.0,.538,0.0,0.2,.000,1.6,2.8,.583,.538,0.2,0.3,.500,1.2,1.2,2.3,0.5,0.4,0.5,0.5,1.1,3.4,2020-21
Mike Scott,PF,32,PHI,51,12,16.7,1.5,4.1,.360,1.0,3.0,.342,0.5,1.1,.411,.486,0.2,0.2,.667,0.2,2.1,2.4,0.8,0.5,0.3,0.4,1.4,4.2,2020-21
Ben Simmons,PG,24,PHI,58,58,32.4,5.6,10.1,.557,0.1,0.2,.300,5.6,9.9,.562,.560,3.0,4.9,.613,1.6,5.6,7.2,6.9,1.6,0.6,3.0,2.9,14.3,2020-21
Matisse Thybulle,SG,23,PHI,65,8,20.0,1.6,3.7,.420,0.7,2.2,.301,0.9,1.5,.590,.508,0.1,0.3,.444,0.5,1.4,1.9,1.0,1.6,1.1,0.5,2.0,3.9,2020-21
Anthony Tolliver,PF,35,PHI,11,0,9.0,0.4,1.5,.235,0.4,1.3,.286,0.0,0.3,.000,.353,0.5,0.5,.833,0.3,0.6,0.9,0.2,0.3,0.2,0.3,0.6,1.5,2020-21
Rayjon Tucker,PG,23,PHI,14,0,4.9,0.6,1.3,.500,0.1,0.5,.286,0.5,0.8,.636,.556,1.0,1.4,.737,0.1,0.7,0.8,0.4,0.1,0.0,0.3,0.6,2.4,2020-21
Ty-Shon Alexander,SG,22,PHO,15,0,3.1,0.2,0.8,.250,0.1,0.6,.222,0.1,0.2,.333,.333,0.1,0.1,.500,0.1,0.5,0.7,0.4,0.0,0.1,0.2,0.1,0.6,2020-21
Deandre Ayton,C,22,PHO,69,69,30.7,6.2,10.0,.626,0.1,0.3,.200,6.2,9.7,.639,.629,1.9,2.5,.769,3.3,7.2,10.5,1.4,0.6,1.2,1.5,2.8,14.4,2020-21
Devin Booker,SG,24,PHO,67,67,33.9,9.3,19.2,.484,1.9,5.5,.340,7.4,13.7,.543,.533,5.1,5.9,.867,0.5,3.7,4.2,4.3,0.8,0.2,3.1,2.7,25.6,2020-21
Mikal Bridges,SF,24,PHO,72,72,32.6,5.0,9.3,.543,1.9,4.4,.425,3.2,4.9,.647,.643,1.5,1.8,.840,1.1,3.2,4.3,2.1,1.1,0.9,0.8,1.6,13.5,2020-21
Jevon Carter,PG,25,PHO,60,1,12.0,1.6,3.7,.422,0.9,2.5,.371,0.6,1.2,.528,.547,0.1,0.1,.571,0.3,1.3,1.5,1.2,0.5,0.2,0.3,0.9,4.1,2020-21
Jae Crowder,PF,30,PHO,60,42,27.5,3.3,8.2,.404,2.5,6.3,.389,0.9,1.9,.455,.555,1.0,1.3,.760,0.5,4.2,4.7,2.1,0.8,0.5,0.9,2.1,10.1,2020-21
Langston Galloway,SG,29,PHO,40,0,11.0,1.7,3.7,.449,0.9,2.1,.424,0.8,1.6,.484,.571,0.6,0.6,.957,0.2,0.9,1.1,0.7,0.2,0.0,0.3,0.6,4.8,2020-21
Cameron Johnson,PF,24,PHO,60,11,24.0,3.4,8.1,.420,2.0,5.6,.349,1.4,2.5,.581,.541,0.8,1.0,.847,0.6,2.8,3.3,1.4,0.6,0.3,0.7,1.4,9.6,2020-21
Frank Kaminsky,C,27,PHO,47,13,15.2,2.6,5.5,.471,0.7,1.8,.365,1.9,3.7,.523,.531,0.8,1.3,.617,0.8,3.2,4.0,1.7,0.3,0.4,0.5,1.5,6.6,2020-21
E'Twaun Moore,SG,31,PHO,27,1,14.4,2.0,4.5,.455,0.4,1.3,.314,1.6,3.2,.512,.500,0.4,0.5,.857,0.5,1.1,1.7,1.5,0.6,0.2,0.9,1.2,4.9,2020-21
Abdel Nader,SF,27,PHO,24,0,14.8,2.4,4.8,.491,0.8,1.8,.419,1.6,3.0,.534,.569,1.2,1.5,.757,0.3,2.3,2.6,0.8,0.4,0.4,0.8,1.4,6.7,2020-21
Chris Paul,PG,35,PHO,70,70,31.4,6.3,12.6,.499,1.5,3.7,.395,4.8,8.9,.543,.557,2.4,2.6,.934,0.4,4.1,4.5,8.9,1.4,0.3,2.2,2.4,16.4,2020-21
Cameron Payne,PG,26,PHO,60,1,18.0,3.2,6.6,.484,1.2,2.8,.440,2.0,3.8,.515,.576,0.8,0.9,.893,0.3,2.1,2.4,3.6,0.6,0.3,1.0,1.6,8.4,2020-21
Dario Šarić,C,26,PHO,50,4,17.4,3.1,6.8,.447,0.9,2.7,.348,2.1,4.1,.512,.516,1.7,2.0,.848,0.9,2.9,3.8,1.3,0.6,0.1,1.1,1.9,8.7,2020-21
Jalen Smith,PF,20,PHO,27,1,5.8,0.8,1.9,.440,0.1,0.6,.235,0.7,1.2,.545,.480,0.2,0.3,.714,0.3,1.1,1.4,0.1,0.0,0.2,0.3,0.6,2.0,2020-21
Carmelo Anthony,PF,36,POR,69,3,24.5,4.7,11.3,.421,1.9,4.7,.409,2.8,6.6,.429,.506,2.0,2.2,.890,0.5,2.6,3.1,1.5,0.7,0.6,0.9,2.1,13.4,2020-21
Keljin Blevins,SF,25,POR,17,0,4.4,0.3,1.2,.250,0.1,0.5,.250,0.2,0.7,.250,.300,0.0,0.0,0,0.2,0.4,0.6,0.2,0.1,0.0,0.3,0.5,0.7,2020-21
Robert Covington,PF,30,POR,70,70,32.0,2.9,7.3,.401,1.9,5.1,.379,1.0,2.2,.451,.533,0.7,0.9,.806,0.9,5.8,6.7,1.7,1.4,1.2,0.9,2.8,8.5,2020-21
CJ Elleby,SF,20,POR,30,0,6.4,0.8,2.2,.379,0.2,1.1,.206,0.6,1.1,.563,.432,0.4,0.5,.733,0.4,0.7,1.1,0.3,0.2,0.1,0.2,0.9,2.3,2020-21
Harry Giles,C,22,POR,38,0,9.2,1.1,2.6,.433,0.2,0.6,.348,0.9,1.9,.459,.474,0.4,0.7,.593,0.8,2.7,3.5,0.8,0.2,0.3,0.5,1.4,2.8,2020-21
Rondae Hollis-Jefferson,PF,26,POR,11,1,9.7,0.8,1.6,.500,0.0,0.1,.000,0.8,1.5,.529,.500,0.8,1.5,.563,1.0,1.4,2.4,1.2,0.2,0.4,0.2,1.4,2.5,2020-21
Derrick Jones,SF,23,POR,58,43,22.7,2.5,5.2,.484,0.7,2.3,.316,1.8,2.9,.619,.554,1.0,1.6,.648,1.3,2.2,3.5,0.8,0.6,0.9,0.6,2.2,6.8,2020-21
Enes Kanter,C,28,POR,72,35,24.4,4.7,7.8,.604,0.0,0.1,.250,4.7,7.7,.607,.605,1.8,2.3,.774,3.9,7.1,11.0,1.2,0.5,0.7,1.1,2.3,11.2,2020-21
T.J. Leaf,PF,23,POR,7,0,5.0,0.7,1.4,.500,0.0,0.0,0,0.7,1.4,.500,.500,0.3,0.3,1.000,0.0,0.7,0.7,0.1,0.3,0.1,0.3,0.1,1.7,2020-21
Damian Lillard,PG,30,POR,67,67,35.8,9.0,19.9,.451,4.1,10.5,.391,4.9,9.4,.519,.554,6.7,7.2,.928,0.5,3.7,4.2,7.5,0.9,0.3,3.0,1.5,28.8,2020-21
Nassir Little,PF,20,POR,48,2,13.3,1.6,3.5,.467,0.6,1.7,.350,1.0,1.8,.575,.551,0.8,0.9,.800,0.7,2.0,2.7,0.5,0.1,0.3,0.4,1.1,4.6,2020-21
CJ McCollum,SG,29,POR,47,47,34.0,8.6,18.8,.458,3.6,8.9,.402,5.0,9.9,.509,.554,2.3,2.8,.812,0.6,3.3,3.9,4.7,0.9,0.4,1.4,1.9,23.1,2020-21
Jusuf Nurkić,C,26,POR,37,37,23.8,4.6,9.0,.514,0.3,0.8,.400,4.3,8.2,.525,.532,1.9,3.1,.619,2.3,6.6,9.0,3.4,1.0,1.1,2.0,2.8,11.5,2020-21
Anfernee Simons,SG,21,POR,64,0,17.3,2.6,6.3,.419,1.9,4.4,.426,0.8,1.9,.403,.569,0.7,0.9,.807,0.2,2.0,2.2,1.4,0.3,0.1,0.7,1.5,7.8,2020-21
Marvin Bagley III,PF,21,SAC,43,42,25.9,5.7,11.4,.504,0.9,2.5,.343,4.9,8.9,.550,.542,1.8,3.1,.575,2.5,4.9,7.4,1.0,0.5,0.5,1.4,2.3,14.1,2020-21
Harrison Barnes,PF,28,SAC,58,58,36.2,5.5,11.1,.497,1.7,4.4,.391,3.8,6.7,.567,.575,3.4,4.1,.830,1.1,5.5,6.6,3.5,0.7,0.2,1.6,1.3,16.1,2020-21
De'Aaron Fox,PG,23,SAC,58,58,35.1,9.1,19.1,.477,1.8,5.5,.322,7.3,13.6,.539,.523,5.2,7.2,.719,0.6,2.9,3.5,7.2,1.5,0.5,3.0,2.9,25.2,2020-21
Kyle Guy,PG,23,SAC,31,0,7.6,0.9,2.8,.330,0.4,1.5,.283,0.5,1.4,.381,.403,0.5,0.6,.800,0.2,1.0,1.1,1.0,0.2,0.0,0.4,0.6,2.8,2020-21
Tyrese Haliburton,PG,20,SAC,58,20,30.1,5.0,10.7,.472,2.1,5.1,.409,2.9,5.6,.529,.569,0.8,1.0,.857,0.7,2.3,3.0,5.3,1.3,0.5,1.6,1.4,13.0,2020-21
Buddy Hield,SG,28,SAC,71,71,34.3,5.7,14.0,.406,4.0,10.2,.391,1.7,3.8,.446,.548,1.2,1.5,.846,0.4,4.3,4.7,3.6,0.9,0.4,1.8,2.5,16.6,2020-21
Richaun Holmes,C,27,SAC,61,61,29.2,6.0,9.4,.637,0.0,0.2,.182,6.0,9.2,.645,.638,2.2,2.8,.794,2.4,5.9,8.3,1.7,0.6,1.6,1.2,3.5,14.2,2020-21
Justin James,SF,24,SAC,36,0,8.6,1.4,3.1,.468,0.4,1.1,.368,1.1,2.0,.521,.532,0.6,1.0,.583,0.3,0.6,0.8,0.6,0.2,0.1,0.4,0.6,3.9,2020-21
Louis King,SF,21,SAC,6,1,14.2,2.8,5.7,.500,0.7,1.8,.364,2.2,3.8,.565,.559,1.0,1.0,1.000,0.8,2.2,3.0,1.5,1.2,0.5,0.7,1.5,7.3,2020-21
Chimezie Metu,C,23,SAC,36,6,13.6,2.5,5.0,.508,0.4,1.0,.351,2.2,3.9,.549,.545,0.9,1.2,.721,0.9,2.3,3.1,0.8,0.4,0.5,0.8,1.6,6.3,2020-21
Jahmi'us Ramsey,SG,19,SAC,13,0,7.2,1.2,2.9,.395,0.4,1.5,.263,0.8,1.5,.526,.461,0.4,0.4,1.000,0.2,0.6,0.8,0.5,0.3,0.1,0.2,0.6,3.1,2020-21
Glenn Robinson III,SF,27,SAC,23,2,16.0,1.8,4.3,.424,0.7,1.9,.364,1.1,2.4,.473,.505,0.9,1.0,.913,0.5,1.5,2.0,0.9,0.2,0.1,0.5,1.0,5.3,2020-21
Hassan Whiteside,C,31,SAC,36,4,15.2,3.5,6.2,.563,0.0,0.0,.000,3.5,6.2,.565,.563,1.1,2.2,.519,1.7,4.3,6.0,0.6,0.3,1.3,1.1,2.0,8.1,2020-21
Robert Woodard,SF,21,SAC,13,0,3.5,0.6,1.5,.400,0.1,0.5,.167,0.5,1.1,.500,.425,0.2,0.6,.375,0.3,0.9,1.2,0.2,0.0,0.2,0.1,0.3,1.5,2020-21
Keita Bates-Diop,SF,25,SAS,30,0,8.2,1.0,2.2,.448,0.2,0.6,.294,0.8,1.7,.500,.485,0.5,0.7,.667,0.3,1.3,1.6,0.4,0.4,0.2,0.2,0.4,2.6,2020-21
DeMar DeRozan,PF,31,SAS,61,61,33.7,7.5,15.1,.495,0.3,1.2,.257,7.1,13.9,.515,.505,6.3,7.2,.880,0.7,3.6,4.2,6.9,0.9,0.2,2.0,2.1,21.6,2020-21
Drew Eubanks,C,23,SAS,54,3,14.0,2.1,3.8,.566,0.0,0.0,1.000,2.1,3.8,.562,.571,1.4,2.0,.726,1.4,3.1,4.5,0.8,0.3,0.9,0.8,1.6,5.8,2020-21
Rudy Gay,PF,34,SAS,63,1,21.6,4.2,10.0,.420,1.7,4.4,.381,2.5,5.6,.451,.505,1.3,1.6,.804,0.7,4.1,4.8,1.4,0.7,0.6,1.0,1.8,11.4,2020-21
Keldon Johnson,SF,21,SAS,69,67,28.5,4.9,10.2,.479,0.9,2.6,.331,4.0,7.6,.531,.522,2.1,2.8,.740,1.3,4.6,6.0,1.8,0.6,0.3,1.1,2.1,12.8,2020-21
Tre Jones,PG,21,SAS,37,1,7.3,1.0,2.1,.474,0.1,0.1,.600,0.9,2.0,.466,.494,0.5,0.5,.895,0.2,0.4,0.6,1.1,0.2,0.0,0.4,0.4,2.5,2020-21
Trey Lyles,PF,25,SAS,23,9,15.6,1.9,3.9,.478,0.6,1.7,.350,1.3,2.2,.580,.556,0.7,1.0,.652,0.4,3.3,3.7,0.6,0.3,0.0,0.3,0.6,5.0,2020-21
Patty Mills,PG,32,SAS,68,1,24.8,3.7,9.0,.412,2.4,6.3,.375,1.3,2.7,.500,.544,1.0,1.1,.910,0.3,1.4,1.7,2.4,0.6,0.0,1.0,1.2,10.8,2020-21
Dejounte Murray,PG,24,SAS,67,67,31.9,6.6,14.5,.453,0.9,3.0,.317,5.6,11.6,.488,.485,1.6,2.0,.791,0.9,6.2,7.1,5.4,1.5,0.1,1.7,2.0,15.7,2020-21
Jakob Poeltl,C,25,SAS,69,51,26.7,3.8,6.2,.616,0.0,0.0,0,3.8,6.2,.616,.616,0.9,1.8,.508,3.2,4.8,7.9,1.9,0.7,1.8,1.2,2.5,8.6,2020-21
Luka Šamanić,PF,21,SAS,33,4,9.3,1.4,3.2,.448,0.4,1.3,.279,1.1,1.9,.565,.505,0.5,0.9,.552,0.5,1.6,2.1,0.5,0.2,0.2,0.6,1.3,3.7,2020-21
Devin Vassell,SF,20,SAS,62,7,17.0,2.0,4.9,.406,0.8,2.4,.347,1.1,2.5,.464,.492,0.7,0.8,.843,0.4,2.4,2.8,0.9,0.7,0.3,0.4,1.4,5.5,2020-21
Lonnie Walker,SG,22,SAS,60,38,25.4,4.3,10.2,.420,1.7,4.7,.355,2.6,5.5,.477,.502,1.0,1.2,.814,0.2,2.4,2.6,1.7,0.5,0.3,1.1,1.7,11.2,2020-21
Quinndary Weatherspoon,SG,24,SAS,20,0,6.1,0.8,1.8,.457,0.1,0.3,.167,0.8,1.5,.517,.471,0.7,0.8,.813,0.2,0.4,0.6,0.4,0.4,0.1,0.5,0.9,2.3,2020-21
Derrick White,SG,26,SAS,36,32,29.6,5.2,12.6,.411,2.3,6.8,.346,2.8,5.8,.486,.503,2.7,3.2,.851,0.4,2.6,3.0,3.5,0.7,1.0,1.3,2.5,15.4,2020-21
OG Anunoby,SF,23,TOR,43,43,33.3,5.8,12.1,.480,2.4,6.1,.398,3.4,6.0,.562,.580,1.9,2.4,.784,1.3,4.3,5.5,2.2,1.5,0.7,1.7,2.7,15.9,2020-21
Aron Baynes,C,34,TOR,53,31,18.5,2.5,5.7,.441,0.5,1.9,.262,2.0,3.8,.532,.485,0.5,0.8,.707,1.6,3.5,5.2,0.9,0.3,0.4,0.9,2.2,6.1,2020-21
DeAndre' Bembry,SF,26,TOR,51,12,19.1,2.3,4.5,.513,0.3,1.0,.264,2.0,3.4,.589,.544,0.9,1.3,.682,0.6,2.2,2.9,2.1,1.0,0.4,1.4,1.7,5.7,2020-21
Chris Boucher,C,28,TOR,60,14,24.2,4.8,9.3,.514,1.5,3.9,.383,3.3,5.4,.609,.595,2.5,3.2,.788,2.0,4.8,6.7,1.1,0.6,1.9,0.8,2.8,13.6,2020-21
Henry Ellenson,PF,24,TOR,2,0,19.0,2.5,7.0,.357,1.0,4.5,.222,1.5,2.5,.600,.429,1.5,2.0,.750,1.5,4.5,6.0,2.5,0.0,0.0,0.0,3.5,7.5,2020-21
Malachi Flynn,PG,22,TOR,47,14,19.7,2.7,7.2,.374,1.1,3.6,.321,1.6,3.7,.424,.453,1.0,1.2,.804,0.2,2.3,2.5,2.9,0.8,0.1,0.9,1.4,7.5,2020-21
Freddie Gillespie,PF,23,TOR,20,2,19.6,2.2,4.2,.524,0.0,0.0,0,2.2,4.2,.524,.524,1.2,1.7,.697,2.1,2.8,4.9,0.5,0.7,1.0,0.6,2.2,5.6,2020-21
Jalen Harris,SG,22,TOR,13,2,13.2,2.8,5.5,.500,1.3,2.8,.472,1.5,2.8,.528,.618,0.5,0.7,.778,0.2,1.2,1.4,1.3,0.6,0.0,1.1,1.2,7.4,2020-21
Stanley Johnson,PF,24,TOR,61,13,16.5,1.5,3.8,.382,0.7,2.2,.328,0.7,1.6,.458,.479,0.7,0.9,.800,0.5,2.0,2.5,1.5,0.9,0.3,0.9,1.9,4.4,2020-21
Kyle Lowry,PG,34,TOR,46,46,34.8,5.7,13.0,.436,2.8,7.2,.396,2.8,5.8,.487,.546,3.0,3.5,.875,0.8,4.6,5.4,7.3,1.0,0.3,2.7,3.1,17.2,2020-21
Patrick McCaw,SF,25,TOR,5,0,6.6,0.2,0.2,1.000,0.0,0.0,0,0.2,0.2,1.000,1.000,0.6,0.6,1.000,0.2,0.4,0.6,0.8,0.4,0.0,0.0,1.2,1.0,2020-21
Pascal Siakam,PF,26,TOR,56,56,35.8,7.8,17.2,.455,1.3,4.4,.297,6.5,12.8,.509,.493,4.4,5.4,.827,1.7,5.5,7.2,4.5,1.1,0.7,2.3,3.1,21.4,2020-21
Fred VanVleet,SG,26,TOR,52,52,36.5,6.5,16.7,.389,3.3,9.2,.366,3.2,7.6,.416,.489,3.3,3.7,.885,0.6,3.6,4.2,6.3,1.7,0.7,1.8,2.3,19.6,2020-21
Yuta Watanabe,SF,26,TOR,50,4,14.5,1.6,3.6,.439,0.7,1.8,.400,0.9,1.8,.478,.539,0.5,0.6,.828,0.7,2.5,3.2,0.8,0.5,0.4,0.4,1.1,4.4,2020-21
Paul Watson,SF,26,TOR,27,2,11.0,1.4,3.0,.463,1.1,2.4,.469,0.3,0.7,.444,.646,0.2,0.3,.625,0.1,1.5,1.7,0.6,0.2,0.1,0.3,1.3,4.1,2020-21
Udoka Azubuike,C,21,UTA,15,0,3.8,0.3,0.6,.444,0.0,0.0,0,0.3,0.6,.444,.444,0.5,0.7,.800,0.3,0.6,0.9,0.0,0.1,0.3,0.2,0.6,1.1,2020-21
Jarrell Brantley,PF,24,UTA,28,0,4.9,0.9,1.9,.481,0.4,1.0,.429,0.5,0.9,.542,.596,0.1,0.1,1.000,0.3,0.6,1.0,0.5,0.3,0.1,0.3,0.6,2.3,2020-21
Jordan Clarkson,SG,28,UTA,68,1,26.7,6.7,15.8,.425,3.1,8.8,.347,3.7,7.0,.523,.522,1.9,2.1,.896,0.7,3.3,4.0,2.5,0.9,0.1,1.7,1.6,18.4,2020-21
Mike Conley,PG,33,UTA,51,51,29.4,5.6,12.5,.444,2.7,6.6,.412,2.9,6.0,.479,.552,2.4,2.8,.852,0.7,2.8,3.5,6.0,1.4,0.2,1.9,1.9,16.2,2020-21
Derrick Favors,C,29,UTA,68,0,15.3,2.3,3.6,.638,0.0,0.0,.000,2.3,3.5,.643,.638,0.9,1.2,.738,2.0,3.5,5.5,0.6,0.5,1.0,0.5,2.1,5.4,2020-21
Trent Forrest,PG,22,UTA,30,0,10.1,1.1,2.4,.451,0.2,0.9,.192,0.9,1.5,.600,.486,0.6,0.6,1.000,0.4,1.1,1.5,1.5,0.3,0.1,0.7,0.7,2.9,2020-21
Rudy Gobert,C,28,UTA,71,71,30.8,5.5,8.2,.675,0.0,0.1,.000,5.5,8.1,.680,.675,3.3,5.3,.623,3.4,10.1,13.5,1.3,0.6,2.7,1.7,2.3,14.3,2020-21
Elijah Hughes,SF,22,UTA,18,0,3.6,0.6,1.7,.333,0.4,1.3,.348,0.1,0.4,.286,.467,0.2,0.2,.750,0.1,0.4,0.5,0.3,0.1,0.1,0.3,0.1,1.7,2020-21
Joe Ingles,SF,33,UTA,67,30,27.9,4.1,8.4,.489,2.7,6.1,.451,1.4,2.3,.590,.652,1.1,1.3,.844,0.4,3.2,3.6,4.7,0.7,0.2,1.7,1.8,12.1,2020-21
Donovan Mitchell,PG,24,UTA,53,53,33.4,9.0,20.6,.438,3.4,8.7,.386,5.7,11.9,.476,.520,5.0,6.0,.845,0.9,3.5,4.4,5.2,1.0,0.3,2.8,2.2,26.4,2020-21
Juwan Morgan,PF,23,UTA,29,0,5.1,0.5,1.0,.467,0.1,0.4,.308,0.3,0.6,.588,.533,0.1,0.2,.429,0.3,0.7,1.0,0.3,0.1,0.0,0.1,0.7,1.2,2020-21
Georges Niang,PF,27,UTA,72,10,16.0,2.5,5.6,.437,1.7,4.1,.425,0.7,1.6,.469,.590,0.3,0.3,.957,0.4,2.1,2.4,0.8,0.3,0.1,0.7,1.6,6.9,2020-21
Royce O'Neale,SF,27,UTA,71,71,31.6,2.5,5.5,.444,1.5,3.9,.385,1.0,1.6,.586,.580,0.5,0.6,.848,1.2,5.6,6.8,2.5,0.8,0.5,1.2,2.6,7.0,2020-21
Miye Oni,SG,23,UTA,54,0,9.6,0.6,1.8,.354,0.6,1.6,.341,0.1,0.2,.455,.505,0.1,0.1,.833,0.4,1.1,1.6,0.5,0.2,0.1,0.3,1.1,1.9,2020-21
Deni Avdija,SF,20,WAS,54,32,23.3,2.4,5.8,.417,1.0,3.1,.315,1.4,2.7,.535,.502,0.5,0.8,.644,0.4,4.4,4.9,1.2,0.6,0.3,0.6,2.6,6.3,2020-21
Bradley Beal,SG,27,WAS,60,60,35.8,11.2,23.0,.485,2.2,6.2,.349,9.0,16.8,.535,.532,6.8,7.7,.889,1.2,3.5,4.7,4.4,1.2,0.4,3.1,2.3,31.3,2020-21
Isaac Bonga,SF,21,WAS,40,8,10.8,0.8,2.0,.370,0.3,1.2,.277,0.4,0.9,.500,.451,0.1,0.2,.625,0.5,1.2,1.7,0.6,0.3,0.2,0.6,1.6,2.0,2020-21
Thomas Bryant,C,23,WAS,10,10,27.1,5.9,9.1,.648,0.9,2.1,.429,5.0,7.0,.714,.698,1.6,2.4,.667,1.8,4.3,6.1,1.5,0.4,0.8,1.1,3.1,14.3,2020-21
Rui Hachimura,PF,22,WAS,57,57,31.5,5.4,11.4,.478,0.8,2.4,.328,4.6,9.0,.519,.513,2.2,2.8,.770,0.9,4.6,5.5,1.4,0.8,0.1,1.2,2.1,13.8,2020-21
Robin Lopez,C,32,WAS,71,9,19.1,3.8,6.0,.633,0.1,0.3,.278,3.7,5.7,.649,.639,1.4,1.9,.723,2.0,1.8,3.8,0.8,0.2,0.6,1.1,1.5,9.0,2020-21
Garrison Mathews,SG,24,WAS,64,24,16.2,1.5,3.7,.409,1.2,3.1,.384,0.3,0.6,.538,.570,1.3,1.5,.884,0.3,1.1,1.4,0.4,0.5,0.1,0.2,1.7,5.5,2020-21
Raul Neto,PG,28,WAS,64,22,21.9,3.3,7.0,.468,1.0,2.6,.390,2.3,4.4,.512,.539,1.2,1.3,.882,0.4,2.0,2.4,2.3,1.1,0.1,0.8,1.7,8.7,2020-21
Jerome Robinson,SG,23,WAS,17,6,17.9,1.6,5.6,.295,0.6,2.5,.262,1.0,3.1,.321,.353,0.9,1.2,.800,0.2,2.0,2.2,1.5,0.7,0.4,1.1,1.8,4.9,2020-21
Ish Smith,PG,32,WAS,44,1,21.0,2.9,6.8,.434,0.4,1.1,.367,2.5,5.6,.448,.465,0.4,0.8,.576,0.5,2.9,3.4,3.9,0.7,0.3,0.9,1.4,6.7,2020-21
Russell Westbrook,PG,32,WAS,65,65,36.4,8.4,19.0,.439,1.3,4.2,.315,7.0,14.8,.475,.474,4.2,6.4,.656,1.7,9.9,11.5,11.7,1.4,0.4,4.8,2.9,22.2,2020-21
Cassius Winston,PG,22,WAS,22,0,4.5,0.6,1.5,.424,0.4,0.8,.471,0.3,0.7,.375,.545,0.2,0.3,.833,0.0,0.4,0.4,0.5,0.1,0.0,0.2,0.4,1.9,2020-21
Aaron Gordon,PF,25,DEN,50,50,27.65,4.6,9.95,0.4623115577889447,1.2,3.55,0.3380281690140845,3.4,6.45,0.5271317829457364,0.5226130653266331,1.9,3.0,0.6333333333333333,1.55,4.15,5.65,3.2,0.6499999999999999,0.7,1.9500000000000002,1.8,12.399999999999999,2020-21
Al-Farouq Aminu,PF,30,CHI,23,14,18.88695652173913,1.6304347826086956,4.28695652173913,0.3803245436105477,0.34782608695652173,1.5913043478260869,0.2185792349726776,1.3086956521739128,2.695652173913043,0.4854838709677419,0.4208924949290061,0.7739130434782608,0.9478260869565217,0.8165137614678899,0.9652173913043477,3.834782608695652,4.826086956521739,1.334782608695652,0.817391304347826,0.3695652173913043,1.2391304347826086,1.2739130434782608,4.456521739130435,2020-21
Alex Len,C,27,TOR,64,42,15.2640625,2.659375,4.339062500000001,0.6128916096507021,0.1328125,0.365625,0.3632478632478633,2.5265625,3.984375,0.6341176470588235,0.628195894850558,1.1124999999999998,1.790625,0.6212914485165794,1.246875,2.846875,4.09375,0.75625,0.27812499999999996,0.9890625,0.8328125000000001,2.0234375,6.575,2020-21
Andre Drummond,C,27,CLE,46,46,27.028260869565216,6.15,12.415217391304346,0.49535983190334454,0.0,0.16304347826086954,0.0,6.15,12.252173913043478,0.5019517388218595,0.49535983190334454,2.6891304347826086,4.469565217391304,0.6016536964980544,3.5891304347826085,8.35,11.993478260869564,2.0521739130434784,1.3717391304347826,1.1086956521739129,2.652173913043478,3.2565217391304344,14.943478260869565,2020-21
Anthony Gill,PF,28,WAS,27,4,8.31111111111111,1.1555555555555554,2.2518518518518515,0.5131578947368421,0.28888888888888886,0.9037037037037037,0.31967213114754095,0.8666666666666666,1.348148148148148,0.6428571428571428,0.5773026315789473,0.48148148148148145,0.5777777777777777,0.8333333333333334,0.6148148148148147,1.2518518518518518,1.9629629629629628,0.4222222222222222,0.3851851851851852,0.1925925925925926,0.47407407407407404,1.037037037037037,2.985185185185185,2020-21
Austin Rivers,SG,28,DEN,36,7,23.458333333333336,2.925,6.775,0.43173431734317336,1.5083333333333333,4.158333333333333,0.36272545090180364,1.3583333333333334,2.675,0.5077881619937695,0.5430504305043049,0.625,0.8666666666666667,0.7211538461538461,0.2,2.041666666666667,2.2416666666666667,2.25,0.8500000000000001,0.04166666666666667,0.9583333333333334,1.75,7.883333333333334,2020-21
Avery Bradley,SG,30,HOU,27,6,22.296296296296298,2.344444444444444,6.348148148148148,0.36931155192532084,1.2222222222222223,3.7370370370370374,0.3270564915758176,1.1222222222222222,2.611111111111111,0.4297872340425532,0.4655775962660443,0.44814814814814813,0.5851851851851853,0.7658227848101264,0.32592592592592595,1.7888888888888888,2.1148148148148147,1.7148148148148148,0.7629629629629631,0.1,1.025925925925926,2.033333333333333,6.4222222222222225,2020-21
Ben McLemore,SG,27,HOU,53,5,17.077358490566038,2.5396226415094336,6.881132075471698,0.36907046887853023,1.818867924528302,5.279245283018868,0.34453180843459613,0.7207547169811321,1.6018867924528302,0.44994110718492347,0.5012338908692076,0.739622641509434,1.0,0.739622641509434,0.26037735849056604,1.581132075471698,1.9018867924528302,0.7415094339622641,0.40188679245283015,0.17924528301886794,0.820754716981132,1.679245283018868,7.637735849056604,2020-21
Blake Griffin,PF,31,BRK,46,30,25.76086956521739,3.817391304347826,8.952173913043477,0.4264205925206411,1.5478260869565217,4.447826086956521,0.3479960899315738,2.269565217391304,4.504347826086956,0.5038610038610039,0.51287032540068,1.917391304347826,2.534782608695652,0.7564322469982847,0.7956521739130434,4.165217391304347,4.9173913043478255,3.052173913043478,0.7,0.32608695652173914,1.373913043478261,2.4391304347826086,11.0,2020-21
Bojan Bogdanović,SF,31,UTA,89,73,26.57865168539326,4.759550561797752,10.966292134831463,0.4340163934426228,2.2325842696629215,5.6359550561797755,0.3961323763955343,2.546067415730337,5.330337078651686,0.4776559865092748,0.5358094262295081,2.646067415730337,3.050561797752809,0.8674033149171272,0.5617977528089887,2.9179775280898874,3.4797752808988758,1.5752808988764044,0.6,0.11910112359550562,1.551685393258427,1.6191011235955057,14.478651685393258,2020-21
Brad Wanamaker,PG,31,CHO,61,0,17.262295081967213,1.9245901639344263,4.868852459016394,0.39528619528619524,0.2278688524590164,1.419672131147541,0.16050808314087758,1.59672131147541,3.5131147540983605,0.45450303313112467,0.4186868686868686,1.4803278688524593,1.6163934426229507,0.915821501014199,0.30819672131147546,1.4278688524590164,1.736065573770492,2.8245901639344266,0.7360655737704918,0.2,1.116393442622951,1.544262295081967,5.49344262295082,2020-21
Brodric Thomas,SG,24,CLE,32,1,12.475,1.2,3.375,0.35555555555555557,0.475,1.8499999999999999,0.25675675675675674,0.7375,1.5250000000000001,0.48360655737704916,0.42592592592592593,0.95,1.45,0.6551724137931034,0.3,1.4125,1.7,0.9125,0.475,0.3,0.65,1.3,3.8999999999999995,2020-21
Cameron Reynolds,SF,25,HOU,5,0,8.0,1.18,3.62,0.3259668508287293,0.6000000000000001,2.4000000000000004,0.25,0.5800000000000001,1.22,0.47540983606557385,0.4088397790055249,0.0,0.0,0,0.4,0.6000000000000001,1.0,0.4,0.0,0.0,0.0,0.4,3.02,2020-21
Caris LeVert,SG,26,BRK,47,39,31.59787234042553,7.672340425531914,17.29574468085106,0.4435969984007873,1.8,5.523404255319148,0.3258859784283514,5.846808510638297,11.846808510638297,0.49353448275862066,0.49563291917825075,3.0936170212765957,3.842553191489362,0.8050941306755259,0.7255319148936169,3.872340425531915,4.523404255319148,5.180851063829787,1.3978723404255318,0.6489361702127658,2.2,2.2212765957446807,20.138297872340424,2020-21
Chandler Hutchison,SF,24,CHI,25,1,13.851999999999999,1.5639999999999998,4.112,0.3803501945525291,0.316,0.904,0.3495575221238938,1.248,3.2520000000000002,0.38376383763837635,0.4187743190661478,0.876,1.02,0.8588235294117647,0.244,2.8440000000000003,3.1159999999999997,0.672,0.46,0.216,0.772,1.3,4.276,2020-21
Chris Silva,PF,24,MIA,15,0,6.113333333333333,0.6666666666666666,1.0933333333333333,0.6097560975609756,0.07333333333333333,0.07333333333333333,1.0,0.5933333333333333,1.02,0.5816993464052287,0.6432926829268293,0.7333333333333333,1.0266666666666666,0.7142857142857143,0.43999999999999995,1.3066666666666666,1.8199999999999996,0.36666666666666664,0.07333333333333333,0.44666666666666666,0.6666666666666666,1.5866666666666664,2.1133333333333333,2020-21
Cory Joseph,PG,29,DET,63,13,22.977777777777778,3.163492063492064,6.7857142857142865,0.4661988304093567,0.7,2.0698412698412696,0.3381901840490798,2.433333333333333,4.6460317460317455,0.5237444482405194,0.5177777777777778,1.1317460317460317,1.4317460317460318,0.7904656319290465,0.5698412698412698,1.9714285714285715,2.571428571428571,3.4047619047619047,0.9904761904761905,0.29047619047619044,1.2412698412698413,2.2,8.228571428571428,2020-21
D.J. Augustin,PG,33,HOU,57,12,19.826315789473682,2.356140350877193,6.042105263157895,0.3899535423925668,1.4403508771929825,3.8157894736842106,0.3774712643678161,0.9157894736842105,2.2263157894736842,0.41134751773049644,0.5091463414634146,1.526315789473684,1.6614035087719299,0.918690601900739,0.3701754385964912,1.3456140350877193,1.6807017543859648,3.3157894736842106,0.4649122807017544,0.0,1.1456140350877193,1.0052631578947369,7.678947368421053,2020-21
D.J. Wilson,PF,24,HOU,35,1,12.414285714285715,1.957142857142857,4.782857142857143,0.4091995221027479,0.8657142857142857,2.4971428571428573,0.3466819221967963,1.0914285714285714,2.3514285714285714,0.4641555285540705,0.4997013142174432,0.4942857142857143,0.7257142857142858,0.6811023622047243,0.5628571428571428,2.588571428571429,3.217142857142857,0.6942857142857143,0.29714285714285715,0.43142857142857144,0.6285714285714286,1.2314285714285715,5.242857142857142,2020-21
DaQuan Jeffries,SG,23,HOU,31,5,15.91935483870968,1.5935483870967744,3.870967741935484,0.4116666666666667,0.6258064516129033,2.1870967741935488,0.2861356932153392,0.967741935483871,1.6838709677419357,0.5747126436781609,0.49250000000000005,0.2161290322580645,0.2741935483870968,0.7882352941176469,0.6258064516129033,1.6870967741935483,2.2709677419354843,0.6774193548387096,0.4838709677419355,0.3258064516129032,0.4419354838709678,1.5516129032258066,4.087096774193549,2020-21
Damian Jones,C,25,LAL,39,10,14.03846153846154,1.8025641025641026,2.612820512820513,0.689892051030422,0.043589743589743594,0.12307692307692308,0.3541666666666667,1.758974358974359,2.5256410256410255,0.6964467005076143,0.6982335623159961,1.0846153846153848,1.5102564102564104,0.7181663837011885,0.9076923076923077,2.1974358974358976,3.105128205128205,0.7384615384615384,0.2743589743589744,0.7641025641025642,0.658974358974359,1.9923076923076923,4.68974358974359,2020-21
Daniel Gafford,PF,22,CHI,54,11,14.657407407407408,2.837037037037037,4.162962962962963,0.6814946619217082,0.0,0.0,0,2.837037037037037,4.162962962962963,0.6814946619217082,0.6814946619217082,1.3685185185185187,1.9814814814814814,0.6906542056074767,1.740740740740741,2.5388888888888888,4.279629629629629,0.5,0.5277777777777777,1.3981481481481484,0.7425925925925927,1.7851851851851852,7.0,2020-21
Daniel Theis,C,28,BOS,65,51,24.676923076923078,3.8707692307692305,7.183076923076924,0.5388734204326407,0.7646153846153846,2.370769230769231,0.3225178455548345,3.1061538461538465,4.8476923076923075,0.6407489685814028,0.5920968087384877,1.1353846153846154,1.7061538461538461,0.6654643823264202,1.4415384615384617,4.070769230769232,5.447692307692308,1.6707692307692308,0.6353846153846154,0.8584615384615385,1.0353846153846153,2.581538461538462,9.676923076923078,2020-21
DeMarcus Cousins,C,30,HOU,41,11,17.351219512195122,3.2,7.424390243902439,0.43101182654402104,1.170731707317073,3.273170731707317,0.35767511177347244,2.029268292682927,4.190243902439024,0.4842840512223517,0.5098554533508541,1.4487804878048782,2.0097560975609756,0.7208737864077671,1.2780487804878047,5.11219512195122,6.390243902439024,1.8536585365853657,0.8,0.5829268292682928,1.6,2.6487804878048777,8.897560975609757,2020-21
Delon Wright,SG,28,DET,63,39,27.74285714285714,3.8428571428571425,8.185714285714285,0.4694589877835951,1.0285714285714285,2.757142857142857,0.37305699481865284,2.7714285714285714,5.5285714285714285,0.5012919896640827,0.5322862129144852,1.6142857142857143,1.9857142857142855,0.8129496402877698,1.0,3.242857142857143,4.299999999999999,4.3999999999999995,1.6,0.45714285714285713,1.3,1.2142857142857144,10.228571428571428,2020-21
Dennis Smith,PG,23,DET,23,9,18.256521739130434,2.526086956521739,6.343478260869565,0.3982179575051405,0.8695652173913043,2.5173913043478264,0.3454231433506044,1.743478260869565,3.8260869565217384,0.4556818181818182,0.46675805346127486,0.8304347826086955,1.1304347826086956,0.7346153846153846,0.5217391304347826,1.9173913043478261,2.439130434782609,3.347826086956522,1.0,0.608695652173913,1.1695652173913043,1.6478260869565216,6.739130434782608,2020-21
Derrick Rose,PG,32,DET,50,3,25.599999999999998,5.72,12.229999999999999,0.46770237121831565,1.04,2.5999999999999996,0.4000000000000001,4.75,9.629999999999999,0.49325025960539987,0.5102207686017989,2.17,2.53,0.857707509881423,0.39999999999999997,2.2,2.5999999999999996,4.2,0.99,0.37,1.5499999999999998,1.1,14.69,2020-21
Evan Fournier,SG,28,BOS,42,36,29.995238095238097,5.852380952380952,12.904761904761905,0.4535055350553505,2.8,6.704761904761905,0.41761363636363635,3.090476190476191,6.161904761904762,0.5015455950540959,0.5619926199261992,2.580952380952381,3.252380952380953,0.7935578330893118,0.23809523809523808,2.814285714285714,3.052380952380952,3.4714285714285715,1.1142857142857143,0.41428571428571426,1.7571428571428571,2.2904761904761903,17.147619047619045,2020-21
Gary Clark,SF,26,DEN,39,11,16.769230769230766,0.9871794871794873,3.3461538461538463,0.29501915708812265,0.8076923076923077,2.7820512820512824,0.29032258064516125,0.2692307692307692,0.6538461538461539,0.4117647058823529,0.4157088122605364,0.17948717948717952,0.2692307692307692,0.6666666666666669,0.8076923076923077,2.1410256410256405,2.948717948717949,0.8333333333333334,0.2948717948717949,0.17948717948717952,0.44871794871794873,0.9230769230769231,3.051282051282051,2020-21
Gary Harris,SG,26,DEN,39,38,27.728205128205126,3.5487179487179485,8.866666666666665,0.4002313475997687,1.2487179487179487,3.592307692307692,0.3476088508208423,2.3487179487179484,5.274358974358973,0.445308701993194,0.4706477732793523,1.6615384615384614,2.01025641025641,0.8265306122448979,0.5461538461538461,1.4923076923076923,2.0384615384615383,2.0076923076923077,0.7461538461538462,0.30256410256410254,0.9564102564102563,1.7974358974358973,9.956410256410255,2020-21
Gary Trent,SG,22,POR,58,38,31.093103448275862,5.534482758620689,13.562068965517241,0.40808543096872607,2.882758620689655,7.370689655172414,0.39111111111111113,2.6517241379310343,6.120689655172413,0.43323943661971837,0.5143656242054411,1.4293103448275861,1.7999999999999998,0.7940613026819924,0.4706896551724138,2.139655172413793,2.610344827586207,1.3706896551724137,0.9586206896551723,0.12931034482758622,0.7706896551724138,1.5586206896551724,15.351724137931033,2020-21
George Hill,PG,34,OKC,30,17,22.4,3.173333333333334,6.573333333333334,0.4827586206896552,1.0666666666666667,2.6599999999999997,0.4010025062656642,2.16,3.913333333333333,0.5519591141396935,0.563894523326572,1.3399999999999999,1.6933333333333334,0.7913385826771653,0.5466666666666666,1.5,2.046666666666667,2.46,0.7933333333333333,0.15333333333333335,1.06,1.06,8.706666666666667,2020-21
Gorgui Dieng,C,31,MEM,38,1,14.542105263157893,2.205263157894737,4.268421052631579,0.5166461159062885,0.7473684210526316,1.8631578947368421,0.4011299435028248,1.4578947368421051,2.447368421052632,0.5956989247311827,0.6041923551171393,1.5315789473684212,1.7894736842105263,0.8558823529411765,1.0894736842105264,2.6526315789473687,3.7,1.2578947368421052,0.7157894736842105,0.38947368421052636,0.831578947368421,1.4473684210526316,6.805263157894737,2020-21
Hamidou Diallo,SF,22,DET,52,9,23.60769230769231,4.346153846153846,9.06923076923077,0.47921967769296003,0.5538461538461539,1.6076923076923078,0.3444976076555024,3.792307692307692,7.461538461538462,0.5082474226804123,0.5097540288379981,2.4846153846153847,3.8307692307692305,0.6485943775100402,1.1615384615384616,4.115384615384616,5.276923076923078,1.9384615384615387,0.8076923076923077,0.47692307692307695,1.4615384615384617,2.6,11.630769230769232,2020-21
Ignas Brazdeikis,SF,22,NYK,13,0,19.200000000000003,2.707692307692308,6.415384615384616,0.42206235011990406,0.8615384615384616,2.1692307692307695,0.39716312056737585,1.8461538461538463,4.246153846153846,0.4347826086956522,0.4892086330935252,0.7692307692307693,1.076923076923077,0.7142857142857142,0.8923076923076924,2.646153846153846,3.446153846153846,1.3230769230769233,0.3076923076923077,0.24615384615384617,0.9538461538461539,1.7230769230769232,6.984615384615386,2020-21
Isaiah Hartenstein,C,22,CLE,46,2,12.160869565217391,2.060869565217391,3.7434782608695656,0.5505226480836235,0.034782608695652174,0.1391304347826087,0.25,2.026086956521739,3.6043478260869564,0.5621230398069964,0.5551684088269453,0.9782608695652173,1.5478260869565217,0.6320224719101123,1.4043478260869566,2.508695652173913,3.913043478260869,1.1956521739130435,0.43478260869565216,0.8739130434782608,0.9434782608695651,2.2782608695652176,5.1695652173913045,2020-21
J.J. Redick,SG,36,DAL,44,0,16.44318181818182,2.415909090909091,6.072727272727274,0.3978293413173652,1.481818181818182,4.027272727272727,0.36794582392776526,0.9340909090909091,2.0454545454545454,0.45666666666666667,0.5198353293413173,1.1454545454545455,1.175,0.9748549323017408,0.1,1.3636363636363638,1.4636363636363636,1.1522727272727273,0.27045454545454545,0.1,0.8,1.1409090909090909,7.429545454545455,2020-21
JaVale McGee,C,33,CLE,46,2,14.719565217391303,3.145652173913043,6.1326086956521735,0.5129386742289967,0.14347826086956522,0.5152173913043477,0.2784810126582279,3.002173913043478,5.589130434782609,0.5371450797355114,0.5246366536689117,0.9586956521739131,1.4739130434782608,0.6504424778761062,1.6565217391304348,3.5,5.228260869565217,0.858695652173913,0.4152173913043478,1.1717391304347826,1.3434782608695652,2.626086956521739,7.2934782608695645,2020-21
Jabari Parker,PF,25,BOS,13,0,12.692307692307693,2.3,4.223076923076923,0.5446265938069216,0.15384615384615385,0.8384615384615385,0.1834862385321101,2.1461538461538465,3.3846153846153846,0.6340909090909093,0.5628415300546448,0.7692307692307693,1.0,0.7692307692307693,0.7615384615384616,2.4692307692307693,3.2307692307692313,0.8384615384615385,0.07692307692307693,0.3769230769230769,0.7692307692307692,0.9923076923076924,5.546153846153847,2020-21
James Harden,PG,31,BRK,44,43,36.54545454545455,7.745454545454546,16.654545454545456,0.4650655021834061,2.7727272727272734,7.609090909090909,0.36439665471923544,5.054545454545455,9.127272727272729,0.5537848605577689,0.5483078602620087,6.3545454545454545,7.336363636363636,0.8661710037174721,0.7636363636363638,7.118181818181819,7.881818181818183,10.80909090909091,1.2272727272727273,0.8000000000000002,4.054545454545455,2.290909090909091,24.63636363636364,2020-21
James Johnson,PF,33,DAL,51,12,20.462745098039214,2.86078431372549,6.423529411764706,0.4453601953601953,0.5862745098039215,2.3588235294117648,0.24854530340814626,2.2745098039215685,4.02156862745098,0.5655777669429547,0.4909951159951159,0.9019607843137254,1.4745098039215687,0.6117021276595743,0.6294117647058823,2.845098039215686,3.4745098039215687,1.9156862745098038,0.8,0.8431372549019608,1.072549019607843,2.345098039215686,7.209803921568628,2020-21
Jarrett Allen,C,22,BRK,63,45,29.614285714285714,4.752380952380952,7.666666666666666,0.6198757763975156,0.08095238095238096,0.3238095238095238,0.25,4.671428571428572,7.3428571428571425,0.6361867704280156,0.6251552795031056,3.2333333333333334,4.614285714285714,0.7007223942208463,3.119047619047619,6.895238095238096,9.995238095238095,1.7,0.519047619047619,1.438095238095238,1.5571428571428574,1.5571428571428574,12.819047619047618,2020-21
Javonte Green,SG,27,BOS,41,2,11.536585365853657,1.326829268292683,2.448780487804878,0.5418326693227092,0.26097560975609757,0.7439024390243902,0.35081967213114756,1.0658536585365854,1.7658536585365852,0.6035911602209946,0.5951195219123507,0.7219512195121951,0.9658536585365853,0.7474747474747475,0.6439024390243903,1.104878048780488,1.748780487804878,0.4,0.6609756097560975,0.17804878048780487,0.4609756097560976,1.104878048780488,3.575609756097561,2020-21
Jeff Teague,PG,32,BOS,55,7,17.26,2.2236363636363636,5.156363636363636,0.43124118476727785,0.6854545454545455,1.4472727272727273,0.4736180904522614,1.5763636363636362,3.670909090909091,0.4294205052005943,0.4977080394922426,1.6145454545454547,1.9145454545454546,0.8433048433048433,0.26181818181818184,1.3236363636363635,1.6236363636363635,2.367272727272727,0.6472727272727273,0.2,1.1381818181818182,1.0327272727272727,6.785454545454545,2020-21
Jordan Bell,C,26,GSW,63,8,24.553968253968254,3.187301587301587,7.949206349206349,0.4009584664536741,2.7142857142857144,6.817460317460317,0.39813736903376024,0.47301587301587306,1.1317460317460317,0.41795231416549794,0.571685303514377,1.6444444444444444,1.8412698412698414,0.893103448275862,0.3825396825396825,2.6222222222222222,3.0047619047619047,0.9253968253968254,0.5904761904761904,0.26031746031746034,0.6063492063492063,2.2825396825396824,10.642857142857142,2020-21
Justin Jackson,SF,25,MIL,34,3,16.985294117647058,2.611764705882353,6.476470588235294,0.4032697547683924,1.0294117647058822,3.4764705882352938,0.2961082910321489,1.5823529411764705,3.097058823529412,0.5109211775878442,0.4827429609445958,0.9029411764705882,1.1264705882352941,0.8015665796344648,0.4470588235294118,1.7676470588235293,2.3117647058823527,1.4852941176470587,0.4852941176470588,0.09705882352941177,0.9029411764705882,0.9029411764705882,7.252941176470588,2020-21
Kelly Olynyk,PF,29,HOU,70,62,28.520000000000003,4.841428571428572,9.934285714285714,0.4873454127121082,1.8000000000000003,5.275714285714286,0.3411860276198213,3.041428571428572,4.720000000000001,0.6443704600484261,0.5779407535231522,2.0500000000000003,2.4814285714285713,0.8261370178468626,1.2314285714285715,5.732857142857143,6.9871428571428575,2.8714285714285714,1.092857142857143,0.6000000000000001,1.8014285714285716,2.9771428571428573,13.471428571428572,2020-21
Khem Birch,C,28,ORL,67,22,22.80597014925373,2.8507462686567164,5.704477611940298,0.49973835688121404,0.2134328358208955,0.7402985074626867,0.2883064516129032,2.6373134328358208,4.892537313432836,0.5390482001220256,0.5184458398744113,1.3567164179104476,1.9417910447761193,0.6986933128362798,2.5701492537313433,3.1671641791044776,5.808955223880597,1.326865671641791,0.7283582089552239,0.7701492537313432,0.6701492537313433,1.6835820895522386,7.171641791044776,2020-21
LaMarcus Aldridge,C,35,BRK,26,23,25.91923076923077,5.403846153846154,11.376923076923077,0.47498309668695066,1.203846153846154,3.1000000000000005,0.3883374689826303,4.2,8.276923076923076,0.5074349442379184,0.5278904665314402,1.5961538461538463,1.8384615384615386,0.8682008368200836,0.7230769230769232,3.8346153846153848,4.5576923076923075,1.873076923076923,0.43846153846153846,1.1500000000000001,1.0769230769230769,1.7961538461538462,13.526923076923076,2020-21
Lou Williams,PG,34,ATL,66,4,21.57272727272727,4.009090909090909,9.763636363636364,0.4106145251396648,1.0636363636363637,2.618181818181818,0.40625000000000006,2.9454545454545458,7.181818181818182,0.4101265822784811,0.4650837988826816,2.3181818181818183,2.618181818181818,0.8854166666666667,0.36363636363636365,1.7363636363636363,2.1,3.4,0.6818181818181819,0.1,1.6727272727272728,0.9272727272727272,11.336363636363636,2020-21
Luke Kornet,C,25,BOS,31,2,11.206451612903226,1.396774193548387,3.261290322580645,0.42828882294757664,0.5,1.9161290322580646,0.2609427609427609,0.896774193548387,1.3451612903225807,0.6666666666666666,0.5049455984174085,0.14193548387096777,0.18387096774193548,0.7719298245614037,0.4483870967741935,1.7387096774193551,2.1870967741935483,0.7645161290322582,0.14193548387096777,1.0225806451612902,0.2161290322580645,0.6806451612903227,3.3935483870967746,2020-21
Mason Jones,SG,22,HOU,32,1,10.43125,1.6125000000000003,3.85625,0.41815235008103735,0.76875,2.0875,0.36826347305389223,0.8625,1.7687499999999998,0.48763250883392234,0.5178282009724473,1.2062500000000003,2.0125,0.5993788819875777,0.25625,1.5000000000000002,1.75625,1.3125,0.2,0.0,0.93125,0.70625,5.21875,2020-21
Matt Thomas,SG,26,TOR,45,0,7.2733333333333325,1.1111111111111112,2.822222222222222,0.3937007874015749,0.6155555555555555,1.8111111111111111,0.3398773006134969,0.5111111111111111,1.0533333333333332,0.48523206751054854,0.502755905511811,0.2422222222222222,0.3422222222222222,0.7077922077922078,0.14222222222222222,0.8266666666666667,0.9688888888888888,0.3844444444444444,0.1,0.0,0.28444444444444444,0.4,3.08,2020-21
Maurice Harkless,SF,27,MIA,37,23,20.85675675675676,1.9054054054054055,4.4324324324324325,0.4298780487804878,0.6405405405405405,2.264864864864865,0.2828162291169451,1.264864864864865,2.1675675675675676,0.5835411471321696,0.5021341463414635,0.9135135135135136,1.183783783783784,0.771689497716895,0.34054054054054056,2.054054054054054,2.3945945945945946,1.162162162162162,0.8324324324324326,0.5405405405405406,0.581081081081081,2.354054054054054,5.264864864864865,2020-21
Mfiondu Kabengele,PF,23,CLE,39,0,7.176923076923076,0.8512820512820514,2.3025641025641024,0.36971046770601346,0.3641025641025641,1.2923076923076924,0.28174603174603174,0.4871794871794872,1.0102564102564102,0.4822335025380711,0.4487750556792874,0.40512820512820513,0.5461538461538462,0.7417840375586854,0.28717948717948716,1.2564102564102564,1.5435897435897437,0.4461538461538462,0.2230769230769231,0.3051282051282051,0.4230769230769231,0.9230769230769231,2.471794871794872,2020-21
Moritz Wagner,C,23,BOS,45,24,16.04888888888889,2.3244444444444445,5.12,0.4539930555555556,0.6844444444444444,2.0377777777777775,0.3358778625954199,1.6400000000000001,3.057777777777778,0.5363372093023256,0.5208333333333334,1.5444444444444445,1.94,0.7961053837342498,0.5822222222222222,2.6466666666666665,3.228888888888889,1.1311111111111112,0.5977777777777777,0.38222222222222224,0.9377777777777778,2.4155555555555557,6.873333333333333,2020-21
Nemanja Bjelica,PF,32,MIA,37,3,16.097297297297295,2.4324324324324325,5.324324324324325,0.45685279187817257,0.7594594594594595,2.2891891891891896,0.33175914994096806,1.672972972972973,2.964864864864865,0.5642661804922515,0.5281725888324873,0.991891891891892,1.3621621621621622,0.7281746031746031,0.7810810810810812,2.6324324324324326,3.4135135135135135,1.8702702702702703,0.3891891891891892,0.15945945945945947,0.9216216216216218,1.8000000000000003,6.545945945945947,2020-21
Nicolò Melli,PF,30,DAL,45,4,12.584444444444443,1.0066666666666666,3.16,0.3185654008438818,0.5044444444444445,1.9044444444444442,0.26487747957993,0.5533333333333333,1.2555555555555555,0.4407079646017699,0.39838255977496484,0.4533333333333333,0.5555555555555556,0.816,0.6022222222222222,2.051111111111111,2.702222222222222,0.9466666666666667,0.2977777777777778,0.05111111111111111,0.24888888888888888,1.2999999999999998,3.022222222222222,2020-21
Nikola Vučević,C,30,CHI,70,70,33.542857142857144,9.491428571428573,19.931428571428572,0.476204128440367,2.5514285714285716,6.24,0.4088827838827839,7.039999999999999,13.654285714285715,0.5155890353630466,0.5402092889908257,1.8771428571428572,2.24,0.8380102040816326,2.111428571428571,9.614285714285714,11.688571428571429,3.837142857142857,0.9628571428571429,0.6742857142857143,1.8257142857142856,1.9485714285714288,23.385714285714286,2020-21
Norman Powell,SF,27,POR,69,58,31.96521739130435,6.3478260869565215,13.304347826086957,0.4771241830065359,2.4869565217391303,6.008695652173914,0.41389290882778573,3.860869565217391,7.295652173913044,0.5292014302741358,0.5705882352941176,3.4391304347826086,3.9391304347826086,0.8730684326710817,0.6565217391304348,2.4608695652173913,3.1173913043478265,1.839130434782609,1.1782608695652175,0.27826086956521745,1.7217391304347829,2.3,18.582608695652176,2020-21
Norvel Pelle,C,27,BRK,13,0,6.469230769230769,0.6461538461538461,1.1615384615384616,0.5562913907284767,0.0,0.0,0,0.6461538461538461,1.1615384615384616,0.5562913907284767,0.5562913907284767,0.30000000000000004,0.4461538461538462,0.6724137931034483,0.4461538461538462,0.9923076923076923,1.4384615384615385,0.14615384615384616,0.06923076923076923,0.7153846153846153,0.23076923076923078,1.0461538461538462,1.523076923076923,2020-21
Otto Porter,SF,27,CHI,28,6,21.642857142857146,3.5357142857142856,8.121428571428572,0.43535620052770446,1.3714285714285714,3.7142857142857144,0.3692307692307692,2.075,4.4071428571428575,0.4708265802269044,0.5197889182058048,1.2535714285714286,1.5214285714285716,0.8239436619718309,0.9821428571428573,4.432142857142858,5.414285714285715,1.967857142857143,0.5857142857142857,0.1785714285714286,0.8928571428571429,1.4785714285714286,9.696428571428573,2020-21
P.J. Tucker,PF,35,HOU,52,33,26.115384615384617,1.2692307692307694,3.4076923076923076,0.37246049661399555,0.7615384615384615,2.3153846153846156,0.32890365448504977,0.5461538461538462,1.1307692307692307,0.4829931972789116,0.4841986455981942,0.4461538461538462,0.5461538461538462,0.8169014084507041,0.9615384615384617,2.9461538461538463,3.907692307692308,1.1692307692307693,0.7461538461538462,0.4076923076923077,0.7692307692307693,2.376923076923077,3.707692307692308,2020-21
Quinn Cook,PG,27,CLE,23,0,6.852173913043478,1.2869565217391306,2.9391304347826086,0.43786982248520717,0.4826086956521739,1.134782608695652,0.4252873563218391,0.7652173913043478,1.8043478260869565,0.42409638554216866,0.5199704142011835,0.33043478260869563,0.33043478260869563,1.0,0.09130434782608696,0.6347826086956522,0.7260869565217392,0.7869565217391304,0.19130434782608696,0.06956521739130435,0.32173913043478264,0.4043478260869566,3.317391304347826,2020-21
R.J. Hampton,PG,19,DEN,51,1,17.405882352941177,2.6823529411764704,6.12156862745098,0.4381806534272902,0.5058823529411764,1.7196078431372548,0.2941847206385405,2.1254901960784314,4.4529411764705875,0.4773227653016293,0.4795003203074952,1.1137254901960785,1.6215686274509804,0.686819830713422,0.5529411764705882,2.925490196078431,3.5294117647058822,1.72156862745098,0.40392156862745093,0.20196078431372547,1.011764705882353,1.2058823529411764,6.984313725490195,2020-21
Rajon Rondo,PG,34,ATL,45,3,17.1,2.08,4.779999999999999,0.43514644351464443,0.8,1.98,0.4040404040404041,1.32,2.8,0.4714285714285715,0.5188284518828452,0.32000000000000006,0.38000000000000006,0.8421052631578948,0.38000000000000006,2.0599999999999996,2.4400000000000004,4.42,0.8200000000000001,0.1,1.7200000000000002,1.1800000000000002,5.38,2020-21
Rodions Kurucs,PF,22,BRK,21,0,5.942857142857143,0.5476190476190477,1.519047619047619,0.36050156739811917,0.29523809523809524,1.019047619047619,0.28971962616822433,0.2523809523809524,0.5,0.5047619047619047,0.4576802507836991,0.14761904761904762,0.2,0.738095238095238,0.24761904761904763,0.8476190476190476,1.0952380952380953,0.49523809523809526,0.40476190476190477,0.20952380952380956,0.6095238095238096,0.7428571428571429,1.4857142857142855,2020-21
Rodney Hood,SF,28,POR,55,5,17.12181818181818,1.6836363636363636,4.743636363636363,0.35492525871981606,0.6381818181818182,2.045454545454546,0.31199999999999994,1.1145454545454545,2.6981818181818182,0.4130727762803234,0.4221924108853968,0.4163636363636364,0.48545454545454547,0.8576779026217228,0.4381818181818182,1.4309090909090907,1.8690909090909091,0.9527272727272728,0.4072727272727273,0.13090909090909092,0.6454545454545455,1.3836363636363638,4.452727272727273,2020-21
Shaquille Harrison,SG,27,DEN,34,0,9.8,0.8,2.3,0.3478260869565218,0.1,0.45,0.22222222222222224,0.7,1.85,0.37837837837837834,0.36956521739130443,0.55,0.65,0.8461538461538461,0.2,1.25,1.4,0.7,0.5,0.15,0.35,1.0,2.15,2020-21
Sindarius Thornwell,SG,26,NOP,21,1,10.333333333333334,0.7,2.2,0.3181818181818181,0.3333333333333333,1.0666666666666667,0.3125,0.39999999999999997,1.1333333333333333,0.3529411764705882,0.39393939393939387,0.19999999999999998,0.36666666666666664,0.5454545454545454,0.16666666666666666,0.7333333333333333,0.8999999999999999,0.9999999999999999,0.6333333333333333,0.1,0.3333333333333333,0.7,1.9333333333333331,2020-21
Sviatoslav Mykhailiuk,SF,23,DET,66,14,20.054545454545455,3.1181818181818177,7.654545454545454,0.4073634204275534,1.6,4.799999999999999,0.3333333333333334,1.5727272727272725,2.9,0.5423197492163009,0.5118764845605701,0.609090909090909,0.7545454545454545,0.8072289156626505,0.34545454545454546,2.118181818181818,2.509090909090909,1.690909090909091,0.8,0.2,1.3272727272727272,0.9454545454545454,8.445454545454545,2020-21
Taurean Prince,PF,26,BRK,41,10,22.09024390243902,3.2073170731707314,7.968292682926828,0.40250994796449346,1.524390243902439,3.807317073170731,0.4003843689942345,1.6829268292682926,4.2317073170731705,0.3976945244956772,0.49816345270890733,1.5756097560975608,1.8756097560975609,0.8400520156046813,0.48292682926829267,2.9829268292682922,3.4365853658536585,1.873170731707317,0.7,0.5585365853658536,1.1121951219512196,1.870731707317073,9.514634146341463,2020-21
Terence Davis,SG,23,SAC,61,4,17.598360655737704,3.219672131147541,7.4836065573770485,0.43023001095290253,1.6098360655737705,4.39672131147541,0.36614466815809094,1.6098360655737705,3.086885245901639,0.5215082315454063,0.5377875136911282,0.7655737704918033,0.8983606557377048,0.8521897810218979,0.3442622950819672,2.2311475409836063,2.5196721311475407,1.3655737704918032,0.721311475409836,0.2442622950819672,1.0770491803278688,1.5770491803278688,8.759016393442623,2020-21
Tony Bradley,C,23,OKC,107,57,23.037383177570092,3.352336448598131,7.551401869158878,0.4439356435643565,0.9719626168224299,2.9551401869158873,0.32890575585072745,2.380373831775701,4.616822429906542,0.515587044534413,0.5082920792079209,1.3345794392523365,1.7990654205607477,0.7418181818181818,1.0485981308411214,3.200934579439252,4.170093457943925,2.4794392523364484,0.6850467289719626,0.41682242990654206,1.6392523364485982,1.7242990654205606,8.95233644859813,2020-21
Torrey Craig,SF,30,MIL,50,8,16.064,2.1519999999999997,4.584,0.46945898778359507,0.784,2.096,0.37404580152671757,1.432,2.388,0.5996649916247906,0.5549738219895287,0.356,0.42,0.8476190476190476,1.148,2.7880000000000003,3.936,0.964,0.5640000000000001,0.528,0.492,1.62,5.508000000000001,2020-21
Troy Brown,SF,21,CHI,34,0,15.420588235294115,1.8294117647058825,4.2,0.43557422969187676,0.6617647058823529,2.0470588235294116,0.3232758620689655,1.1676470588235295,2.152941176470588,0.5423497267759564,0.5143557422969188,0.46176470588235297,0.6235294117647059,0.7405660377358491,0.5764705882352941,2.514705882352941,3.091176470588235,0.861764705882353,0.2529411764705882,0.2,0.6470588235294118,1.438235294117647,4.758823529411764,2020-21
Tyler Cook,PF,23,BRK,32,1,13.6625,2.1375,3.25,0.6576923076923078,0.0,0.08750000000000001,0.0,2.1375,3.1625,0.6758893280632411,0.6576923076923078,0.525,1.1375,0.46153846153846156,0.9125,2.1375,2.9499999999999997,0.5,0.2625,0.08750000000000001,0.6499999999999999,1.1125,4.875,2020-21
Victor Oladipo,SG,28,HOU,33,33,32.75454545454545,7.148484848484848,17.493939393939392,0.4086263641087823,2.4,7.287878787878789,0.3293139293139293,4.748484848484848,10.206060606060605,0.46526128266033256,0.47722154858825566,3.181818181818182,4.209090909090909,0.7559395248380131,0.3666666666666667,4.533333333333333,4.887878787878788,4.6,1.4090909090909092,0.4181818181818182,2.5454545454545454,2.503030303030303,19.757575757575754,2020-21
Wendell Carter,C,21,CHI,54,44,25.492592592592594,4.244444444444444,8.47037037037037,0.5010931351114997,0.29999999999999993,0.9444444444444444,0.31764705882352934,4.003703703703703,7.525925925925925,0.5319881889763779,0.5188019239177962,2.437037037037037,3.337037037037037,0.730299667036626,2.4444444444444446,5.762962962962963,8.207407407407407,1.9555555555555557,0.6814814814814815,0.8,1.4185185185185185,2.7148148148148143,11.225925925925925,2020-21
Wesley Iwundu,SF,26,DAL,41,4,13.114634146341464,0.7878048780487805,2.5195121951219512,0.31268151016456924,0.1,1.0,0.1,0.6878048780487805,1.5195121951219512,0.45264847512038525,0.33252662149080353,0.6317073170731708,0.7317073170731707,0.8633333333333335,0.3878048780487805,1.875609756097561,2.207317073170732,0.4,0.3560975609756098,0.1,0.47560975609756095,1.1878048780487807,2.4073170731707316,2020-21
Yogi Ferrell,PG,27,CLE,10,0,13.600000000000001,2.0,5.7,0.3508771929824561,0.9400000000000002,2.82,0.3333333333333334,1.1400000000000001,2.8800000000000003,0.3958333333333333,0.43333333333333335,0.7200000000000001,0.9200000000000002,0.7826086956521738,0.54,1.44,1.9000000000000004,2.18,0.7000000000000001,0.33999999999999997,0.30000000000000004,1.12,5.58,2020-21
